seed,rho,a_seed,eta,gamma,init_rho,valid_obj,valid_prob,test_obj,test_prob,time,valid_cover,test_cover,valid_in,test_in,avg_val
0,1,0,0.1,1,1,-0.5598400226636236,0.0,-0.5386898532657328,0.0,0.002464754,0.0,0.0,-0.5598400226636236,-0.5386898532657328,-0.863996509576996
