seed,rho,a_seed,eta,gamma,init_rho,valid_obj,valid_prob,test_obj,test_prob,time,valid_cover,test_cover,valid_in,test_in,avg_val
10,1,10,0.1,1,1,-0.4904252807770202,0.0,-0.5780144797467873,0.0,0.002411294,0.0,0.0,-0.4904252807770202,-0.5780144797467873,-0.839427840177338
