seed,rho,a_seed,eta,gamma,init_rho,valid_obj,valid_prob,test_obj,test_prob,time,valid_cover,test_cover,valid_in,test_in,avg_val
20,1,20,0.1,1,1,-0.5501682936566723,0.0,-0.4492299300895417,0.002,0.002327914,0.0,0.0,-0.5501682936566723,-0.4492299300895417,-0.8111754520715795
