seed,rho,a_seed,eta,gamma,init_rho,valid_obj,valid_prob,test_obj,test_prob,time,valid_cover,test_cover,valid_in,test_in,avg_val
30,1,30,0.1,1,1,-0.4752079166482253,0.0,-0.5228809286344388,0.0,0.002490155,0.0,0.0,-0.4752079166482253,-0.5228809286344388,-0.8273788605284056
