seed,rho,a_seed,eta,gamma,init_rho,valid_obj,valid_prob,test_obj,test_prob,time,valid_cover,test_cover,valid_in,test_in,avg_val
80,1,80,0.1,1,1,-0.537672268409039,0.0,-0.551006245245558,0.0,0.002517694,0.0,0.0,-0.537672268409039,-0.551006245245558,-0.8229638456317805
