seed,rho,a_seed,eta,gamma,init_rho,valid_obj,valid_prob,test_obj,test_prob,time,valid_cover,test_cover,valid_in,test_in,valid_avg,avg_val,valid_cvar,test_cvar
30,1,30,0.2,1,1,-0.6821111964069471,0.0025,-0.6554957487881872,0.0,0.002313789,0.0,0.0,0.0021350685484012107,0.0015367138924114955,-0.8729328508080272,-0.863491613091981,-0.5967362931123589,-0.5582682537719762
