seed,rho,a_seed,eta,gamma,init_rho,valid_obj,valid_prob,test_obj,test_prob,time,valid_cover,test_cover,valid_in,test_in,valid_avg,avg_val,valid_cvar,test_cvar
50,1,50,0.2,1,1,-0.6931073279017889,0.0,-0.6808354504027303,0.0,0.002066748,0.0,0.0,0.0024379974510208386,0.0027181736788380725,-0.8597213934132489,-0.8619386081767983,-0.6197630571935255,-0.5995429196931206
