seed,rho,a_seed,eta,gamma,init_rho,valid_obj,valid_prob,test_obj,test_prob,time,valid_cover,test_cover,valid_in,test_in,valid_avg,avg_val,valid_cvar,test_cvar
60,1,60,0.2,1,1,-0.6747825129050498,0.0,-0.6864554914431135,0.0,0.002088798,0.0,0.0,0.0025409130180084573,0.0029826174008917715,-0.8314496539875111,-0.838960251324396,-0.6207327289112652,-0.6318832610134737
