seed,rho,a_seed,eta,gamma,init_rho,valid_obj,valid_prob,test_obj,test_prob,time,valid_cover,test_cover,valid_in,test_in,valid_avg,avg_val,valid_cvar,test_cvar
90,1,90,0.2,1,1,-0.6611028703043029,0.0,-0.6300557999083448,0.0,0.002384718,0.0,0.0,0.010332329689445413,0.010332329689442891,-0.8499082834108925,-0.8464339191196056,-0.5391908421326144,-0.5449853994405452
