seed,rho,a_seed,eta,gamma,init_rho,valid_obj,valid_prob,test_obj,test_prob,time,valid_cover,test_cover,valid_in,test_in,valid_avg,avg_val,valid_cvar,test_cvar
10,1,10,0.15,1,1,-0.5857773970542202,0.0025,-0.5512911507175762,0.003,0.000465201,0.0,0.0,0.06123125356079814,0.0612312535607991,-0.8221867397892855,-0.8172722188140321,-0.41151981107891633,-0.4135849906189381
