seed,rho,a_seed,eta,gamma,init_rho,valid_obj,valid_prob,test_obj,test_prob,time,valid_cover,test_cover,valid_in,test_in,valid_avg,avg_val,valid_cvar,test_cvar
20,1,20,0.15,1,1,-0.5710146794253984,0.0,-0.5589241925853429,0.001,0.000407021,0.0,0.0,0.06654261584374176,0.06654261584374765,-0.8088902836467591,-0.8070852010418236,-0.4097307403174014,-0.4195470035729977
