seed,rho,a_seed,eta,gamma,init_rho,valid_obj,valid_prob,test_obj,test_prob,time,valid_cover,test_cover,valid_in,test_in,avg_val,valid_cvar,test_cvar
30,1,30,0.15,1,1,-0.5556904446905172,0.0025,-0.5712755862074138,0.0,0.000367471,0.0,0.0,0.05218656035032513,0.05218656035032471,-0.8617589410237024,-0.3855450034473268,-0.4293504128731413
