seed,rho,a_seed,eta,gamma,init_rho,valid_obj,valid_prob,test_obj,test_prob,time,valid_cover,test_cover,valid_in,test_in,valid_avg,avg_val,valid_cvar,test_cvar
30,1,30,0.15,1,1,-0.5091800319695052,0.0,-0.524125496164761,0.004,0.000386441,0.0,0.0,0.054595086962424356,0.054595086962428055,-0.7889951921494205,-0.801238840833166,-0.39064569202719873,-0.3629323440920646
