seed,rho,a_seed,eta,gamma,init_rho,valid_obj,valid_prob,test_obj,test_prob,time,valid_cover,test_cover,valid_in,test_in,valid_avg,avg_val,valid_cvar,test_cvar
50,1,50,0.15,1,1,-0.5348711118845568,0.0075,-0.5176105298791027,0.004,0.000358541,0.0,0.0,0.05927594933942666,0.05927594933942757,-0.7806215791745278,-0.77084394633468,-0.34017026635175196,-0.35199865507336864
