seed,rho,a_seed,eta,gamma,init_rho,valid_obj,valid_prob,test_obj,test_prob,time,valid_cover,test_cover,valid_in,test_in,valid_avg,avg_val,valid_cvar,test_cvar
60,1,60,0.15,1,1,-0.5788214453315241,0.0025,-0.5514833541613836,0.001,0.000358841,0.0,0.0,0.06078842091112273,0.06078842091112639,-0.8277605109104558,-0.8189267849468832,-0.4380174086956411,-0.4312879103826538
