seed,rho,a_seed,eta,gamma,init_rho,valid_obj,valid_prob,test_obj,test_prob,time,valid_cover,test_cover,valid_in,test_in,avg_val,valid_cvar,test_cvar
80,1,80,0.15,1,1,-0.5531024307896073,0.0,-0.5619327683201355,0.002,0.00038122,0.0,0.0,0.06013713803659513,0.06013713803659554,-0.861659207540966,-0.4154237528911033,-0.4125077216993484
