seed,rho,a_seed,eta,gamma,init_rho,valid_obj,valid_prob,test_obj,test_prob,time,valid_cover,test_cover,valid_in,test_in,valid_avg,avg_val,valid_cvar,test_cvar
40,1,40,0.12,1,1,-0.5676488806568349,0.0,-0.5558198117124652,0.006,0.000410599,0.0,0.0,0.00871097007058479,0.007630169014238025,-0.8179854205429828,-0.8171399972022197,-0.44400754550739896,-0.37301766612979764
