seed,rho,a_seed,eta,gamma,init_rho,valid_obj,valid_prob,test_obj,test_prob,time,valid_cover,test_cover,valid_in,test_in,valid_avg,avg_val,valid_cvar,test_cvar
70,1,70,0.12,1,1,-0.6110883284648166,0.0,-0.6593521121196748,0.002,0.00044442,0.0,0.0,0.03281493021603595,0.0321923724486346,-0.7952699034309894,-0.8231049977160393,-0.4716859841375154,-0.5027002525428571
