seed,rho,a_seed,eta,gamma,init_rho,valid_obj,valid_prob,test_obj,test_prob,time,valid_cover,test_cover,valid_in,test_in,avg_val
0,1,0,0.12,1,1,-0.5443447270221337,0.0,-0.5557559268353071,0.0,0.002415335,0.0,0.0,-0.5632484451809778,-0.5731411138498477,-0.86100279598264
