seed,rho,a_seed,eta,gamma,init_rho,valid_obj,valid_prob,test_obj,test_prob,time,valid_cover,test_cover,valid_in,test_in,avg_val
20,1,20,0.12,1,1,-0.5303409490661641,0.0,-0.4615089975800157,0.002,0.002182134,0.0,0.0,-0.550853224671291,-0.4872227027186704,-0.8384584450982934
