seed,rho,a_seed,eta,gamma,init_rho,valid_obj,valid_prob,test_obj,test_prob,time,valid_cover,test_cover,valid_in,test_in,avg_val
60,1,60,0.12,1,1,-0.5248676791145144,0.0,-0.5563855321554105,0.0,0.002558885,0.0,0.0,-0.5418227274644697,-0.5719376461414422,-0.8084379281996141
