seed,rho,a_seed,eta,gamma,init_rho,valid_obj,valid_prob,test_obj,test_prob,time,valid_cover,test_cover,valid_in,test_in,avg_val
90,1,90,0.12,1,1,-0.5937755886183692,0.0,-0.5872339807491908,0.0,0.002212604,0.0,0.0,-0.6113245819061636,-0.6038995699713612,-0.8493818497715141
