seed,rho,a_seed,eta,gamma,init_rho,valid_obj,valid_prob,test_obj,test_prob,time,valid_cover,test_cover,valid_in,test_in,valid_avg,avg_val,valid_cvar,test_cvar
10,1,10,0.2,1,1,-0.5267533712089718,0.0,-0.5020652561357475,0.0,0.000757313,0.0,0.0,0.064707904628278,0.06470790462827682,-0.8326518157505077,-0.8328915678575907,-0.3841891305269254,-0.3745896548994418
