seed,rho,a_seed,eta,gamma,init_rho,valid_obj,valid_prob,test_obj,test_prob,time,valid_cover,test_cover,valid_in,test_in,valid_avg,avg_val,valid_cvar,test_cvar
20,1,20,0.2,1,1,-0.5166680923198421,0.0,-0.49217280952945497,0.002,0.000757687,0.0,0.0,0.06417719600048714,0.06417719600048383,-0.8179524062602485,-0.7933710074359196,-0.3636912893702316,-0.34468184410849095
