seed,rho,a_seed,eta,gamma,init_rho,valid_obj,valid_prob,test_obj,test_prob,time,valid_cover,test_cover,valid_in,test_in,valid_avg,avg_val,valid_cvar,test_cvar
30,1,30,0.2,1,1,-0.5388598409159013,0.0,-0.5073888317897853,0.004,0.000794923,0.0,0.0,0.053549553862637336,0.05354955386262928,-0.8389472882819362,-0.8188060530590643,-0.4048458840278602,-0.35931054476774515
