seed,rho,a_seed,eta,gamma,init_rho,valid_obj,valid_prob,test_obj,test_prob,time,valid_cover,test_cover,valid_in,test_in,avg_val
30,1,30,0.15,1,1,-0.3015026779354146,0.0,-0.32631640501760245,0.001,0.000401603,0.0,0.0,-0.3684981479769424,-0.3932667086680539,-0.8192061619497459
