seed,rho,a_seed,eta,gamma,init_rho,valid_obj,valid_prob,test_obj,test_prob,time,valid_cover,test_cover,valid_in,test_in,avg_val
80,1,80,0.15,1,1,-0.333734046323464,0.0,-0.3280412607497187,0.002,0.000426822,0.0,0.0,-0.3980275563318857,-0.3963853374253908,-0.807630633811485
