seed,a_seed,nonrob_prob,nonrob_obj,scenario_probs,scenario_obj
20,20,1.0,-428.22022027153173,0.8496599540717187,-391.87101622744825
