seed,rho,a_seed,eta,gamma,init_rho,valid_obj,valid_prob,test_obj,test_prob,time,valid_cover,test_cover,valid_in,test_in,valid_avg,avg_val,valid_cvar,test_cvar
30,1,30,0.3,1,1,-0.7093949135327939,0.0,-0.7004060287330327,0.0,0.002213495,0.0,0.0,0.01607646669379376,0.016076466693788465,-0.8477122890498401,-0.8339559980164842,-0.5757095028483687,-0.5875312488504654
