seed,rho,a_seed,eta,gamma,init_rho,valid_obj,valid_prob,test_obj,test_prob,time,valid_cover,test_cover,valid_in,test_in,valid_avg,avg_val,valid_cvar,test_cvar
80,1,80,0.3,1,1,-0.6904151787784837,0.0,-0.7232420856143142,0.0,0.002341026,0.0,0.0,0.024948204204140078,0.02494820420414023,-0.8469439496973655,-0.8495207206720811,-0.5960955278538332,-0.6556556231117261
