seed,rho,a_seed,eta,gamma,init_rho,valid_obj,valid_prob,test_obj,test_prob,time,valid_cover,test_cover,valid_in,test_in,valid_avg,avg_val,valid_cvar,test_cvar
0,1,0,0.05,1,1,-0.6865290073816355,0.0,-0.6738452892304594,0.0,0.002419616,0.0,0.0,0.011350666777679647,0.012258078488504917,-0.8587502380815758,-0.8541413552303083,-0.6097535840252655,-0.604052754095448
