seed,rho,a_seed,eta,gamma,init_rho,valid_obj,valid_prob,test_obj,test_prob,time,valid_cover,test_cover,valid_in,test_in,valid_avg,avg_val,valid_cvar,test_cvar
90,1,90,0.05,1,1,-0.68260973835535,0.0,-0.6813061655820299,0.0,0.002171465,0.0,0.0,0.01885198403399738,0.018684850497016035,-0.8356152175182439,-0.8386674915387216,-0.6181989711775767,-0.6193853227459999
