outer_iter,context_val,seed,alpha,eps,test_lcx_prob,test_lcx_obj,valid_lcx_prob,valid_lcx_obj,time,in_val,test_avg,valid_avg
18,13,0,0.1,0.1,0.0,-0.40162570456618135,0.0,-0.5519893708704156,6278.434047222137,0.32280539234678923,-0.8550355711078647,-0.7815838023751561
