outer_iter,context_val,seed,alpha,eps,test_lcx_prob,test_lcx_obj,valid_lcx_prob,valid_lcx_obj,time,in_val,test_avg,valid_avg
13,15,0,0.1,0.1,0.0,-0.2588208112306592,0.0,-0.3772383531034545,5736.535579204559,0.309450837068132,-0.8748362030877613,-0.8251161373464627
