outer_iter,context_val,seed,alpha,eps,test_lcx_prob,test_lcx_obj,valid_lcx_prob,valid_lcx_obj,time,in_val,test_avg,valid_avg
28,0,10,0.1,0.1,0.0,-0.27017523516004843,0.0,-0.4906962280520334,9205.297109365463,0.39028742396558624,-0.83057114450718,-0.7754668595063554
