outer_iter,context_val,seed,alpha,eps,test_lcx_prob,test_lcx_obj,valid_lcx_prob,valid_lcx_obj,time,in_val,test_avg,valid_avg
17,11,10,0.1,0.1,0.0,-0.3544280116204977,0.0,-0.2777124022574948,4627.506167411804,0.24317210192539176,-0.8301915287114086,-0.7353201450313246
