outer_iter,context_val,seed,alpha,eps,test_lcx_prob,test_lcx_obj,valid_lcx_prob,valid_lcx_obj,time,in_val,test_avg,valid_avg
17,12,10,0.1,0.1,0.0,-0.255451562660006,0.0,0.03786650470384667,6763.219665288925,0.3606353709967703,-0.852618058587577,-0.7988513623666168
