outer_iter,context_val,seed,alpha,eps,test_lcx_prob,test_lcx_obj,valid_lcx_prob,valid_lcx_obj,time,in_val,test_avg,valid_avg
28,2,10,0.1,0.1,0.0,-0.2289129284944278,0.0,-0.18588714903745068,8026.913332462311,0.3769459893848822,-0.7254377434647181,-0.8509897406532334
