outer_iter,context_val,seed,alpha,eps,test_lcx_prob,test_lcx_obj,valid_lcx_prob,valid_lcx_obj,time,in_val,test_avg,valid_avg
21,7,10,0.1,0.1,0.0,-0.33464078693560045,0.0,-0.3067038466979708,6664.97713804245,0.27627572400049377,-0.8193380824332729,-1.035391169058816
