outer_iter,context_val,seed,alpha,eps,test_lcx_prob,test_lcx_obj,valid_lcx_prob,valid_lcx_obj,time,in_val,test_avg,valid_avg
22,13,20,0.1,0.1,0.0,-0.4117697211010561,0.0,-0.6982551919984288,7307.814914941788,0.30901067533671145,-0.818396335289825,-0.9112244684886772
