outer_iter,context_val,seed,alpha,eps,test_lcx_prob,test_lcx_obj,valid_lcx_prob,valid_lcx_obj,time,in_val,test_avg,valid_avg
25,3,20,0.1,0.1,0.0,-0.14725122798217308,0.0,-0.6639496866503479,8828.183016777039,0.36272953289114224,-0.8959745970148357,-0.8788774364528421
