outer_iter,context_val,seed,alpha,eps,test_lcx_prob,test_lcx_obj,valid_lcx_prob,valid_lcx_obj,time,in_val,test_avg,valid_avg
22,0,30,0.1,0.1,0.0,-0.2024264398203711,0.0,-0.22528231992477532,7494.537178039551,0.33228461160475525,-0.7553857453824497,-0.7039783139450473
