outer_iter,context_val,seed,alpha,eps,test_lcx_prob,test_lcx_obj,valid_lcx_prob,valid_lcx_obj,time,in_val,test_avg,valid_avg
20,11,30,0.1,0.1,0.0,-0.15713704728265998,0.0,-0.4042566106968998,4791.261118888855,0.2681275199612339,-0.7145319566566016,-0.7681394227834415
