outer_iter,context_val,seed,alpha,eps,test_lcx_prob,test_lcx_obj,valid_lcx_prob,valid_lcx_obj,time,in_val,test_avg,valid_avg
22,13,30,0.1,0.1,0.0,-0.4146234295992528,0.0,-0.46536512210296543,5816.413726806641,0.41134945609627666,-0.9198745592486078,-0.8443153537045623
