outer_iter,context_val,seed,alpha,eps,test_lcx_prob,test_lcx_obj,valid_lcx_prob,valid_lcx_obj,time,in_val,test_avg,valid_avg
11,17,40,0.1,0.1,0.0,-0.4242735711047374,0.0,-0.11549732378566212,5676.630428314209,0.3687215232909675,-0.9244971420050481,-0.6388089327844686
