outer_iter,context_val,seed,alpha,eps,test_lcx_prob,test_lcx_obj,valid_lcx_prob,valid_lcx_obj,time,in_val,test_avg,valid_avg
24,2,40,0.1,0.1,0.0,-0.21939171286048678,0.0,-0.44312816546721434,8302.616795778275,0.4549175793353844,-0.8451818891140355,-0.8622176817872413
