outer_iter,context_val,seed,alpha,eps,test_lcx_prob,test_lcx_obj,valid_lcx_prob,valid_lcx_obj,time,in_val,test_avg,valid_avg
26,3,40,0.1,0.1,0.045454545454545456,-0.05596043746060286,0.0,-0.31024984192555216,8626.09877371788,0.4417802700837278,-0.7499971435874729,-0.833747805212353
