outer_iter,context_val,seed,alpha,eps,test_lcx_prob,test_lcx_obj,valid_lcx_prob,valid_lcx_obj,time,in_val,test_avg,valid_avg
19,5,40,0.1,0.1,0.0,-0.3771354550913042,0.0,-0.24600039939942733,7518.71942782402,0.45088019860444095,-0.7920439085467895,-0.7740282136747653
