outer_iter,context_val,seed,alpha,eps,test_lcx_prob,test_lcx_obj,valid_lcx_prob,valid_lcx_obj,time,in_val,test_avg,valid_avg
33,13,50,0.1,0.1,0.0,-0.389324872793865,0.0,-0.22931341922122367,7498.563953399658,0.2381435126789786,-0.8262546582389584,-0.7702170641160548
