outer_iter,context_val,seed,alpha,eps,test_lcx_prob,test_lcx_obj,valid_lcx_prob,valid_lcx_obj,time,in_val,test_avg,valid_avg
35,0,60,0.1,0.1,0.0,-0.10098110511440397,0.0,-0.5667011015090377,10130.64864397049,0.4256197844164422,-0.6739876672534417,-0.8301366473569752
