outer_iter,context_val,seed,alpha,eps,test_lcx_prob,test_lcx_obj,valid_lcx_prob,valid_lcx_obj,time,in_val,test_avg,valid_avg
21,1,60,0.1,0.1,0.0,-0.24295416300864187,0.0,-0.5077445091040043,7620.515689134598,0.39652174085938086,-0.7913178558544096,-0.7835527253757183
