outer_iter,context_val,seed,alpha,eps,test_lcx_prob,test_lcx_obj,valid_lcx_prob,valid_lcx_obj,time,in_val,test_avg,valid_avg
21,12,60,0.1,0.1,0.03571428571428571,-0.031205443207586687,0.0,-0.5818258331105326,6689.589874267578,0.25217176540863195,-0.9331343863135702,-0.9488242187559991
