outer_iter,context_val,seed,alpha,eps,test_lcx_prob,test_lcx_obj,valid_lcx_prob,valid_lcx_obj,time,in_val,test_avg,valid_avg
28,9,60,0.1,0.1,0.0,-0.13736926645343514,0.0,-0.6596138549057182,6401.344804286957,0.26969015839263755,-0.7306770675594135,-0.8506726227872409
