outer_iter,context_val,seed,alpha,eps,test_lcx_prob,test_lcx_obj,valid_lcx_prob,valid_lcx_obj,time,in_val,test_avg,valid_avg
18,5,70,0.1,0.1,0.038461538461538464,0.5677398525767524,0.0,-0.17155983104018585,6480.847679376602,0.4582509355465546,-0.7337587475950903,-0.8730736849952097
