outer_iter,context_val,seed,alpha,eps,test_lcx_prob,test_lcx_obj,valid_lcx_prob,valid_lcx_obj,time,in_val,test_avg,valid_avg
22,6,70,0.1,0.1,0.16129032258064516,-0.18360049837842637,0.16666666666666666,-0.03150867768697427,4611.483104228973,-0.38095971934908307,-0.8535786513534002,-0.71248030734488
