outer_iter,context_val,seed,alpha,eps,test_lcx_prob,test_lcx_obj,valid_lcx_prob,valid_lcx_obj,time,in_val,test_avg,valid_avg
18,17,90,0.1,0.1,0.0,-0.3709174505610994,0.0,-0.4376626823192731,7120.29225230217,0.37594609873617496,-0.9413006348273638,-0.8024957877519993
