outer_iter,context_val,seed,alpha,eps,test_lcx_prob,test_lcx_obj,valid_lcx_prob,valid_lcx_obj,time,in_val,test_avg,valid_avg
25,18,90,0.1,0.1,0.0,-0.3734634812760418,0.0,-0.5599785490719639,6433.034072875977,0.2921912556843022,-0.8605420106814969,-0.7969572283226851
