outer_iter,context_val,seed,alpha,eps,test_lcx_prob,test_lcx_obj,valid_lcx_prob,valid_lcx_obj,time,in_val,test_avg,valid_avg
31,4,90,0.1,0.1,0.0,-0.560676994182894,0.0,-0.2369360842073531,9342.380135059357,0.3482439247124111,-1.0133915246409766,-0.9664000444741693
