seed,rho,a_seed,eta,gamma,init_rho,valid_obj,valid_prob,test_obj,test_prob,time,valid_cover,test_cover,valid_in,test_in,valid_avg,avg_val,valid_cvar,test_cvar
30,1,30,0.2,1,1,-0.706641105723136,0.0,-0.7014060233204715,0.0,0.002211307,0.0,0.0,0.011702366079357113,0.011702366079357086,-0.8463320066684781,-0.8353271920670086,-0.5716299058089372,-0.5728160334845612
