seed,rho,a_seed,eta,gamma,init_rho,valid_obj,valid_prob,test_obj,test_prob,time,valid_cover,test_cover,valid_in,test_in,valid_avg,avg_val,valid_cvar,test_cvar
30,1,30,0.12,1,1,-0.7667381224931138,0.0,-0.7581727941904992,0.0,0.002258792,0.0,0.0,-0.010864725835866283,-0.010428316914526312,-0.8567327925523699,-0.8553301767562621,-0.6960909622828961,-0.6627223570258893
