seed,rho,a_seed,eta,gamma,init_rho,valid_obj,valid_prob,test_obj,test_prob,time,valid_cover,test_cover,valid_in,test_in,valid_avg,avg_val,valid_cvar,test_cvar
40,1,40,0.12,1,1,-0.7484070676198583,0.0,-0.7548342743887306,0.0,0.002167401,0.0,0.0,0.0034274435141468072,0.002983230927453306,-0.8515282501920072,-0.8516904941642313,-0.6712822535687913,-0.6834813411663562
