seed,rho,a_seed,eta,gamma,init_rho,valid_obj,valid_prob,test_obj,test_prob,time,valid_cover,test_cover,valid_in,test_in,valid_avg,avg_val,valid_cvar,test_cvar
30,1,30,0.2,1,1,-0.5535084031288844,0.005,-0.5417941384544083,0.006,0.00042886,0.0,0.0,-0.006107830313423589,-0.0068398816806554946,-0.8296252393151821,-0.841661683576474,-0.4155985997943906,-0.37195744556854954
