seed,rho,a_seed,eta,gamma,init_rho,valid_obj,valid_prob,test_obj,test_prob,time,valid_cover,test_cover,valid_in,test_in,valid_avg,avg_val,valid_cvar,test_cvar
90,1,90,0.2,1,1,-0.5830904347444437,0.0,-0.6380142750431368,0.0,0.00042798,0.0,0.0,0.00024037031714559736,-0.0004751171520171907,-0.8444313730124711,-0.8538741771506827,-0.47145543204642265,-0.5048468094164099
