seed,a_seed,nonrob_prob,nonrob_obj,scenario_probs,scenario_obj
30,30,0.6785068199774081,-0.840636786340674,0.5221931826343591,-0.8422095751451456
