seed,rho,a_seed,eta,gamma,init_rho,valid_obj,valid_prob,test_obj,test_prob,time,valid_cover,test_cover,valid_in,test_in,valid_avg,avg_val,valid_cvar,test_cvar
20,1,20,0.2,1,1,-0.5651557389480315,0.0,-0.5528453763204826,0.0,0.000382791,0.0,0.0,0.06852396425261166,0.06852396425264683,-0.805494615387886,-0.802636555417899,-0.41919122094249556,-0.42981731085834873
