seed,rho,a_seed,eta,gamma,init_rho,valid_obj,valid_prob,test_obj,test_prob,time,valid_cover,test_cover,valid_in,test_in,avg_val,valid_cvar,test_cvar
30,1,30,0.2,1,1,-0.550454461270094,0.0,-0.5743182262478363,0.001,0.00040868,0.0,0.0,0.05304821150063714,0.0530482115006323,-0.8637046152697936,-0.38928441076983045,-0.43620082603145033
