seed,rho,a_seed,eta,gamma,init_rho,valid_obj,valid_prob,test_obj,test_prob,time,valid_cover,test_cover,valid_in,test_in,valid_avg,avg_val,valid_cvar,test_cvar
30,1,30,0.2,1,1,-0.5239461701933154,0.0,-0.5469039013185382,0.0,0.000367091,0.0,0.0,0.06195812789821856,0.061958127898216,-0.7754852681190577,-0.7920771208713068,-0.40283050607336135,-0.39731765611134795
