seed,rho,a_seed,eta,gamma,init_rho,valid_obj,valid_prob,test_obj,test_prob,time,valid_cover,test_cover,valid_in,test_in,valid_avg,avg_val,valid_cvar,test_cvar
60,1,60,0.2,1,1,-0.5858738707512878,0.0,-0.5491366342509597,0.0,0.000393061,0.0,0.0,0.06599213695403984,0.06599213695403147,-0.8255043806272095,-0.8173554771855028,-0.43887606665433493,-0.4319825428976412
