seed,rho,a_seed,eta,gamma,init_rho,valid_obj,valid_prob,test_obj,test_prob,time,valid_cover,test_cover,valid_in,test_in,valid_avg,avg_val,valid_cvar,test_cvar
30,1,30,0.12,1,1,-0.4798288365271588,0.0,-0.5328136657323164,0.001,0.000778038,0.0,0.0,0.05107069003240034,0.05107069003241399,-0.7953463746657764,-0.8320417523848027,-0.32604036059102287,-0.39417380784150885
