context_val,seed,alpha,eps,test_lcx_prob,test_lcx_obj,valid_lcx_prob,valid_lcx_obj,time,in_val,test_avg,valid_avg
11,0,0.08,0.08,0.0,-0.2125603274984945,0.0,-0.23656352238886685,530.4185483455658,0.01991410967383904,-0.946204027644318,-0.9075632453093928
