context_val,seed,alpha,eps,test_lcx_prob,test_lcx_obj,valid_lcx_prob,valid_lcx_obj,time,in_val,test_avg,valid_avg
12,0,0.08,0.08,0.0,-0.40299708272967166,0.0,-0.24854393405532924,813.5761420726776,0.2792085690820153,-0.9069964776374045,-0.7481805595829795
