context_val,seed,alpha,eps,test_lcx_prob,test_lcx_obj,valid_lcx_prob,valid_lcx_obj,time,in_val,test_avg,valid_avg
19,0,0.08,0.08,0.0,-0.13585263979020934,0.0,-0.46174791267993737,2010.5455334186554,0.2623183235590366,-0.7504408936590552,-0.956229211868973
