context_val,seed,alpha,eps,test_lcx_prob,test_lcx_obj,valid_lcx_prob,valid_lcx_obj,time,in_val,test_avg,valid_avg
3,0,0.08,0.08,0.0,-0.5109257597799828,0.0,-0.5467003898183563,2997.7711458206177,0.34765387391652247,-0.8432112896455201,-1.0528556013276738
