context_val,seed,alpha,eps,test_lcx_prob,test_lcx_obj,valid_lcx_prob,valid_lcx_obj,time,in_val,test_avg,valid_avg
6,0,0.08,0.08,0.03225806451612903,-0.2531050970289537,0.0,-0.31870553643466104,289.4319760799408,0.15235783160673205,-0.8690669014416218,-0.7710929534624132
