context_val,seed,alpha,eps,test_lcx_prob,test_lcx_obj,valid_lcx_prob,valid_lcx_obj,time,in_val,test_avg,valid_avg
7,0,0.08,0.08,0.0,-0.42530778051467105,0.0,-0.3517111422549748,1962.062603712082,0.41335155679614016,-0.7800056488172705,-0.7623441177767477
