context_val,seed,alpha,eps,test_lcx_prob,test_lcx_obj,valid_lcx_prob,valid_lcx_obj,time,in_val,test_avg,valid_avg
9,0,0.08,0.08,0.0,-0.015466134928402195,0.09090909090909091,0.23949278494314843,1288.4233031272888,0.11767421571299672,-0.9195504935670666,-0.8992433530487735
