context_val,seed,alpha,eps,test_lcx_prob,test_lcx_obj,valid_lcx_prob,valid_lcx_obj,time,in_val,test_avg,valid_avg
13,10,0.08,0.08,0.0,-0.1953552444913578,0.0,-0.426029852910327,1934.4175472259521,0.252937029003978,-0.8873906454332746,-0.956476141605284
