context_val,seed,alpha,eps,test_lcx_prob,test_lcx_obj,valid_lcx_prob,valid_lcx_obj,time,in_val,test_avg,valid_avg
1,10,0.08,0.08,0.0,-0.24199087060354216,0.0,-0.20378803298819767,5280.442819595337,0.40968896491954376,-0.8730243754563961,-0.6641579451266784
