context_val,seed,alpha,eps,test_lcx_prob,test_lcx_obj,valid_lcx_prob,valid_lcx_obj,time,in_val,test_avg,valid_avg
14,10,0.08,0.08,0.08695652173913043,0.2734984659511966,0.0,-0.4565651161687422,3183.9251749515533,0.3199416165946332,-0.6987040123581695,-0.8797269216678887
