context_val,seed,alpha,eps,test_lcx_prob,test_lcx_obj,valid_lcx_prob,valid_lcx_obj,time,in_val,test_avg,valid_avg
17,10,0.08,0.08,0.0,-0.22103306181451834,0.0,-0.3351021553204011,1729.5105316638947,0.13614355718296275,-0.8364667426308794,-0.7832067550767758
