context_val,seed,alpha,eps,test_lcx_prob,test_lcx_obj,valid_lcx_prob,valid_lcx_obj,time,in_val,test_avg,valid_avg
19,10,0.08,0.08,0.0,-0.26964348258272125,0.0,-0.7257397760502396,2895.589478492737,0.1937467034941511,-0.8572192672524761,-0.9733077022246707
