context_val,seed,alpha,eps,test_lcx_prob,test_lcx_obj,valid_lcx_prob,valid_lcx_obj,time,in_val,test_avg,valid_avg
11,10,0.08,0.08,0.0,-0.11316204751379037,0.0,-0.40518486329463244,843.283186674118,0.20575481048929997,-0.8236513714775093,-0.7729486525551419
