context_val,seed,alpha,eps,test_lcx_prob,test_lcx_obj,valid_lcx_prob,valid_lcx_obj,time,in_val,test_avg,valid_avg
2,10,0.08,0.08,0.0,-0.3464647134703122,0.0,-0.3186583905128162,2825.389803647995,0.3751787874381997,-0.8042355012598977,-0.7319547343916705
