context_val,seed,alpha,eps,test_lcx_prob,test_lcx_obj,valid_lcx_prob,valid_lcx_obj,time,in_val,test_avg,valid_avg
5,10,0.08,0.08,0.038461538461538464,0.016465484209126132,0.0,-0.5523089182619428,5008.719520568848,0.36664446505975196,-0.8641153224070759,-1.1344353146003539
