context_val,seed,alpha,eps,test_lcx_prob,test_lcx_obj,valid_lcx_prob,valid_lcx_obj,time,in_val,test_avg,valid_avg
6,10,0.08,0.08,0.03225806451612903,-0.14612783524274991,0.0,-0.5684905010631597,521.0564942359924,0.05327357486028651,-0.8073981293291379,-0.985397832567802
