context_val,seed,alpha,eps,test_lcx_prob,test_lcx_obj,valid_lcx_prob,valid_lcx_obj,time,in_val,test_avg,valid_avg
7,10,0.08,0.08,0.0,-0.2799814186818872,0.14285714285714285,0.7213408100017401,1804.6065306663513,0.28081915800526924,-0.9028035916088383,-0.8290299123223376
