context_val,seed,alpha,eps,test_lcx_prob,test_lcx_obj,valid_lcx_prob,valid_lcx_obj,time,in_val,test_avg,valid_avg
13,20,0.08,0.08,0.0,-0.3220037184719053,0.0,-0.5573732457089244,2494.3189890384674,0.2251593528378779,-0.7587169494634277,-0.8826617198043301
