context_val,seed,alpha,eps,test_lcx_prob,test_lcx_obj,valid_lcx_prob,valid_lcx_obj,time,in_val,test_avg,valid_avg
17,20,0.08,0.08,0.0,-0.3447467087897815,0.125,0.2156628765999033,591.8846869468689,0.20028565368915047,-0.7576529656863076,-0.7330157328452366
