context_val,seed,alpha,eps,test_lcx_prob,test_lcx_obj,valid_lcx_prob,valid_lcx_obj,time,in_val,test_avg,valid_avg
11,20,0.08,0.08,0.0,-0.29181594057504173,0.0,-0.3572796874072946,450.5672564506531,0.08931825689224274,-0.7121897803588638,-0.743090211213018
