context_val,seed,alpha,eps,test_lcx_prob,test_lcx_obj,valid_lcx_prob,valid_lcx_obj,time,in_val,test_avg,valid_avg
6,20,0.08,0.08,0.0,-0.2796525097392476,0.0,-0.38927352152774,577.9326393604279,0.21347864123386986,-0.7573955770211664,-0.8489003055701998
