context_val,seed,alpha,eps,test_lcx_prob,test_lcx_obj,valid_lcx_prob,valid_lcx_obj,time,in_val,test_avg,valid_avg
18,30,0.08,0.08,0.0,-0.2995070691487806,0.0,-0.288760966227065,1871.8402907848358,0.40319353703958116,-0.8868549710627625,-0.900984811504485
