context_val,seed,alpha,eps,test_lcx_prob,test_lcx_obj,valid_lcx_prob,valid_lcx_obj,time,in_val,test_avg,valid_avg
12,30,0.08,0.08,0.03571428571428571,0.3016785760362417,0.0,-0.48009004566051616,1570.0023047924042,0.2987350010454717,-0.7069458648753935,-0.9015185376276316
