context_val,seed,alpha,eps,test_lcx_prob,test_lcx_obj,valid_lcx_prob,valid_lcx_obj,time,in_val,test_avg,valid_avg
17,30,0.08,0.08,0.038461538461538464,-0.17030509284024412,0.0,-0.2663330270286183,1929.121889591217,0.2190026226111381,-0.7891765186777531,-0.9931560668505495
