context_val,seed,alpha,eps,test_lcx_prob,test_lcx_obj,valid_lcx_prob,valid_lcx_obj,time,in_val,test_avg,valid_avg
13,30,0.08,0.08,0.0,-0.14665638549229895,0.07692307692307693,0.21627882431399742,1059.9334099292755,0.4154470758700482,-0.9661271707503615,-0.797105382601804
