context_val,seed,alpha,eps,test_lcx_prob,test_lcx_obj,valid_lcx_prob,valid_lcx_obj,time,in_val,test_avg,valid_avg
2,30,0.08,0.08,0.0,-0.18858660346845144,0.0,-0.5929213978506025,4221.807932138443,0.39997739837077656,-0.7286566582903666,-0.8982099117976533
