context_val,seed,alpha,eps,test_lcx_prob,test_lcx_obj,valid_lcx_prob,valid_lcx_obj,time,in_val,test_avg,valid_avg
9,30,0.08,0.08,0.0,-0.40239200815146453,0.09090909090909091,-0.004975079113227809,990.9787364006042,0.10152546260585975,-0.747643601438239,-0.82488496975221
