context_val,seed,alpha,eps,test_lcx_prob,test_lcx_obj,valid_lcx_prob,valid_lcx_obj,time,in_val,test_avg,valid_avg
0,40,0.08,0.08,0.0,0.0050137894074651565,0.07142857142857142,0.15492261876249913,2278.292999982834,0.21038429939310602,-0.6623135855971494,-0.7383851669455778
