context_val,seed,alpha,eps,test_lcx_prob,test_lcx_obj,valid_lcx_prob,valid_lcx_obj,time,in_val,test_avg,valid_avg
12,40,0.08,0.08,0.0,-0.4175219411723443,0.0,-0.16893374376963277,1524.65553689003,0.35930203745228123,-0.8280892069902853,-0.7416329634444881
