context_val,seed,alpha,eps,test_lcx_prob,test_lcx_obj,valid_lcx_prob,valid_lcx_obj,time,in_val,test_avg,valid_avg
6,40,0.08,0.08,0.03225806451612903,0.30872015022161936,0.08333333333333333,0.3678803382934055,1139.5247118473053,0.36391906252573253,-0.556269599270072,-0.5403587736975132
