context_val,seed,alpha,eps,test_lcx_prob,test_lcx_obj,valid_lcx_prob,valid_lcx_obj,time,in_val,test_avg,valid_avg
7,40,0.08,0.08,0.03571428571428571,-0.11403425387680126,0.0,-0.7555833300802335,1069.662640094757,0.1833557884342744,-0.7465473046763915,-0.9651660213870649
