context_val,seed,alpha,eps,test_lcx_prob,test_lcx_obj,valid_lcx_prob,valid_lcx_obj,time,in_val,test_avg,valid_avg
15,50,0.08,0.08,0.0,-0.5088615726882245,0.0,-0.4808218287798306,2129.847272157669,0.22395405744115177,-0.9154279026158574,-0.7985326859430592
