context_val,seed,alpha,eps,test_lcx_prob,test_lcx_obj,valid_lcx_prob,valid_lcx_obj,time,in_val,test_avg,valid_avg
13,50,0.08,0.08,0.0,-0.1518636046767405,0.07692307692307693,0.037520771956210924,2629.1916947364807,0.27927497395395784,-0.7291282529464843,-0.7578626926904198
