context_val,seed,alpha,eps,test_lcx_prob,test_lcx_obj,valid_lcx_prob,valid_lcx_obj,time,in_val,test_avg,valid_avg
18,50,0.08,0.08,0.037037037037037035,0.1851892489667104,0.0,-0.22947251676691335,1417.7754666805267,0.33293702412886833,-0.6729501303194213,-0.9974921377121341
