context_val,seed,alpha,eps,test_lcx_prob,test_lcx_obj,valid_lcx_prob,valid_lcx_obj,time,in_val,test_avg,valid_avg
3,50,0.08,0.08,0.0,-0.3337853605503534,0.0,-0.19726874469257094,1420.1002683639526,0.34890253218471307,-0.6669742906055588,-0.7615822276623594
