context_val,seed,alpha,eps,test_lcx_prob,test_lcx_obj,valid_lcx_prob,valid_lcx_obj,time,in_val,test_avg,valid_avg
5,50,0.08,0.08,0.0,-0.36778097074301436,0.14285714285714285,0.3651506124117592,5531.678385257721,0.21341803043270297,-0.7032872517508468,-0.6742453385780492
