context_val,seed,alpha,eps,test_lcx_prob,test_lcx_obj,valid_lcx_prob,valid_lcx_obj,time,in_val,test_avg,valid_avg
6,50,0.08,0.08,0.03225806451612903,-0.11480320394611489,0.0,-0.3963907294061344,736.7773854732513,0.1442499194732629,-0.7046070786930725,-0.7915394615321794
