context_val,seed,alpha,eps,test_lcx_prob,test_lcx_obj,valid_lcx_prob,valid_lcx_obj,time,in_val,test_avg,valid_avg
7,50,0.08,0.08,0.0,-0.2977330435066898,0.0,-0.15020266193443066,1669.378895521164,0.3529257074581702,-0.8279481444800476,-0.8153320685935997
