context_val,seed,alpha,eps,test_lcx_prob,test_lcx_obj,valid_lcx_prob,valid_lcx_obj,time,in_val,test_avg,valid_avg
19,60,0.08,0.08,0.03571428571428571,-0.03632629726137704,0.0,-0.41074692953219083,2256.91473531723,0.2765612217062825,-0.6747756264722135,-0.7081907564900204
