context_val,seed,alpha,eps,test_lcx_prob,test_lcx_obj,valid_lcx_prob,valid_lcx_obj,time,in_val,test_avg,valid_avg
17,60,0.08,0.08,0.0,-0.3402537431151167,0.0,-0.5462652557189771,1138.3236787319183,0.39234344514784214,-0.8817309550453565,-0.9250846282095053
