context_val,seed,alpha,eps,test_lcx_prob,test_lcx_obj,valid_lcx_prob,valid_lcx_obj,time,in_val,test_avg,valid_avg
1,60,0.08,0.08,0.0,-0.21604568302599403,0.0,-0.41513324024276,3549.182150363922,0.4320164024545226,-0.807591319598809,-0.8047583573454395
