context_val,seed,alpha,eps,test_lcx_prob,test_lcx_obj,valid_lcx_prob,valid_lcx_obj,time,in_val,test_avg,valid_avg
13,60,0.08,0.08,0.0,-0.33048081707444665,0.0,-0.42796277749148925,2728.0864312648773,0.2830194059970139,-0.8177675395471296,-0.7949404102400707
