context_val,seed,alpha,eps,test_lcx_prob,test_lcx_obj,valid_lcx_prob,valid_lcx_obj,time,in_val,test_avg,valid_avg
2,60,0.08,0.08,0.038461538461538464,-0.0034295591232222735,0.0,-0.6036650842223035,4015.2390344142914,0.3452003079990991,-0.7564159644132705,-0.8585768784757546
