context_val,seed,alpha,eps,test_lcx_prob,test_lcx_obj,valid_lcx_prob,valid_lcx_obj,time,in_val,test_avg,valid_avg
5,60,0.08,0.08,0.0,-0.13746355755783443,0.0,-0.4789312138456718,3065.7416186332703,0.2479497552887628,-0.7278574613740983,-0.7825336208405035
