context_val,seed,alpha,eps,test_lcx_prob,test_lcx_obj,valid_lcx_prob,valid_lcx_obj,time,in_val,test_avg,valid_avg
1,70,0.08,0.08,0.0,-0.4873745908714704,0.0,0.20637075072330863,1939.9111216068268,0.37405933879633607,-0.8362608217713908,-0.567369732148374
