context_val,seed,alpha,eps,test_lcx_prob,test_lcx_obj,valid_lcx_prob,valid_lcx_obj,time,in_val,test_avg,valid_avg
10,70,0.08,0.08,0.0,-0.21499474550151873,0.0,-0.16779910991050517,2657.5746188163757,0.39350317652490857,-0.8214450855709543,-0.7023583886828247
