context_val,seed,alpha,eps,test_lcx_prob,test_lcx_obj,valid_lcx_prob,valid_lcx_obj,time,in_val,test_avg,valid_avg
11,70,0.08,0.08,0.034482758620689655,-0.12974238599286594,0.0,-0.21485556741218348,1154.7117557525635,0.04147699006977287,-0.8045949054457506,-0.8324749808299136
