context_val,seed,alpha,eps,test_lcx_prob,test_lcx_obj,valid_lcx_prob,valid_lcx_obj,time,in_val,test_avg,valid_avg
2,70,0.08,0.08,0.0,-0.2610040991828191,0.0,-0.4313351570808809,2989.473950147629,0.35751969704625675,-0.8004638376473144,-0.9553659206484858
