context_val,seed,alpha,eps,test_lcx_prob,test_lcx_obj,valid_lcx_prob,valid_lcx_obj,time,in_val,test_avg,valid_avg
8,70,0.08,0.08,0.0,-0.3276385343363906,0.0,-0.4272336877570799,1851.2657432556152,0.24832108950328732,-0.7582536778194485,-0.730625125914931
