context_val,seed,alpha,eps,test_lcx_prob,test_lcx_obj,valid_lcx_prob,valid_lcx_obj,time,in_val,test_avg,valid_avg
11,80,0.08,0.08,0.0,-0.34201879041972344,0.0,-0.16655079756646823,1068.0246486663818,0.19189438045926713,-0.895767128518299,-0.708578044441914
