context_val,seed,alpha,eps,test_lcx_prob,test_lcx_obj,valid_lcx_prob,valid_lcx_obj,time,in_val,test_avg,valid_avg
6,80,0.08,0.08,0.0,-0.24659181315891487,0.0,-0.1706168826424564,973.8076782226562,0.1020991580671077,-0.8658020236630188,-0.7404235831521436
