context_val,seed,alpha,eps,test_lcx_prob,test_lcx_obj,valid_lcx_prob,valid_lcx_obj,time,in_val,test_avg,valid_avg
7,80,0.08,0.08,0.0,-0.32797662512150144,0.0,-0.36565613607420355,786.3953332901001,0.3457544223262701,-1.1305252273310404,-0.759105535263109
