context_val,seed,alpha,eps,test_lcx_prob,test_lcx_obj,valid_lcx_prob,valid_lcx_obj,time,in_val,test_avg,valid_avg
0,90,0.08,0.08,0.0,-0.5472962789982392,0.0,-0.4225439722120866,2611.450949907303,0.2389206925385207,-0.9295425157237195,-0.7606917469047701
