context_val,seed,alpha,eps,test_lcx_prob,test_lcx_obj,valid_lcx_prob,valid_lcx_obj,time,in_val,test_avg,valid_avg
14,90,0.08,0.08,0.043478260869565216,0.18540328891610006,0.0,-0.038999711693848416,1659.7143504619598,0.33701237160475855,-0.6763606868235469,-0.7189759818607587
