context_val,seed,alpha,eps,test_lcx_prob,test_lcx_obj,valid_lcx_prob,valid_lcx_obj,time,in_val,test_avg,valid_avg
11,90,0.08,0.08,0.0,-0.07939748239454208,0.0,-0.4544939830119449,137.12779092788696,0.3292262735756042,-0.904658968790927,-0.9544816555821504
