context_val,seed,alpha,eps,test_lcx_prob,test_lcx_obj,valid_lcx_prob,valid_lcx_obj,time,in_val,test_avg,valid_avg
19,90,0.08,0.08,0.0,-0.08004318740479181,0.0,-0.1402385813639532,1884.6406466960907,0.2479951281993091,-0.795540779218485,-0.779842979870645
