context_val,seed,alpha,eps,test_lcx_prob,test_lcx_obj,valid_lcx_prob,valid_lcx_obj,time,in_val,test_avg,valid_avg
1,90,0.08,0.08,0.0,-0.42901761727261345,0.0,-0.5884523616531714,4213.436772346497,0.3567608541901573,-0.9406153960767124,-0.8992062959203279
