context_val,seed,alpha,eps,test_lcx_prob,test_lcx_obj,valid_lcx_prob,valid_lcx_obj,time,in_val,test_avg,valid_avg
12,90,0.08,0.08,0.0,-0.3283520063976591,0.0,-0.31974335555038397,2215.0092000961304,0.3634701016211311,-0.7873543411660083,-0.784287727055264
