context_val,seed,alpha,eps,test_lcx_prob,test_lcx_obj,valid_lcx_prob,valid_lcx_obj,time,in_val,test_avg,valid_avg
3,90,0.08,0.08,0.0,-0.27125753207437203,0.0,-0.5145851519268897,4524.354713201523,0.19177842042826326,-0.7151382726008063,-0.7052632542079743
