context_val,seed,alpha,eps,test_lcx_prob,test_lcx_obj,valid_lcx_prob,valid_lcx_obj,time,in_val,test_avg,valid_avg
5,90,0.08,0.08,0.0,-0.38202255184585815,0.0,-0.33085380459340474,4672.918833017349,0.38542353690944875,-0.7416550129082685,-0.7035679122802632
