seed,a_seed,nonrob_prob,nonrob_obj,scenario_probs,scenario_obj
30,30,1.0,-428.3625323689568,0.8017369830038362,-412.95062294936554
