seed,a_seed,nonrob_prob,nonrob_obj,scenario_probs,scenario_obj
40,40,1.0,-428.21245924614715,0.7611071243376746,-412.46747823570087
