seed,rho,a_seed,eta,gamma,init_rho,valid_obj,valid_prob,test_obj,test_prob,time,valid_cover,test_cover,valid_in,test_in,avg_val
0,1,0,0.1,1,1,-0.3834413792533157,0.005,-0.4104936816035578,0.002,0.00036414,0.0,0.0,-0.3834413792533157,-0.4104936816035578,-0.8501594035414854
