seed,rho,a_seed,eta,gamma,init_rho,valid_obj,valid_prob,test_obj,test_prob,time,valid_cover,test_cover,valid_in,test_in,avg_val
30,1,30,0.1,1,1,-0.3875455440202789,0.0,-0.3800937491206839,0.006,0.00034946,0.0,0.0,-0.3875455440202789,-0.3800937491206839,-0.8073027575835385
