seed,rho,a_seed,eta,gamma,init_rho,valid_obj,valid_prob,test_obj,test_prob,time,valid_cover,test_cover,valid_in,test_in,avg_val
70,1,70,0.1,1,1,-0.20633279978133057,0.015,-0.2660832575908662,0.008,0.00038102,0.0,0.0,-0.20633279978133057,-0.2660832575908662,-0.8149174545407614
