seed,rho,a_seed,eta,gamma,init_rho,valid_obj,valid_prob,test_obj,test_prob,time,valid_cover,test_cover,valid_in,test_in,avg_val
80,1,80,0.1,1,1,-0.22703067729338847,0.005,-0.3131376298484889,0.006,0.000382529,0.0,0.0,-0.22703067729338847,-0.3131376298484889,-0.8007046850465266
