seed,rho,a_seed,eta,gamma,init_rho,valid_obj,valid_prob,test_obj,test_prob,time,valid_cover,test_cover,valid_in,test_in,avg_val,valid_cvar,test_cvar
0,1,0,0.12,1,1,-0.5908740615854235,0.0025,-0.5804839565010707,0.0,0.00037495,0.0,0.0,0.07344032990565337,0.07344032990563479,-0.870573272038882,-0.4060685063257939,-0.4379571706842287
