seed,rho,a_seed,eta,gamma,init_rho,valid_obj,valid_prob,test_obj,test_prob,time,valid_cover,test_cover,valid_in,test_in,valid_avg,avg_val,valid_cvar,test_cvar
60,1,60,0.12,1,1,-0.5304613113588166,0.0025,-0.5405392127505781,0.001,0.000356351,0.0,0.0,0.05736424266880842,0.05736424266883862,-0.8310810630292624,-0.8212577184395781,-0.40735182631732475,-0.41754364363141255
