seed,rho,a_seed,eta,gamma,init_rho,valid_obj,valid_prob,test_obj,test_prob,time,valid_cover,test_cover,valid_in,test_in,avg_val,valid_cvar,test_cvar
90,1,90,0.12,1,1,-0.5478678113422772,0.005,-0.5315718299694525,0.002,0.00038043,0.0,0.0,0.0475117451185295,0.047511745118533955,-0.8438346090607153,-0.3896079984904552,-0.3866230485692221
