seed,rho,a_seed,eta,gamma,init_rho,valid_obj,valid_prob,test_obj,test_prob,time,valid_cover,test_cover,valid_in,test_in,avg_val
0,1,0,0.12,1,1,-0.3339810224246004,0.0075,-0.3717252682353354,0.001,0.000394332,0.0,0.0,-0.37187894541983196,-0.39873792308403655,-0.8249933515282065
