seed,rho,a_seed,eta,gamma,init_rho,valid_obj,valid_prob,test_obj,test_prob,time,valid_cover,test_cover,valid_in,test_in,avg_val
50,1,50,0.12,1,1,-0.32421181651662495,0.005,-0.30684203325493653,0.005,0.000384843,0.0,0.0,-0.3537600549065481,-0.33860000140594243,-0.7619913491024133
