seed,rho,a_seed,eta,gamma,init_rho,valid_obj,valid_prob,test_obj,test_prob,time,valid_cover,test_cover,valid_in,test_in,avg_val
60,1,60,0.12,1,1,-0.4177506876650439,0.0,-0.38582399307345133,0.001,0.000423283,0.0,0.0,-0.44231300730366285,-0.4084609019220844,-0.8129373800665536
