seed,rho,a_seed,eta,gamma,init_rho,valid_obj,valid_prob,test_obj,test_prob,time,valid_cover,test_cover,valid_in,test_in,valid_avg,avg_val,valid_cvar,test_cvar
30,1,30,0.1,1,1,-0.7203256906400861,0.0,-0.687247981754495,0.0,0.002261205,0.0,0.0,0.021322031399467454,0.021322031399437055,-0.8343791966353803,-0.8224106617597982,-0.599573798384425,-0.5898681225952563
