seed,rho,a_seed,eta,gamma,init_rho,valid_obj,valid_prob,test_obj,test_prob,time,valid_cover,test_cover,valid_in,test_in,valid_avg,avg_val,valid_cvar,test_cvar
70,1,70,0.1,1,1,-0.7054492726121424,0.0,-0.6968583039554016,0.0,0.002219566,0.0,0.0,0.021895866107919718,0.021895866107915992,-0.8186912245050902,-0.8162696803963131,-0.6237288301527242,-0.6021594040100265
