seed,rho,a_seed,eta,gamma,init_rho,valid_obj,valid_prob,test_obj,test_prob,time,valid_cover,test_cover,valid_in,test_in,avg_val
80,1,80,0.05,1,1,-0.3125002457483759,0.0,-0.3030077354312863,0.002,0.000493053,0.0,0.0,-0.23851466601420507,-0.20267963982028717,-0.8035272952210152
