seed,a_seed,nonrob_prob,nonrob_obj,scenario_probs,scenario_obj
40,40,1.0,-428.31381625416134,0.5217493653455512,-399.440517676897
