seed,rho,a_seed,eta,gamma,init_rho,valid_obj,valid_prob,test_obj,test_prob,time,valid_cover,test_cover,valid_in,test_in,avg_val,valid_cvar,test_cvar
20,1,20,0.1,1,1,-0.6871564682297542,0.0,-0.7152859520881356,0.0,0.002395822,0.0,0.0,0.00853238871133386,0.008477714756989637,-0.8987569333361484,-0.6097507921655241,-0.6251615201306817
