seed,rho,a_seed,eta,gamma,init_rho,valid_obj,valid_prob,test_obj,test_prob,time,valid_cover,test_cover,valid_in,test_in,avg_val,valid_cvar,test_cvar
50,1,50,0.1,1,1,-0.7314915235105398,0.0,-0.6879126825754003,0.0,0.002427742,0.0,0.0,0.005291517176582295,0.005071017281588069,-0.9144972826851131,-0.6135808351141321,-0.5914605071683594
