seed,rho,a_seed,eta,gamma,init_rho,valid_obj,valid_prob,test_obj,test_prob,time,valid_cover,test_cover,valid_in,test_in,valid_avg,avg_val,valid_cvar,test_cvar
70,1,70,0.1,1,1,-0.725040059483546,0.0,-0.7219457320974716,0.0,0.002492282,0.0,0.0,0.001990077953307506,0.0018640457239143945,-0.8588228847740937,-0.8525536187310205,-0.6292860492184622,-0.6182943054884117
