seed,rho,a_seed,eta,gamma,init_rho,valid_obj,valid_prob,test_obj,test_prob,time,valid_cover,test_cover,valid_in,test_in,valid_avg,avg_val,valid_cvar,test_cvar
90,1,90,0.1,1,1,-0.7640972765353854,0.0,-0.7621465412635975,0.0,0.002272412,0.0,0.0,-0.0024704462794972472,-0.002534715713971882,-0.8360648718858557,-0.8336386663206795,-0.7285629337933847,-0.7076414787301246
