seed,rho,a_seed,eta,gamma,init_rho,valid_obj,valid_prob,test_obj,test_prob,time,valid_cover,test_cover,valid_in,test_in,avg_val,valid_cvar,test_cvar
0,1,0,0.1,1,1,-0.6096110729966163,0.005,-0.5947500405401067,0.001,0.00037964,0.0,0.0,0.042809992380561664,0.04226707180749784,-0.8963495312536971,-0.4661845825429481,-0.4642695036342236
