seed,rho,a_seed,eta,gamma,init_rho,valid_obj,valid_prob,test_obj,test_prob,time,valid_cover,test_cover,valid_in,test_in,valid_avg,avg_val,valid_cvar,test_cvar
70,1,70,0.1,1,1,-0.5952574743066243,0.0075,-0.6083075919558532,0.001,0.000365431,0.0,0.0,0.046630140862656905,0.04749714079841341,-0.8106012110515483,-0.8001852224237582,-0.41657134159215164,-0.45611164693241596
