seed,rho,a_seed,eta,gamma,init_rho,valid_obj,valid_prob,test_obj,test_prob,time,valid_cover,test_cover,valid_in,test_in,avg_val,valid_cvar,test_cvar
90,1,90,0.1,1,1,-0.5745961743398968,0.0,-0.6041766958513743,0.002,0.00038107,0.0,0.0,0.011615163333013687,0.011724851814756788,-0.8992531369656183,-0.441089495552032,-0.459307965513946
