seed,rho,a_seed,eta,gamma,init_rho,valid_obj,valid_prob,test_obj,test_prob,time,valid_cover,test_cover,valid_in,test_in,valid_avg,avg_val,valid_cvar,test_cvar
20,1,20,0.05,1,1,-0.45036202927508817,0.0,-0.4436878344366527,0.01,0.00084696,0.0,0.0,0.05511182986583895,0.055111829865829846,-0.8147344141826574,-0.7875308453031716,-0.27859546859671025,-0.25212439973380296
