seed,rho,a_seed,eta,gamma,init_rho,valid_obj,valid_prob,test_obj,test_prob,time,valid_cover,test_cover,valid_in,test_in,valid_avg,avg_val,valid_cvar,test_cvar
30,1,30,0.05,1,1,-0.5474507572637852,0.0,-0.548274585444584,0.002,0.000767908,0.0,0.0,0.05057847704991289,0.05038410767731389,-0.8372389961390819,-0.8156382331549883,-0.44163899849744265,-0.4208420545238187
