seed,rho,a_seed,eta,gamma,init_rho,valid_obj,valid_prob,test_obj,test_prob,time,valid_cover,test_cover,valid_in,test_in,valid_avg,avg_val,valid_cvar,test_cvar
90,1,90,0.05,1,1,-0.47930028815538706,0.0,-0.5216132609243618,0.004,0.000738729,0.0,0.0,0.05988632116090535,0.059886321160899626,-0.8225135954259152,-0.8181169210308079,-0.36613311259368636,-0.38289385565571377
