seed,rho,a_seed,eta,gamma,init_rho,valid_obj,valid_prob,test_obj,test_prob,time,valid_cover,test_cover,valid_in,test_in,valid_avg,avg_val,valid_cvar,test_cvar
0,1,0,0.3,1,1,-0.626017658232678,0.0,-0.6577309693217903,0.0,0.00039298,0.0,0.0,0.04174697320954679,0.04169291305985368,-0.8514617072836497,-0.8376432758587216,-0.506668211739528,-0.5254638165043021
