seed,rho,a_seed,eta,gamma,init_rho,valid_obj,valid_prob,test_obj,test_prob,time,valid_cover,test_cover,valid_in,test_in,valid_avg,avg_val,valid_cvar,test_cvar
60,1,60,0.3,1,1,-0.49177800181064546,0.015,-0.48604501524672256,0.01,0.00040587,0.0,0.0,0.02685235237002676,0.02685235237014394,-0.8435506761552477,-0.8604016728120039,-0.25564366951511974,-0.26255772860076365
