seed,rho,a_seed,eta,gamma,init_rho,valid_obj,valid_prob,test_obj,test_prob,time,valid_cover,test_cover,valid_in,test_in,valid_avg,avg_val,valid_cvar,test_cvar
80,1,80,0.3,1,1,-0.5511067860067885,0.0,-0.5844039310735172,0.0,0.000485429,0.0,0.0,0.02204659009871427,0.022455428696586652,-0.8259372149076001,-0.8403610556311044,-0.4600095990915013,-0.42943776989633325
