seed,rho,a_seed,eta,gamma,init_rho,valid_obj,valid_prob,test_obj,test_prob,time,valid_cover,test_cover,valid_in,test_in,valid_avg,avg_val,valid_cvar,test_cvar
10,1,10,0.05,1,1,-0.48295044118214703,0.0,-0.45863170396903324,0.002,0.000772062,0.0,0.0,0.04601494558136052,0.046014945581352364,-0.8292612709280606,-0.8233707087832117,-0.35710076729197576,-0.3323475591262263
