seed,rho,a_seed,eta,gamma,init_rho,valid_obj,valid_prob,test_obj,test_prob,time,valid_cover,test_cover,valid_in,test_in,valid_avg,avg_val,valid_cvar,test_cvar
20,1,20,0.05,1,1,-0.47103154896403454,0.0,-0.46251551274822383,0.004,0.00083018,0.0,0.0,0.05774953670432392,0.05774953670434861,-0.8094682170659583,-0.7863059264330525,-0.30138550002952813,-0.27851833361745887
