seed,rho,a_seed,eta,gamma,init_rho,valid_obj,valid_prob,test_obj,test_prob,time,valid_cover,test_cover,valid_in,test_in,valid_avg,avg_val,valid_cvar,test_cvar
30,1,30,0.05,1,1,-0.5126527279496995,0.005,-0.5560973789386513,0.006,0.00041648,0.0,0.0,-0.010527140420936781,-0.009805827116627211,-0.8221462998933592,-0.8394558948711601,-0.35972637214372954,-0.3842458964944359
