seed,a_seed,nonrob_prob,nonrob_obj,scenario_probs,scenario_obj
10,10,1.0,-428.2916275806795,0.7787232712647799,-410.382438823116
