seed,rho,a_seed,eta,gamma,init_rho,valid_obj,valid_prob,test_obj,test_prob,time,valid_cover,test_cover,valid_in,test_in,avg_val
20,1,20,0.15,1,1,-0.5498915294308204,0.0,-0.5771356246073863,0.0,0.002402486,0.0,0.0,-0.585530353804665,-0.6115417183065331,-0.8134815317451419
