seed,rho,a_seed,eta,gamma,init_rho,valid_obj,valid_prob,test_obj,test_prob,time,valid_cover,test_cover,valid_in,test_in,avg_val,valid_cvar,test_cvar
20,1,20,0.05,1,1,-0.6898308416626103,0.0,-0.7041352443625672,0.0,0.002263034,0.0,0.0,0.015667508131687984,0.015454893407904229,-0.8805705197470463,-0.6021137158722818,-0.6180211213443476
