seed,rho,a_seed,eta,gamma,init_rho,valid_obj,valid_prob,test_obj,test_prob,time,valid_cover,test_cover,valid_in,test_in,valid_avg,avg_val,valid_cvar,test_cvar
30,1,30,0.05,1,1,-0.7588003246488197,0.0,-0.7479830758577777,0.0,0.002387643,0.0,0.0,0.0034264118440515295,0.0026437103061983,-0.8562703497659608,-0.8507513453917266,-0.6812562884518243,-0.6622996342298295
