seed,rho,a_seed,eta,gamma,init_rho,valid_obj,valid_prob,test_obj,test_prob,time,valid_cover,test_cover,valid_in,test_in,valid_avg,avg_val,valid_cvar,test_cvar
60,1,60,0.05,1,1,-0.7691167092922928,0.0,-0.7474818712333218,0.0,0.002128681,0.0,0.0,-0.00398222257440614,-0.003104844524464307,-0.8424193192452898,-0.8339176977465069,-0.7154459212205575,-0.6900411253573355
