,mean_eta,mean_init_rho,mean_valid_obj,mean_valid_prob,mean_test_obj,mean_test_prob,0.25_eta,0.25_init_rho,0.25_valid_obj,0.25_valid_prob,0.25_test_obj,0.25_test_prob,0.75_eta,0.75_init_rho,0.75_valid_obj,0.75_valid_prob,0.75_test_obj,0.75_test_prob
0,0.05,1.0,-0.8174286660070488,0.05830833333333333,-0.8199600488674776,0.060579999999999995,0.05,1.0,-0.8271394268912473,0.01,-0.8266656892799242,0.012,0.05,1.0,-0.8051936162203028,0.065,-0.8161156318907651,0.066
1,0.1,1.0,-0.8222434547277068,0.07634583333333333,-0.8230884698678502,0.07145666666666667,0.1,1.0,-0.8377548232469378,0.005,-0.832185995806681,0.008,0.1,1.0,-0.8091439855976686,0.085,-0.8111502379880473,0.082
2,0.15,1.0,-0.8207368523136768,0.12891249999999999,-0.8230496050044931,0.129795,0.15,1.0,-0.8324459172044048,0.01,-0.8339035208300507,0.006,0.15,1.0,-0.8103541109216854,0.2,-0.8124722178909876,0.1945
3,0.2,1.0,-0.8211312194498479,0.20700000000000002,-0.8209093343215502,0.20993333333333333,0.2,1.0,-0.8358514191383699,0.015,-0.8374361056294196,0.022,0.2,1.0,-0.8070072178443173,0.33,-0.8101145594797285,0.3305
4,0.23,1.0,-0.8212108830284264,0.2012,-0.8211619414534229,0.20491666666666666,0.23,1.0,-0.8308599630936666,0.01,-0.8308981166086484,0.014,0.23,1.0,-0.8129553772059823,0.31,-0.8145334486236115,0.336
5,0.25,1.0,-0.8249789193958523,0.24800833333333336,-0.8246183687024548,0.25436833333333336,0.25,1.0,-0.832274041135806,0.035,-0.8336561753952896,0.028,0.25,1.0,-0.8166663134579816,0.41,-0.8114771136171819,0.422
6,0.3,1.0,-0.8269526201873932,0.2978541666666667,-0.8234251351103222,0.3040316666666667,0.3,1.0,-0.8404842955336633,0.05,-0.8328221476416642,0.054,0.3,1.0,-0.8111414682187092,0.5,-0.8174717147517803,0.5085
7,0.33,1.0,-0.8182164806586455,0.3749708333333333,-0.8235676585353069,0.37744500000000003,0.33,1.0,-0.8296665356515739,0.12375,-0.8343892996371254,0.1355,0.33,1.0,-0.8132065433234897,0.62,-0.8131844533003847,0.613
8,0.35,1.0,-0.8245585477827021,0.39465,-0.8272914828940345,0.398175,0.35,1.0,-0.8356203085958154,0.165,-0.8401418936524638,0.164,0.35,1.0,-0.808455038482935,0.62,-0.815198110074141,0.632
