,mean_eta,mean_init_rho,mean_valid_obj,mean_valid_prob,mean_test_obj,mean_test_prob,0.25_eta,0.25_init_rho,0.25_valid_obj,0.25_valid_prob,0.25_test_obj,0.25_test_prob,0.75_eta,0.75_init_rho,0.75_valid_obj,0.75_valid_prob,0.75_test_obj,0.75_test_prob
0,0.05,1.0,-0.8377866191186053,0.198775,-0.8329460890308087,0.20054,0.05,1.0,-0.8649642816450696,0.01,-0.8586101185446524,0.006,0.05,1.0,-0.8055862573885024,0.42,-0.7964009217203616,0.43
1,0.1,1.0,-0.8126994508530665,0.19825,-0.8239607107413363,0.20038999999999998,0.1,1.0,-0.8388460047545113,0.02,-0.8504687557753823,0.016,0.1,1.0,-0.7726470350682475,0.39,-0.7862789750508576,0.4185
2,0.15,1.0,-0.8081915012388712,0.213025,-0.8095046287370034,0.21470666666666668,0.15,1.0,-0.8479789552341748,0.03,-0.8262130788862317,0.028,0.15,1.0,-0.7692062406957825,0.40625,-0.7824679987642063,0.414
3,0.2,1.0,-0.7811835317699543,0.22495,-0.8018655518440826,0.22475333333333333,0.2,1.0,-0.8036475480591666,0.04,-0.8189039234752886,0.038,0.2,1.0,-0.7437940935687753,0.41,-0.7767871487259713,0.436
4,0.23,1.0,-0.7913521855355594,0.24887499999999999,-0.7958529079546753,0.24769333333333335,0.23,1.0,-0.81846265374407,0.05,-0.8168888105401619,0.052,0.23,1.0,-0.759851800454005,0.47,-0.7773341425472455,0.468
5,0.25,1.0,-0.7778020601727076,0.22413333333333332,-0.7976711541324161,0.22242666666666666,0.25,1.0,-0.7928816551462345,0.045,-0.8141379147557026,0.04,0.25,1.0,-0.7426209075360862,0.43,-0.7745101321344551,0.41
6,0.3,1.0,-0.7839719742009057,0.23525833333333335,-0.7970911853075083,0.23573333333333332,0.3,1.0,-0.8192179305755358,0.05,-0.8167097177787073,0.048,0.3,1.0,-0.7454956994413544,0.40125,-0.7748372325015315,0.4485
7,0.33,1.0,-0.7704626460536539,0.24508333333333335,-0.7941560429210907,0.23405666666666666,0.33,1.0,-0.7928787100216111,0.055,-0.8136848821683025,0.042,0.33,1.0,-0.7416137025299814,0.445,-0.7739261936341773,0.45
8,0.35,1.0,-0.7724664046478165,0.2479,-0.792933156865626,0.24416000000000002,0.35,1.0,-0.7821037237992451,0.06,-0.8189507823798985,0.0515,0.35,1.0,-0.7411087031782562,0.44,-0.7685533369495494,0.433
