,mean_eta,mean_init_rho,mean_valid_obj,mean_valid_prob,mean_test_obj,mean_test_prob,mean_time,0.25_eta,0.25_init_rho,0.25_valid_obj,0.25_valid_prob,0.25_test_obj,0.25_test_prob,0.25_time,0.75_eta,0.75_init_rho,0.75_valid_obj,0.75_valid_prob,0.75_test_obj,0.75_test_prob,0.75_time
0,0.05,1.0,-0.8297734678108225,0.18248000000000003,-0.8406977074848607,0.182296,0.0004513494,0.05,1.0,-0.8792095353540886,0.0,-0.8663831463940125,0.0,0.000412719,0.05,1.0,-0.7978331708071524,0.31875,-0.8073687220859919,0.334,0.000472288
1,0.1,1.0,-0.8389496313944179,0.2489866666666667,-0.845928556917812,0.25184,0.0004765505,0.1,1.0,-0.8631704864657995,0.0,-0.8781689007320334,0.0,0.000421749,0.1,1.0,-0.8069929186460282,0.515,-0.8027276849443884,0.5215000000000001,0.000541948
2,0.15,1.0,-0.8345399959379052,0.2545733333333333,-0.8528130008773299,0.25208,0.0004689365,0.15,1.0,-0.8677997575735439,0.0,-0.8831546046507667,0.0,0.000392219,0.15,1.0,-0.8017847733977763,0.5437500000000001,-0.8033014254294732,0.5265,0.000566888
3,0.2,1.0,-0.843816076214191,0.2822866666666667,-0.8465225350759121,0.2799066666666667,0.0004672756,0.2,1.0,-0.8911283432488084,0.0,-0.8780575618409866,0.0,0.000382139,0.2,1.0,-0.7850961021674411,0.61375,-0.8008952967171943,0.605,0.000552398
4,0.23,1.0,-0.8481403496159672,0.29445333333333334,-0.8466616196379787,0.29252,0.00047200160000000004,0.23,1.0,-0.8755226431827728,0.0,-0.8906543142464386,0.0,0.000396098,0.23,1.0,-0.8269077129426027,0.66,-0.7930239627242117,0.6415,0.000533988
5,0.25,1.0,-0.830237698439817,0.29633333333333334,-0.845170704063483,0.28863466666666665,0.00043449670000000006,0.25,1.0,-0.8713862939964062,0.0,-0.8640975567563856,0.0,0.000373989,0.25,1.0,-0.7946503328464306,0.67,-0.8015251993780148,0.642,0.000500478
6,0.3,1.0,-0.8358826666768006,0.30821333333333334,-0.8469810095280794,0.302112,0.00045671559999999994,0.3,1.0,-0.8598334543203732,0.0,-0.8700000187376504,0.0,0.000389589,0.3,1.0,-0.8080837691889968,0.69,-0.8087188540046506,0.673,0.000531359
7,0.33,1.0,-0.8303757909728977,0.30828,-0.8393912527109819,0.303832,0.00046125550000000005,0.33,1.0,-0.8693518145982713,0.0,-0.8700005090498463,0.0,0.000388329,0.33,1.0,-0.782868450571863,0.675,-0.7953655785882323,0.657,0.000511619
8,0.35,1.0,-0.8464428036070234,0.32449333333333336,-0.8483310938704482,0.32122666666666666,0.0004856783,0.35,1.0,-0.8746922818277111,0.0,-0.8949009764184387,0.0,0.000427369,0.35,1.0,-0.8130640364217937,0.745,-0.7931110495962728,0.731,0.000544898
