,mean_eta,mean_init_rho,mean_valid_obj,mean_valid_prob,mean_test_obj,mean_test_prob,0.25_eta,0.25_init_rho,0.25_valid_obj,0.25_valid_prob,0.25_test_obj,0.25_test_prob,0.75_eta,0.75_init_rho,0.75_valid_obj,0.75_valid_prob,0.75_test_obj,0.75_test_prob
0,0.05,1.0,-0.8463110087819312,0.12842,-0.8503090939632897,0.12596,0.05,1.0,-0.8879457003553106,0.0,-0.8969265691730091,0.0,0.05,1.0,-0.8056073288909644,0.19375,-0.8194554352339539,0.196
1,0.1,1.0,-0.8414524041478518,0.13672,-0.8525496196721454,0.134832,0.1,1.0,-0.867323229040636,0.0,-0.8857496427554578,0.0,0.1,1.0,-0.8115802671952533,0.23,-0.824864186331624,0.228
2,0.15,1.0,-0.839461297956518,0.15917333333333333,-0.8501252141468763,0.15502133333333334,0.15,1.0,-0.8871852877037865,0.0,-0.8967767736856813,0.0,0.15,1.0,-0.7924233270897745,0.27375000000000005,-0.8011180371465086,0.254
3,0.2,1.0,-0.8408963853594607,0.16684666666666667,-0.8357955187793351,0.16579200000000002,0.2,1.0,-0.8842174052066144,0.0,-0.8692026216330481,0.0,0.2,1.0,-0.7831965532460523,0.285,-0.7894968418374931,0.2955
4,0.23,1.0,-0.8422361950122793,0.18890666666666667,-0.8475985423093495,0.18428,0.23,1.0,-0.8923844093284363,0.0,-0.8883227098222853,0.002,0.23,1.0,-0.7869452245844781,0.345,-0.8053100372381895,0.3375
5,0.25,1.0,-0.8387192006000407,0.18430666666666665,-0.8413930153728356,0.184992,0.25,1.0,-0.8955532580710817,0.0,-0.8759682202154867,0.0,0.25,1.0,-0.775604802606308,0.33375,-0.793500873900701,0.3405
6,0.3,1.0,-0.84020489630821,0.20129333333333332,-0.8454143892918318,0.200072,0.3,1.0,-0.9164325197305618,0.0,-0.8959512582596727,0.0,0.3,1.0,-0.780748125955204,0.375,-0.7887785363147275,0.3735
7,0.33,1.0,-0.8422711265803806,0.1940666666666667,-0.8483825372849143,0.19222666666666666,0.33,1.0,-0.8877325286092295,0.0,-0.8932686140754131,0.0,0.33,1.0,-0.7828269924151756,0.355,-0.8197290534454508,0.369
8,0.35,1.0,-0.8384670116639285,0.21334,-0.8458527220624974,0.20746399999999998,0.35,1.0,-0.8835096420842767,0.0,-0.9055852014344132,0.0,0.35,1.0,-0.7966057502515937,0.41,-0.7991389323870626,0.4
