,mean_eta,mean_init_rho,mean_valid_obj,mean_valid_prob,mean_test_obj,mean_test_prob,0.25_eta,0.25_init_rho,0.25_valid_obj,0.25_valid_prob,0.25_test_obj,0.25_test_prob,0.75_eta,0.75_init_rho,0.75_valid_obj,0.75_valid_prob,0.75_test_obj,0.75_test_prob
0,0.05,1.0,-0.8635115905123093,0.076,-0.8605277593760767,0.07874133333333333,0.05,1.0,-0.8911055037987958,0.0,-0.8843937490947946,0.0,0.05,1.0,-0.8274662419654868,0.115,-0.8298928027808637,0.118
1,0.1,1.0,-0.8443481074322565,0.12856,-0.8392574608759005,0.12526933333333334,0.1,1.0,-0.8748776398772042,0.0,-0.9002494789169619,0.0,0.1,1.0,-0.8028849330245507,0.215,-0.8003657427955336,0.204
2,0.15,1.0,-0.8337654596316936,0.13511333333333334,-0.8446483101542581,0.133424,0.15,1.0,-0.8829497769211244,0.0,-0.885071611971246,0.0,0.15,1.0,-0.7874575868724132,0.24,-0.8054523188603999,0.228
3,0.2,1.0,-0.8377625784803243,0.14058,-0.8356587118090987,0.14305333333333334,0.2,1.0,-0.868602045771532,0.0,-0.8552757986182508,0.0,0.2,1.0,-0.7947749261703403,0.25375000000000003,-0.802233311717029,0.262
4,0.23,1.0,-0.852479970575449,0.14538,-0.8395430921024715,0.14619733333333332,0.23,1.0,-0.8867793245558986,0.0,-0.858155661995587,0.0,0.23,1.0,-0.81047154507694,0.255,-0.8037906778859928,0.2625
5,0.25,1.0,-0.8398123283477186,0.15190666666666666,-0.8370873237600517,0.149608,0.25,1.0,-0.8867295008019677,0.0,-0.8579992747023005,0.0,0.25,1.0,-0.7935042488888667,0.275,-0.791304731780152,0.27
6,0.3,1.0,-0.8417914267399426,0.16826666666666668,-0.8531772616524963,0.16382933333333333,0.3,1.0,-0.8697617172977418,0.0,-0.9088555771823155,0.0,0.3,1.0,-0.8029691998518762,0.32,-0.8130794318292441,0.3115
7,0.33,1.0,-0.8445722420089552,0.1623,-0.8268321725047985,0.168296,0.33,1.0,-0.8838725997003611,0.0,-0.8425640010032106,0.0,0.33,1.0,-0.8037689316040231,0.3,-0.7895635252980514,0.312
8,0.35,1.0,-0.8391398509671891,0.17855333333333331,-0.8421475540703453,0.17604266666666668,0.35,1.0,-0.8860365025820557,0.0,-0.8882832189360126,0.0,0.35,1.0,-0.7853624219927203,0.335,-0.7990922908574755,0.3275
