,mean_eta,mean_init_rho,mean_valid_obj,mean_valid_prob,mean_test_obj,mean_test_prob,0.25_eta,0.25_init_rho,0.25_valid_obj,0.25_valid_prob,0.25_test_obj,0.25_test_prob,0.75_eta,0.75_init_rho,0.75_valid_obj,0.75_valid_prob,0.75_test_obj,0.75_test_prob
0,0.05,1.0,-0.8123234340278462,0.04592916666666667,-0.809390711779317,0.050284999999999996,0.05,1.0,-0.8256342974120189,0.005,-0.8216016724206918,0.014,0.05,1.0,-0.8074795948348514,0.05,-0.8026593799068374,0.056
1,0.1,1.0,-0.8233271740598833,0.07827916666666666,-0.8190821155217752,0.08173666666666667,0.1,1.0,-0.8311855855502434,0.02,-0.8335474847437132,0.02,0.1,1.0,-0.8152020609545871,0.095,-0.8040148761212376,0.1
2,0.15,1.0,-0.825212810950074,0.08204166666666667,-0.8218935983208067,0.08171833333333334,0.15,1.0,-0.8381172278655228,0.015,-0.8295254165798989,0.016,0.15,1.0,-0.8129557791235579,0.1,-0.8080119564189224,0.098
3,0.2,1.0,-0.8258878186342864,0.07477916666666666,-0.8251442226906329,0.07537,0.2,1.0,-0.8355458130216404,0.005,-0.8358627875854344,0.006,0.2,1.0,-0.8187596134144017,0.085,-0.819102679701517,0.086
4,0.23,1.0,-0.8269579607598998,0.07590416666666666,-0.824803228760656,0.07696833333333333,0.23,1.0,-0.8332570013810376,0.0,-0.8343723375797714,0.0055,0.23,1.0,-0.8172463690293617,0.085,-0.8126405153966476,0.084
5,0.25,1.0,-0.823694563779375,0.08144583333333333,-0.8225300086349313,0.08284666666666667,0.25,1.0,-0.8304725190398202,0.01,-0.8361266368082324,0.008,0.25,1.0,-0.8100162400156481,0.09,-0.8119660334342931,0.096
6,0.3,1.0,-0.8305407082760519,0.076525,-0.8326206193006039,0.07541833333333332,0.3,1.0,-0.8384430142903776,0.0,-0.8485573265261219,0.004,0.3,1.0,-0.816750200810505,0.075,-0.8210040689113042,0.076
7,0.33,1.0,-0.8236940037934194,0.0877875,-0.8238431399662525,0.08913666666666667,0.33,1.0,-0.8350487657110055,0.005,-0.8385376199763821,0.004,0.33,1.0,-0.8058391238103907,0.1,-0.8113904378185222,0.1045
8,0.35,1.0,-0.8246526338002581,0.07440416666666666,-0.8230019281891324,0.07689333333333334,0.35,1.0,-0.8338520057762354,0.0,-0.8314059964001651,0.004,0.35,1.0,-0.8137013736880551,0.07,-0.8113809841614052,0.0745
