,mean_eta,mean_init_rho,mean_valid_obj,mean_valid_prob,mean_test_obj,mean_test_prob,0.25_eta,0.25_init_rho,0.25_valid_obj,0.25_valid_prob,0.25_test_obj,0.25_test_prob,0.75_eta,0.75_init_rho,0.75_valid_obj,0.75_valid_prob,0.75_test_obj,0.75_test_prob
0,0.05,1.0,-0.7795036470095628,0.11648333333333333,-0.7947144189905871,0.11350666666666666,0.05,1.0,-0.8182055433327596,0.0,-0.8080156580584505,0.002,0.05,1.0,-0.7500943373197442,0.235,-0.7819154130892401,0.26
1,0.1,1.0,-0.805359178050459,0.14581666666666665,-0.8149356652044113,0.13777333333333333,0.1,1.0,-0.8395004453589311,0.005,-0.8456261704241148,0.004,0.1,1.0,-0.7767151963974372,0.295,-0.7774007846488904,0.31
2,0.15,1.0,-0.8073200240517825,0.15200833333333333,-0.812554364832201,0.14546666666666666,0.15,1.0,-0.8291794354549422,0.01,-0.834417153884966,0.01,0.15,1.0,-0.7730415440582736,0.33,-0.7828392116624368,0.32
3,0.2,1.0,-0.8117587802627519,0.14395833333333333,-0.812438324663798,0.15146333333333334,0.2,1.0,-0.8336586561003894,0.01,-0.8397530209471762,0.012,0.2,1.0,-0.7559035071083406,0.295,-0.7784936526225525,0.302
4,0.23,1.0,-0.8213364331569045,0.1638,-0.8213351049900084,0.17089000000000001,0.23,1.0,-0.8638480801458487,0.015,-0.8454665374644844,0.018,0.23,1.0,-0.780239958899554,0.32,-0.7885345555746119,0.324
5,0.25,1.0,-0.8247760578232428,0.17326666666666665,-0.8275745811691771,0.17689333333333332,0.25,1.0,-0.8638480803203124,0.02,-0.8527205484501151,0.022,0.25,1.0,-0.7782726493359116,0.34,-0.7837683194725464,0.354
6,0.3,1.0,-0.7956496289027357,0.19053333333333333,-0.8147665319763545,0.18565,0.3,1.0,-0.8072024318409124,0.025,-0.8352292760176565,0.028,0.3,1.0,-0.7599825310253983,0.37124999999999997,-0.7745441940349783,0.362
7,0.33,1.0,-0.7810993648063947,0.20929166666666668,-0.7934374856774831,0.20527666666666666,0.33,1.0,-0.7953962467413948,0.035,-0.8164570138790345,0.03,0.33,1.0,-0.7522788045680794,0.4,-0.7629759195173245,0.4185
8,0.35,1.0,-0.7831216506662187,0.21276666666666666,-0.7930974557269084,0.21077666666666667,0.35,1.0,-0.7940126347839869,0.03,-0.8135900385610625,0.0355,0.35,1.0,-0.7576671993647159,0.415,-0.7717070287337988,0.396
