,mean_eta,mean_init_rho,mean_valid_obj,mean_valid_prob,mean_test_obj,mean_test_prob,mean_time,0.25_eta,0.25_init_rho,0.25_valid_obj,0.25_valid_prob,0.25_test_obj,0.25_test_prob,0.25_time,0.75_eta,0.75_init_rho,0.75_valid_obj,0.75_valid_prob,0.75_test_obj,0.75_test_prob,0.75_time
0,0.05,1.0,-0.8231350774666109,0.17184,-0.8282234378902649,0.16941866666666666,0.00046549250000000003,0.05,1.0,-0.8509182135727626,0.0,-0.8396597133136592,0.0,0.000376359,0.05,1.0,-0.7928974989230214,0.29,-0.7958780514710502,0.276,0.000553418
1,0.1,1.0,-0.8330801079523428,0.23395333333333335,-0.8546317173650531,0.23339733333333335,0.0005028153,0.1,1.0,-0.8810092191776537,0.0,-0.8781413271607192,0.0,0.000483078,0.1,1.0,-0.7853638636758749,0.46,-0.8187468288348052,0.452,0.000534009
2,0.15,1.0,-0.8285232054620159,0.24874666666666667,-0.8413742908641637,0.24259999999999998,0.0004830863,0.15,1.0,-0.8526705507454655,0.0,-0.8698904477402734,0.0,0.000424038,0.15,1.0,-0.8027662074295603,0.515,-0.8081097089571767,0.5075000000000001,0.000526628
3,0.2,1.0,-0.8274693968920941,0.27960666666666667,-0.8309956115017694,0.2738693333333333,0.0004978145,0.2,1.0,-0.8764860308599327,0.0,-0.8727340096357629,0.0,0.000477598,0.2,1.0,-0.7965127106616673,0.61875,-0.786411762462327,0.586,0.000544358
4,0.23,1.0,-0.8347613071922786,0.29105333333333333,-0.8207544241167816,0.291944,0.00046280860000000003,0.23,1.0,-0.8879029774130265,0.0,-0.8667353768020103,0.0,0.000430578,0.23,1.0,-0.7987406767222981,0.6637500000000001,-0.7834299019055451,0.656,0.000513179
5,0.25,1.0,-0.8259879155513788,0.30124,-0.8420000981881441,0.29672533333333334,0.0004749236,0.25,1.0,-0.8703556867032028,0.0,-0.8657034918367442,0.0,0.000385259,0.25,1.0,-0.7893924091580015,0.69,-0.803559744817403,0.6635,0.000535529
6,0.3,1.0,-0.8207539867063285,0.3003933333333333,-0.8377550901750439,0.298144,0.0004515677,0.3,1.0,-0.8626940973107567,0.0,-0.8676950473941258,0.0,0.000382429,0.3,1.0,-0.7760344200083666,0.6587500000000001,-0.7915850715487555,0.653,0.000558398
7,0.33,1.0,-0.8180553691185968,0.31459333333333334,-0.8235466142908502,0.312696,0.00043754239999999994,0.33,1.0,-0.8577725933803098,0.0,-0.8625131149951037,0.0,0.000380879,0.33,1.0,-0.7701039945763544,0.7,-0.7827029487530711,0.695,0.000504638
8,0.35,1.0,-0.8232653233731785,0.32415333333333335,-0.8333716177410494,0.3211813333333333,0.0004439924,0.35,1.0,-0.8619062880245223,0.0,-0.8633438645816065,0.0,0.000376958,0.35,1.0,-0.7868468333236357,0.74875,-0.7879141969746648,0.74,0.000531868
