,mean_eta,mean_init_rho,mean_valid_obj,mean_valid_prob,mean_test_obj,mean_test_prob,mean_time,0.25_eta,0.25_init_rho,0.25_valid_obj,0.25_valid_prob,0.25_test_obj,0.25_test_prob,0.25_time,0.75_eta,0.75_init_rho,0.75_valid_obj,0.75_valid_prob,0.75_test_obj,0.75_test_prob,0.75_time
0,0.05,1.0,-0.8185019699548126,0.18766,-0.8329305086177111,0.18257066666666666,0.0005040885,0.05,1.0,-0.8643513470745703,0.0,-0.854435720287931,0.0,0.000455028,0.05,1.0,-0.77593768541085,0.32875,-0.7963610509693796,0.3075,0.000550358
1,0.1,1.0,-0.8423945156100475,0.24762,-0.8465367420816724,0.24508,0.00044278179999999995,0.1,1.0,-0.8771691754333172,0.0,-0.863920020680542,0.0,0.000381069,0.1,1.0,-0.8060369765709634,0.52375,-0.8241700192457979,0.5055000000000001,0.000458549
2,0.15,1.0,-0.8454081613846695,0.24946666666666667,-0.8403043983237931,0.250336,0.00043719070000000003,0.15,1.0,-0.8890648976566432,0.0,-0.8700917078452992,0.0,0.000342799,0.15,1.0,-0.8096328747629413,0.505,-0.8043493097748617,0.5105,0.000540328
3,0.2,1.0,-0.8589094685595695,0.30023333333333335,-0.8552423490859602,0.296296,0.0005164722,0.2,1.0,-0.8936019759463654,0.0,-0.9000401865836147,0.0,0.000519748,0.2,1.0,-0.8116076314456743,0.675,-0.8019683279764873,0.6665000000000001,0.000542488
4,0.23,1.0,-0.8541706907929627,0.30099333333333333,-0.856065731019646,0.2966533333333333,0.00043286169999999996,0.23,1.0,-0.902597165303339,0.0,-0.8974722965901347,0.0,0.000342729,0.23,1.0,-0.8118221407795134,0.6637500000000001,-0.79995550359186,0.661,0.000547329
5,0.25,1.0,-0.8567236328435751,0.29690666666666665,-0.8415867432480842,0.29255733333333334,0.0004605134,0.25,1.0,-0.8934122120615438,0.0,-0.8715614901173169,0.0,0.000359809,0.25,1.0,-0.7906090060994992,0.6587500000000001,-0.7885454646260537,0.6455,0.000509998
6,0.3,1.0,-0.8392285272808463,0.31714,-0.846716308555206,0.31236,0.00043554469999999997,0.3,1.0,-0.8852720975326606,0.0,-0.8896781315415572,0.0,0.000390039,0.3,1.0,-0.7997293411066474,0.71,-0.7922749049860767,0.708,0.000506508
7,0.33,1.0,-0.8480580889299002,0.32370666666666664,-0.8489289841851928,0.321992,0.0004221426,0.33,1.0,-0.8971852714185242,0.0,-0.8874477673910546,0.0,0.000371409,0.33,1.0,-0.8016754129443103,0.72875,-0.8042521254577104,0.7284999999999999,0.000475129
8,0.35,1.0,-0.8453043899128344,0.3245266666666667,-0.8429960887822157,0.3223493333333333,0.0004472254,0.35,1.0,-0.90137399444523,0.0,-0.8839284859557894,0.0,0.000380339,0.35,1.0,-0.80092327341414,0.75375,-0.7980912784789346,0.745,0.000533818
