,mean_eta,mean_init_rho,mean_valid_obj,mean_valid_prob,mean_test_obj,mean_test_prob,0.25_eta,0.25_init_rho,0.25_valid_obj,0.25_valid_prob,0.25_test_obj,0.25_test_prob,0.75_eta,0.75_init_rho,0.75_valid_obj,0.75_valid_prob,0.75_test_obj,0.75_test_prob
0,0.05,1.0,-0.8077534506950794,0.03705,-0.8073394668377435,0.03801,0.05,1.0,-0.8178752873047637,0.01,-0.8211095912250608,0.01,0.05,1.0,-0.7906053615550961,0.045,-0.8023626293791268,0.046
1,0.1,1.0,-0.8213288036138969,0.05757916666666667,-0.8177884655692859,0.05882166666666667,0.1,1.0,-0.8268395637261086,0.015,-0.8225436963262884,0.012,0.1,1.0,-0.8122197481436704,0.07,-0.8107044251705967,0.076
2,0.15,1.0,-0.8183840010514968,0.06482083333333333,-0.8172375235515801,0.06529333333333334,0.15,1.0,-0.8238864906291232,0.015,-0.8264639203909391,0.016,0.15,1.0,-0.808015281327011,0.08,-0.8077782907532572,0.082
3,0.2,1.0,-0.8199693226625246,0.06536666666666667,-0.8176419450955534,0.063715,0.2,1.0,-0.8287582045759141,0.01,-0.8248820358005442,0.01,0.2,1.0,-0.8071681017056075,0.07,-0.8065576260819141,0.0725
4,0.23,1.0,-0.8195742576453372,0.06029583333333333,-0.8185214266790359,0.06027666666666666,0.23,1.0,-0.8343224019310925,0.0,-0.8276950348488981,0.004,0.23,1.0,-0.8013934186597078,0.065,-0.8108015339691026,0.068
5,0.25,1.0,-0.8240637214345874,0.0612,-0.8206003102811538,0.06116833333333333,0.25,1.0,-0.8348307951741535,0.005,-0.8284307604927439,0.002,0.25,1.0,-0.8157852002250866,0.065,-0.8100471111627194,0.064
6,0.3,1.0,-0.8270219403838811,0.05374583333333334,-0.8250391279834203,0.055226666666666674,0.3,1.0,-0.8349992494360723,0.0,-0.8400315857210607,0.0,0.3,1.0,-0.8187594868748461,0.05,-0.8101308269425045,0.046
7,0.33,1.0,-0.8275705014684249,0.057425,-0.8255923977661267,0.05912333333333334,0.33,1.0,-0.8395924927448242,0.0,-0.8387250667918874,0.0,0.33,1.0,-0.8114210980644919,0.055,-0.8144728510625764,0.0545
8,0.35,1.0,-0.8264163236769805,0.062204166666666665,-0.8235269129118278,0.06390833333333333,0.35,1.0,-0.8347937037208554,0.0,-0.8337396117651397,0.0,0.35,1.0,-0.8101575734906371,0.06,-0.8131437053229481,0.062
