,mean_eta,mean_init_rho,mean_valid_obj,mean_valid_prob,mean_test_obj,mean_test_prob,0.25_eta,0.25_init_rho,0.25_valid_obj,0.25_valid_prob,0.25_test_obj,0.25_test_prob,0.75_eta,0.75_init_rho,0.75_valid_obj,0.75_valid_prob,0.75_test_obj,0.75_test_prob
0,0.05,1.0,-0.8344806518466309,0.13524666666666668,-0.8430086436904696,0.13065066666666666,0.05,1.0,-0.8663038367929097,0.0,-0.8724251944889023,0.0,0.05,1.0,-0.7955203715482896,0.215,-0.8018124002525295,0.2
1,0.1,1.0,-0.8432088545152161,0.15941333333333332,-0.8482125247306794,0.160464,0.1,1.0,-0.8966299187661284,0.0,-0.8916341732995865,0.0,0.1,1.0,-0.7778817644619576,0.27875000000000005,-0.8054328116755032,0.287
2,0.15,1.0,-0.8365024894109402,0.17412666666666665,-0.8516887642834596,0.165408,0.15,1.0,-0.8663702496970667,0.0,-0.8944145105846376,0.0,0.15,1.0,-0.7952926444069485,0.31,-0.8074456572733774,0.288
3,0.2,1.0,-0.8542400209426186,0.19866666666666666,-0.8501706688552908,0.198616,0.2,1.0,-0.9063254987605587,0.0,-0.8994191305871343,0.0,0.2,1.0,-0.7961474759881715,0.36,-0.8049562608046985,0.361
4,0.23,1.0,-0.8477524678082653,0.18955333333333332,-0.8432027278906711,0.1891546666666667,0.23,1.0,-0.9236445773957564,0.0,-0.8858458418349185,0.0,0.23,1.0,-0.7889489572697472,0.345,-0.8017348438025502,0.3575
5,0.25,1.0,-0.8606797999500166,0.18858,-0.8446621954013644,0.18952266666666667,0.25,1.0,-0.8995604970253026,0.0,-0.8732306805221726,0.0,0.25,1.0,-0.8165700552232711,0.33375,-0.7980818366669191,0.3385
6,0.3,1.0,-0.8406314087823626,0.20699333333333333,-0.8359728470169703,0.20746133333333333,0.3,1.0,-0.9066766317804542,0.0,-0.8671987094539654,0.002,0.3,1.0,-0.784637401231005,0.39375000000000004,-0.7894106558628379,0.3965
7,0.33,1.0,-0.8314184566251673,0.22313333333333332,-0.8397752603162055,0.21882666666666667,0.33,1.0,-0.880449130689737,0.0,-0.8592694989066614,0.0,0.33,1.0,-0.7772368671679887,0.435,-0.7946319670937083,0.428
8,0.35,1.0,-0.8424915502430653,0.22753333333333334,-0.8329764910463046,0.23096,0.35,1.0,-0.9019479064161121,0.0,-0.8613470177338546,0.002,0.35,1.0,-0.7891801334200665,0.44,-0.7944280864634972,0.4445
