seed,rho,a_seed,eta,gamma,init_rho,valid_obj,valid_prob,test_obj,test_prob,time,valid_cover,test_cover,valid_in,test_in,avg_val
0,1,0,0.12,1,1,-0.3585573900914406,0.005,-0.37972669751932137,0.0,0.000419513,0.0,0.0,-0.3962588958641138,-0.4065798047042208,-0.8389893968302198
