seed,rho,a_seed,eta,gamma,init_rho,valid_obj,valid_prob,test_obj,test_prob,time,valid_cover,test_cover,valid_in,test_in,avg_val
10,1,10,0.12,1,1,-0.35292650636932893,0.0025,-0.36695433822487755,0.003,0.000473462,0.0,0.0,-0.3844840984517626,-0.3943846568345714,-0.7943736519545196
