seed,a_seed,nonrob_prob,nonrob_obj,scenario_probs,scenario_obj
60,60,0.6206537610576766,-0.8638459008018847,0.4480321690334699,-0.8146112247646748
