seed,rho,a_seed,eta,gamma,init_rho,valid_obj,valid_prob,test_obj,test_prob,time,valid_cover,test_cover,valid_in,test_in,avg_val
10,1,10,0.1,1,1,-0.3541403214618018,0.0025,-0.3675673231549018,0.002,0.000394183,0.0,0.0,-0.3541403214618018,-0.3675673231549018,-0.7973614950090555
