seed,rho,a_seed,eta,gamma,init_rho,valid_obj,valid_prob,test_obj,test_prob,time,valid_cover,test_cover,valid_in,test_in,avg_val
20,1,20,0.1,1,1,-0.35957993556178713,0.0025,-0.3820061624145893,0.0,0.000408142,0.0,0.0,-0.35957993556178713,-0.3820061624145893,-0.8083895143603176
