seed,rho,a_seed,eta,gamma,init_rho,valid_obj,valid_prob,test_obj,test_prob,time,valid_cover,test_cover,valid_in,test_in,avg_val
30,1,30,0.1,1,1,-0.2899289179963508,0.0,-0.3086477529364099,0.002,0.000434173,0.0,0.0,-0.2899289179963508,-0.3086477529364099,-0.8182634271775282
