seed,rho,a_seed,eta,gamma,init_rho,valid_obj,valid_prob,test_obj,test_prob,time,valid_cover,test_cover,valid_in,test_in,avg_val
0,1,0,0.12,1,1,-0.3913279964403457,0.0,-0.42720960018111115,0.0,0.00036387,0.0,0.0,-0.42000372450036233,-0.45616285638187265,-0.8458485924276081
