seed,rho,a_seed,eta,gamma,init_rho,valid_obj,valid_prob,test_obj,test_prob,time,valid_cover,test_cover,valid_in,test_in,avg_val
40,1,40,0.12,1,1,-0.22632393952602728,0.005,-0.18299208343054768,0.008,0.00040409,0.0,0.0,-0.24834674020526273,-0.21954191903970507,-0.8549529385058878
