seed,rho,a_seed,eta,gamma,init_rho,valid_obj,valid_prob,test_obj,test_prob,time,valid_cover,test_cover,valid_in,test_in,avg_val,valid_cvar,test_cvar
60,1,60,0.2,1,1,-0.5856270919067603,0.0025,-0.559465884000675,0.001,0.00049254,0.0,0.0,0.07052228335913002,0.07052228335911229,-0.8811607152804997,-0.4053747792856323,-0.41789213012548665
