seed,rho,a_seed,eta,gamma,init_rho,valid_obj,valid_prob,test_obj,test_prob,time,valid_cover,test_cover,valid_in,test_in,avg_val
20,1,20,0.3,1,1,-0.5268394485095671,0.0,-0.4466775934946725,0.002,0.002241193,0.0,0.0,-0.6652556917407041,-0.6085892134900162,-0.8442075416628826
