seed,rho,a_seed,eta,gamma,init_rho,valid_obj,valid_prob,test_obj,test_prob,time,valid_cover,test_cover,valid_in,test_in,avg_val
30,1,30,0.3,1,1,-0.5102786385837097,0.0,-0.5256346858197665,0.0,0.002275492,0.0,0.0,-0.6454478686646764,-0.6402329332932255,-0.8357494476217421
