seed,rho,a_seed,eta,gamma,init_rho,valid_obj,valid_prob,test_obj,test_prob,time,valid_cover,test_cover,valid_in,test_in,avg_val
70,1,70,0.3,1,1,-0.50416583435592,0.0,-0.49538299994074375,0.0,0.002329703,0.0,0.0,-0.6256526731872966,-0.6226440463468238,-0.8205063253974315
