seed,rho,a_seed,eta,gamma,init_rho,valid_obj,valid_prob,test_obj,test_prob,time,valid_cover,test_cover,valid_in,test_in,valid_avg,avg_val,valid_cvar,test_cvar
20,1,20,0.15,1,1,-0.6949997836854781,0.0,-0.7164625016046899,0.0,0.002233817,0.0,0.0,0.017885070128787536,0.017885070128787626,-0.8497361420665368,-0.8494383260232944,-0.6122475496651398,-0.629358773889937
