seed,rho,a_seed,eta,gamma,init_rho,valid_obj,valid_prob,test_obj,test_prob,time,valid_cover,test_cover,valid_in,test_in,valid_avg,avg_val,valid_cvar,test_cvar
30,1,30,0.15,1,1,-0.7370597578048592,0.0,-0.7681603178737455,0.0,0.002213077,0.0,0.0,0.006708413017549077,0.007150770785332135,-0.8426787767352237,-0.8475487721639141,-0.6425414565733422,-0.6653539501213988
