seed,rho,a_seed,eta,gamma,init_rho,valid_obj,valid_prob,test_obj,test_prob,time,valid_cover,test_cover,valid_in,test_in,avg_val,valid_cvar,test_cvar
10,1,10,0.2,1,1,-0.566769801553127,0.0,-0.5952893718966776,0.002,0.000430621,0.0,0.0,0.0494957197039684,0.049495719703974324,-0.8981353351576935,-0.383611818657924,-0.4618317432381362
