seed,rho,a_seed,eta,gamma,init_rho,valid_obj,valid_prob,test_obj,test_prob,time,valid_cover,test_cover,valid_in,test_in,valid_avg,avg_val,valid_cvar,test_cvar
30,1,30,0.2,1,1,-0.5146144527402177,0.0025,-0.5492729080953465,0.003,0.000361431,0.0,0.0,0.051817664456805634,0.05181766445681947,-0.7950136949418072,-0.8165297008433057,-0.3761864307114639,-0.36549481287859664
