seed,rho,a_seed,eta,gamma,init_rho,valid_obj,valid_prob,test_obj,test_prob,time,valid_cover,test_cover,valid_in,test_in,avg_val,valid_cvar,test_cvar
60,1,60,0.2,1,1,-0.5968010302761247,0.005,-0.5549623542016244,0.001,0.00040612,0.0,0.0,0.06492528259100158,0.06492528259100155,-0.8670337217076962,-0.42009699935249845,-0.4116395206943141
