seed,rho,a_seed,eta,gamma,init_rho,valid_obj,valid_prob,test_obj,test_prob,time,valid_cover,test_cover,valid_in,test_in,valid_avg,avg_val,valid_cvar,test_cvar
60,1,60,0.2,1,1,-0.5680101353797051,0.0025,-0.5466082013902986,0.001,0.000408142,0.0,0.0,0.052021155481405915,0.052021155481372615,-0.8290761172837189,-0.8190352280328119,-0.4416022025357695,-0.4299509772107013
