seed,rho,a_seed,eta,gamma,init_rho,valid_obj,valid_prob,test_obj,test_prob,time,valid_cover,test_cover,valid_in,test_in,avg_val,valid_cvar,test_cvar
80,1,80,0.2,1,1,-0.49141707262973866,0.0025,-0.48677534860813665,0.003,0.00037885,0.0,0.0,0.042287662714065075,0.042287662714140056,-0.8477884542314296,-0.3401996830370872,-0.32025268508553395
