seed,rho,a_seed,eta,gamma,init_rho,valid_obj,valid_prob,test_obj,test_prob,time,valid_cover,test_cover,valid_in,test_in,valid_avg,avg_val,valid_cvar,test_cvar
80,1,80,0.2,1,1,-0.5087168466765015,0.0,-0.5160166586450677,0.0,0.000421071,0.0,0.0,0.06397969708965676,0.06397969708963322,-0.7910158624641519,-0.801761680817628,-0.3502653274654663,-0.3749542655030201
