seed,a_seed,nonrob_prob,nonrob_obj,scenario_probs,scenario_obj
50,50,0.5971523509118484,-0.8726059009893025,0.318294560704991,-0.8300611948106897
