seed,rho,a_seed,eta,gamma,init_rho,valid_obj,valid_prob,test_obj,test_prob,time,valid_cover,test_cover,valid_in,test_in,valid_avg,avg_val,valid_cvar,test_cvar
10,1,10,0.1,1,1,-0.7900212904194999,0.0,-0.7657984627703265,0.0,0.002193561,0.0,0.0,0.002844080908808591,0.003315580492472512,-0.8670866007715293,-0.8586539421353608,-0.7227165501327355,-0.694470085746286
