seed,rho,a_seed,eta,gamma,init_rho,valid_obj,valid_prob,test_obj,test_prob,time,valid_cover,test_cover,valid_in,test_in,avg_val,valid_cvar,test_cvar
20,1,20,0.1,1,1,-0.6490475769631491,0.0,-0.6959710268429739,0.0,0.002202813,0.0,0.0,0.011800831743443594,0.011800831743433745,-0.8878800363575737,-0.5764076214807758,-0.6156559778135068
