seed,rho,a_seed,eta,gamma,init_rho,valid_obj,valid_prob,test_obj,test_prob,time,valid_cover,test_cover,valid_in,test_in,avg_val,valid_cvar,test_cvar
60,1,60,0.1,1,1,-0.6911036319820876,0.0,-0.7026422269284427,0.0,0.002200433,0.0,0.0,0.016725249166808558,0.016725235630653666,-0.9045831936484147,-0.5954239798947603,-0.6272717196657815
