seed,rho,a_seed,eta,gamma,init_rho,valid_obj,valid_prob,test_obj,test_prob,time,valid_cover,test_cover,valid_in,test_in,valid_avg,avg_val,valid_cvar,test_cvar
30,1,30,0.3,1,1,-0.7003700546166146,0.0,-0.6908896329157389,0.0,0.002214006,0.0,0.0,0.008421552981278621,0.008421552981279732,-0.8485576488659662,-0.8368374689128139,-0.556181409077977,-0.5706240368279879
