seed,a_seed,nonrob_prob,nonrob_obj,scenario_probs,scenario_obj
30,30,0.6266682366715827,-0.8627223042439656,0.30909063180031804,-0.8372511354908238
