seed,a_seed,nonrob_prob,nonrob_obj,scenario_probs,scenario_obj
90,90,0.6007921885165861,-0.9060752344839476,0.2757123946085925,-0.847896209757856
