seed,rho,a_seed,eta,gamma,init_rho,valid_obj,valid_prob,test_obj,test_prob,time,valid_cover,test_cover,valid_in,test_in,avg_val,valid_cvar,test_cvar
0,1,0,0.3,1,1,-0.7034759025906949,0.0,-0.7065238170196664,0.0,0.002469283,0.0,0.0,0.012336970965003514,0.012336970964928973,-0.927656478692088,-0.5908283032848163,-0.6058007876449801
