seed,rho,a_seed,eta,gamma,init_rho,valid_obj,valid_prob,test_obj,test_prob,time,valid_cover,test_cover,valid_in,test_in,valid_avg,avg_val,valid_cvar,test_cvar
10,1,10,0.3,1,1,-0.7431007531631093,0.0,-0.7113279080249935,0.0,0.002820625,0.0,0.0,0.020547165520217375,0.020547165520214152,-0.8527848688178794,-0.8463128929280738,-0.6379293954573269,-0.604662387037256
