seed,rho,a_seed,eta,gamma,init_rho,valid_obj,valid_prob,test_obj,test_prob,time,valid_cover,test_cover,valid_in,test_in,valid_avg,avg_val,valid_cvar,test_cvar
30,1,30,0.3,1,1,-0.6649573031368028,0.0,-0.7078831813181223,0.0,0.002418813,0.0,0.0,0.01983182822067583,0.01983182822067554,-0.8444943579947448,-0.8592265042585786,-0.5541825116872743,-0.5776847802285571
