seed,rho,a_seed,eta,gamma,init_rho,valid_obj,valid_prob,test_obj,test_prob,time,valid_cover,test_cover,valid_in,test_in,avg_val,valid_cvar,test_cvar
30,1,30,0.3,1,1,-0.6693270718318522,0.0025,-0.672358836678241,0.001,0.002329832,0.0,0.0,0.02464224498199564,0.0246422449819957,-0.8941734702690333,-0.5595035037828009,-0.5628071683561597
