seed,rho,a_seed,eta,gamma,init_rho,valid_obj,valid_prob,test_obj,test_prob,time,valid_cover,test_cover,valid_in,test_in,avg_val,valid_cvar,test_cvar
40,1,40,0.3,1,1,-0.684095508945392,0.0,-0.7183851028388243,0.001,0.002385673,0.0,0.0,0.021709602759959732,0.021709602759961876,-0.9136930318568774,-0.583100474320203,-0.6068458071684313
