seed,rho,a_seed,eta,gamma,init_rho,valid_obj,valid_prob,test_obj,test_prob,time,valid_cover,test_cover,valid_in,test_in,avg_val,valid_cvar,test_cvar
90,1,90,0.3,1,1,-0.7010464269269007,0.0,-0.7042860874011063,0.0,0.002365373,0.0,0.0,0.023250117828005578,0.023250117828005703,-0.8898547032359573,-0.614862516209628,-0.6156685774490506
