seed,rho,a_seed,eta,gamma,init_rho,valid_obj,valid_prob,test_obj,test_prob,time,valid_cover,test_cover,valid_in,test_in,avg_val
0,1,0,0.15,1,1,-0.3627829903720116,0.005,-0.3916173819389818,0.0,0.000404992,0.0,0.0,-0.4399090866146273,-0.44709016455176587,-0.8316932317151638
