seed,rho,a_seed,eta,gamma,init_rho,valid_obj,valid_prob,test_obj,test_prob,time,valid_cover,test_cover,valid_in,test_in,avg_val
10,1,10,0.15,1,1,-0.3640100634464928,0.0025,-0.3759404030530596,0.003,0.000370463,0.0,0.0,-0.4311690964673542,-0.4334334535511215,-0.7959837521273923
