seed,rho,a_seed,eta,gamma,init_rho,valid_obj,valid_prob,test_obj,test_prob,time,valid_cover,test_cover,valid_in,test_in,avg_val
20,1,20,0.15,1,1,-0.3339896622165874,0.0025,-0.37524633100402144,0.002,0.000365352,0.0,0.0,-0.4046377650329797,-0.43229013200043315,-0.8086490389171284
