seed,rho,a_seed,eta,gamma,init_rho,valid_obj,valid_prob,test_obj,test_prob,time,valid_cover,test_cover,valid_in,test_in,avg_val,valid_cvar,test_cvar
0,1,0,0.15,1,1,-0.6160885460863071,0.0,-0.6100552528354686,0.001,0.000421691,0.0,0.0,0.03711535625022936,0.03701505525206062,-0.897071903895796,-0.48528502255118483,-0.46944222236451805
