seed,rho,a_seed,eta,gamma,init_rho,valid_obj,valid_prob,test_obj,test_prob,time,valid_cover,test_cover,valid_in,test_in,avg_val,valid_cvar,test_cvar
30,1,30,0.15,1,1,-0.5362599131162746,0.0025,-0.5491623880128025,0.0,0.0003788,0.0,0.0,0.06671819462642556,0.06671819462645863,-0.8712202555729598,-0.38476920577536133,-0.4190460427196584
