seed,rho,a_seed,eta,gamma,init_rho,valid_obj,valid_prob,test_obj,test_prob,time,valid_cover,test_cover,valid_in,test_in,avg_val,valid_cvar,test_cvar
60,1,60,0.15,1,1,-0.5880740147760594,0.0025,-0.556658779200106,0.001,0.000382281,0.0,0.0,0.07300649318846533,0.07300649318846146,-0.8682543056531791,-0.4034196780053904,-0.40478094807000425
