seed,rho,a_seed,eta,gamma,init_rho,valid_obj,valid_prob,test_obj,test_prob,time,valid_cover,test_cover,valid_in,test_in,valid_avg,avg_val,valid_cvar,test_cvar
60,1,60,0.15,1,1,-0.6594154144495425,0.0025,-0.6370282619423484,0.003,0.000367101,0.0,0.0,0.020680725557868315,0.020259697572473485,-0.8338130668618993,-0.8284781779541818,-0.48692160413775154,-0.4782545967142847
