seed,rho,a_seed,eta,gamma,init_rho,valid_obj,valid_prob,test_obj,test_prob,time,valid_cover,test_cover,valid_in,test_in,avg_val,valid_cvar,test_cvar
70,1,70,0.15,1,1,-0.5393570530998244,0.0025,-0.5057825563238448,0.005,0.00035615,0.0,0.0,0.05813164079674346,0.058131640796762286,-0.8341325911568117,-0.36377875185460656,-0.33884397987589987
