seed,rho,a_seed,eta,gamma,init_rho,valid_obj,valid_prob,test_obj,test_prob,time,valid_cover,test_cover,valid_in,test_in,avg_val,valid_cvar,test_cvar
90,1,90,0.15,1,1,-0.5608009595546546,0.0,-0.5992470361056452,0.002,0.000373361,0.0,0.0,0.012628010804801495,0.013022466794413644,-0.9070379973105642,-0.4361537992336942,-0.4566346979678806
