seed,rho,a_seed,eta,gamma,init_rho,valid_obj,valid_prob,test_obj,test_prob,time,valid_cover,test_cover,valid_in,test_in,valid_avg,avg_val,valid_cvar,test_cvar
0,1,0,0.05,1,1,-0.5248564974692949,0.0,-0.5870364487893707,0.002,0.00040258,0.0,0.0,0.059492192019567305,0.059492076578160795,-0.846647947769323,-0.8387603800017074,-0.39880460766878967,-0.42574437206249066
