seed,rho,a_seed,eta,gamma,init_rho,valid_obj,valid_prob,test_obj,test_prob,time,valid_cover,test_cover,valid_in,test_in,valid_avg,avg_val,valid_cvar,test_cvar
10,1,10,0.05,1,1,-0.5638122190980961,0.0,-0.5750088192336326,0.0,0.00041227,0.0,0.0,0.05635812775653177,0.0564585195322595,-0.8304667974854351,-0.8349958247815675,-0.4602804223049426,-0.45494357567844845
