seed,rho,a_seed,eta,gamma,init_rho,valid_obj,valid_prob,test_obj,test_prob,time,valid_cover,test_cover,valid_in,test_in,valid_avg,avg_val,valid_cvar,test_cvar
30,1,30,0.05,1,1,-0.47367247185977,0.01,-0.490896492202319,0.004,0.000397409,0.0,0.0,0.057602088963487515,0.057602088967509874,-0.7937333125448752,-0.7777706086282026,-0.280192230246289,-0.30609381561851773
