seed,rho,a_seed,eta,gamma,init_rho,valid_obj,valid_prob,test_obj,test_prob,time,valid_cover,test_cover,valid_in,test_in,valid_avg,avg_val,valid_cvar,test_cvar
50,1,50,0.05,1,1,-0.6207391513088685,0.0,-0.6398151277326207,0.0,0.00039871,0.0,0.0,0.028576962755116408,0.028438698530815,-0.810224046496155,-0.8034031501986083,-0.4972487065898771,-0.5334302756050437
