seed,rho,a_seed,eta,gamma,init_rho,valid_obj,valid_prob,test_obj,test_prob,time,valid_cover,test_cover,valid_in,test_in,avg_val
0,1,0,0.15,1,1,-0.534785902781294,0.0,-0.5336116038749279,0.0,0.002300065,0.0,0.0,-0.5827874386233738,-0.5745108266844089,-0.8741379628753762
