seed,rho,a_seed,eta,gamma,init_rho,valid_obj,valid_prob,test_obj,test_prob,time,valid_cover,test_cover,valid_in,test_in,avg_val
50,1,50,0.15,1,1,-0.5068751424870369,0.005,-0.4152432462178689,0.002,0.002127314,0.0,0.0,-0.5658809190904013,-0.4896819253316747,-0.8542418860825266
