seed,rho,a_seed,eta,gamma,init_rho,valid_obj,valid_prob,test_obj,test_prob,time,valid_cover,test_cover,valid_in,test_in,avg_val
80,1,80,0.15,1,1,-0.5373556095265459,0.0,-0.5171821469492008,0.0,0.002281585,0.0,0.0,-0.5791332277203218,-0.5647384895355771,-0.8432467616158442
