seed,rho,a_seed,eta,gamma,init_rho,valid_obj,valid_prob,test_obj,test_prob,time,valid_cover,test_cover,valid_in,test_in,valid_avg,avg_val,valid_cvar,test_cvar
60,1,60,0.1,1,1,-0.5760488698999215,0.0,-0.5648282564800778,0.0,0.000716543,0.0,0.0,0.03488138261317382,0.035032711287905756,-0.8015007339789058,-0.8056011976588443,-0.4441864630674103,-0.44172367964880366
