seed,rho,a_seed,eta,gamma,init_rho,valid_obj,valid_prob,test_obj,test_prob,time,valid_cover,test_cover,valid_in,test_in,valid_avg,avg_val,valid_cvar,test_cvar
70,1,70,0.1,1,1,-0.5257187399365164,0.0025,-0.49144011324389075,0.002,0.000707437,0.0,0.0,0.0773733612837169,0.07737336128370907,-0.7985313554547294,-0.7981686238227532,-0.35401056218398885,-0.32914574632718197
