seed,rho,a_seed,eta,gamma,init_rho,valid_obj,valid_prob,test_obj,test_prob,time,valid_cover,test_cover,valid_in,test_in,avg_val
10,1,10,0.2,1,1,-0.4672175454037703,0.0,-0.4181779212694096,0.0,0.000358,0.0,0.0,-0.5663280332705601,-0.5069261327556205,-0.8277702843881428
