seed,rho,a_seed,eta,gamma,init_rho,valid_obj,valid_prob,test_obj,test_prob,time,valid_cover,test_cover,valid_in,test_in,avg_val
30,1,30,0.2,1,1,-0.3655609393817619,0.0,-0.3719604723653532,0.004,0.00035803,0.0,0.0,-0.46870870485954896,-0.4648090082718186,-0.8045456365147707
