seed,rho,a_seed,eta,gamma,init_rho,valid_obj,valid_prob,test_obj,test_prob,time,valid_cover,test_cover,valid_in,test_in,avg_val
40,1,40,0.2,1,1,-0.23846108033810634,0.005,-0.19676613842852322,0.016,0.00035504,0.0,0.0,-0.3734707950977746,-0.37539543263731123,-0.8296435936869622
