seed,rho,a_seed,eta,gamma,init_rho,valid_obj,valid_prob,test_obj,test_prob,time,valid_cover,test_cover,valid_in,test_in,avg_val
50,1,50,0.2,1,1,-0.31984814480705165,0.0,-0.3811256547926163,0.002,0.0003442,0.0,0.0,-0.43659459063331896,-0.4862073319258681,-0.8017713165388959
