seed,rho,a_seed,eta,gamma,init_rho,valid_obj,valid_prob,test_obj,test_prob,time,valid_cover,test_cover,valid_in,test_in,avg_val,valid_cvar,test_cvar
20,1,20,0.1,1,1,-0.4997568676419477,0.0025,-0.5158171811141266,0.001,0.000521221,0.0,0.0,0.08256484843979552,0.08256484843979575,-0.8290275267976024,-0.32550378862219215,-0.3774125669173098
