seed,rho,a_seed,eta,gamma,init_rho,valid_obj,valid_prob,test_obj,test_prob,time,valid_cover,test_cover,valid_in,test_in,valid_avg,avg_val,valid_cvar,test_cvar
70,1,70,0.1,1,1,-0.5290037371889538,0.0025,-0.5269805128791836,0.002,0.000343751,0.0,0.0,0.0762257105425827,0.07622571054257267,-0.7838707958965128,-0.7923260008844057,-0.35205564588644706,-0.34333171312653865
