seed,rho,a_seed,eta,gamma,init_rho,valid_obj,valid_prob,test_obj,test_prob,time,valid_cover,test_cover,valid_in,test_in,avg_val
0,1,0,0.1,1,1,-0.38997155156106816,0.0,-0.42556484317848575,0.0,0.00035716,0.0,0.0,-0.38997155156106816,-0.42556484317848575,-0.8465080221079174
