seed,rho,a_seed,eta,gamma,init_rho,valid_obj,valid_prob,test_obj,test_prob,time,valid_cover,test_cover,valid_in,test_in,avg_val
50,1,50,0.1,1,1,-0.28878397970395925,0.0,-0.3142082440873625,0.006,0.00032613,0.0,0.0,-0.28878397970395925,-0.3142082440873625,-0.7847270393766
