seed,rho,a_seed,eta,gamma,init_rho,valid_obj,valid_prob,test_obj,test_prob,time,valid_cover,test_cover,valid_in,test_in,avg_val
70,1,70,0.1,1,1,-0.20706406510489614,0.015,-0.27133309872590455,0.008,0.00043112,0.0,0.0,-0.20706406510489614,-0.27133309872590455,-0.815161625888883
