seed,rho,a_seed,eta,gamma,init_rho,valid_obj,valid_prob,test_obj,test_prob,time,valid_cover,test_cover,valid_in,test_in,avg_val
80,1,80,0.1,1,1,-0.15310849787344075,0.01,-0.26482973946368443,0.006,0.00040962,0.0,0.0,-0.15310849787344075,-0.26482973946368443,-0.8462143938157857
