seed,rho,a_seed,eta,gamma,init_rho,valid_obj,valid_prob,test_obj,test_prob,time,valid_cover,test_cover,valid_in,test_in,avg_val
90,1,90,0.1,1,1,-0.2839015275785252,0.005,-0.3389055838383035,0.004,0.000439139,0.0,0.0,-0.2839015275785252,-0.3389055838383035,-0.8187056473004117
