seed,a_seed,nonrob_prob,nonrob_obj,scenario_probs,scenario_obj
30,30,0.6567427961843255,-0.8343903441184569,0.49817037604518866,-0.8129079821137541
