seed,a_seed,nonrob_prob,nonrob_obj,scenario_probs,scenario_obj
50,50,0.6490595407424491,-0.8737992970567324,0.4864521798929594,-0.8212340249017849
