seed,a_seed,nonrob_prob,nonrob_obj,scenario_probs,scenario_obj
60,60,0.680610813335701,-0.8351389589273838,0.5128220772092587,-0.8236456716378078
