seed,rho,a_seed,eta,gamma,init_rho,valid_obj,valid_prob,test_obj,test_prob,time,valid_cover,test_cover,valid_in,test_in,valid_avg,avg_val,valid_cvar,test_cvar
0,1,0,0.3,1,1,-0.5536946013894143,0.0025,-0.5358839247339932,0.0,0.000697908,0.0,0.0,0.06721044223665947,0.06721044223665683,-0.8227057591577281,-0.8287661689484686,-0.4035362220795705,-0.40791585517410633
