seed,rho,a_seed,eta,gamma,init_rho,valid_obj,valid_prob,test_obj,test_prob,time,valid_cover,test_cover,valid_in,test_in,valid_avg,avg_val,valid_cvar,test_cvar
20,1,20,0.3,1,1,-0.534611501419233,0.0025,-0.5302060705037682,0.0,0.000756728,0.0,0.0,0.06934926962508772,0.06934926962512405,-0.8030443289834551,-0.814165725391702,-0.3578497811226537,-0.38858947070378913
