seed,rho,a_seed,eta,gamma,init_rho,valid_obj,valid_prob,test_obj,test_prob,time,valid_cover,test_cover,valid_in,test_in,valid_avg,avg_val,valid_cvar,test_cvar
60,1,60,0.3,1,1,-0.5460853915045332,0.0025,-0.5223385684502458,0.003,0.000722846,0.0,0.0,0.06897072695943515,0.06897072695844629,-0.8049264941254816,-0.7939998649046622,-0.3952232196857125,-0.38041019126183045
