seed,rho,a_seed,eta,gamma,init_rho,valid_obj,valid_prob,test_obj,test_prob,time,valid_cover,test_cover,valid_in,test_in,valid_avg,avg_val,valid_cvar,test_cvar
90,1,90,0.3,1,1,-0.5024357596089812,0.0,-0.5234480225604049,0.001,0.000751892,0.0,0.0,0.06764313054870127,0.06764313054867169,-0.8114067335831701,-0.8080772338409843,-0.3801492560620323,-0.396068723826949
