seed,rho,a_seed,eta,gamma,init_rho,valid_obj,valid_prob,test_obj,test_prob,time,valid_cover,test_cover,valid_in,test_in,valid_avg,avg_val,valid_cvar,test_cvar
50,1,50,0.1,1,1,-0.667713396075791,0.0,-0.6695393470138811,0.0,0.002672957,0.0,0.0,0.02742898337400959,0.027428983374007693,-0.8417359019061484,-0.8486796871659087,-0.6067750954374226,-0.5605731818398211
