seed,rho,a_seed,eta,gamma,init_rho,valid_obj,valid_prob,test_obj,test_prob,time,valid_cover,test_cover,valid_in,test_in,valid_avg,avg_val,valid_cvar,test_cvar
70,1,70,0.1,1,1,-0.6681404578095341,0.0,-0.656583824855616,0.0,0.002366426,0.0,0.0,0.029330413022155152,0.02933041302215367,-0.8256213154703927,-0.8212076621487869,-0.5731204015380819,-0.5537714891293843
