context_val,seed,alpha,eps,test_lcx_prob,test_lcx_obj,valid_lcx_prob,valid_lcx_obj,time,in_val,test_avg,valid_avg
10,0,0.12,0.08,0.0,-0.13939821667012364,0.0,0.14239047224224208,3248.270905017853,0.3135630014911907,-0.7200557618114972,-0.6972932847497186
