context_val,seed,alpha,eps,test_lcx_prob,test_lcx_obj,valid_lcx_prob,valid_lcx_obj,time,in_val,test_avg,valid_avg
18,0,0.12,0.08,0.0,-0.3067560913996688,0.0,-0.45607620238718677,991.6521015167236,0.2676122459559689,-0.8044157979386418,-0.8789357185365974
