context_val,seed,alpha,eps,test_lcx_prob,test_lcx_obj,valid_lcx_prob,valid_lcx_obj,time,in_val,test_avg,valid_avg
12,10,0.12,0.08,0.0,-0.24124163141450397,0.0,-0.44366266362199375,1066.7245028018951,0.2738438947103339,-0.9550193239934075,-0.8928313963392239
