context_val,seed,alpha,eps,test_lcx_prob,test_lcx_obj,valid_lcx_prob,valid_lcx_obj,time,in_val,test_avg,valid_avg
16,10,0.12,0.08,0.0,-0.28228805133962503,0.0,-0.5053575098900025,2411.018266916275,0.3650929288390244,-0.7722258609965523,-0.7886511726605479
