context_val,seed,alpha,eps,test_lcx_prob,test_lcx_obj,valid_lcx_prob,valid_lcx_obj,time,in_val,test_avg,valid_avg
14,10,0.12,0.08,0.08695652173913043,0.27063055532548014,0.0,-0.458546220371745,3679.7162671089172,0.3391861796099101,-0.6989324423587592,-0.8795681850439093
