context_val,seed,alpha,eps,test_lcx_prob,test_lcx_obj,valid_lcx_prob,valid_lcx_obj,time,in_val,test_avg,valid_avg
13,10,0.12,0.08,0.0,-0.19535413453596942,0.0,-0.42603040866387165,2065.4113733768463,0.2776412325539397,-0.8873906079089015,-0.9564761078317398
