context_val,seed,alpha,eps,test_lcx_prob,test_lcx_obj,valid_lcx_prob,valid_lcx_obj,time,in_val,test_avg,valid_avg
3,10,0.12,0.08,0.045454545454545456,-0.14106965677818653,0.0,-0.637575268942295,2586.438030719757,0.23549437128653924,-0.8330971505747805,-1.0356640985347991
