context_val,seed,alpha,eps,test_lcx_prob,test_lcx_obj,valid_lcx_prob,valid_lcx_obj,time,in_val,test_avg,valid_avg
5,10,0.12,0.08,0.038461538461538464,0.016465229066885904,0.0,-0.5523086337074741,5032.387392044067,0.38658458247506194,-0.8641154464664839,-1.1344353381784742
