context_val,seed,alpha,eps,test_lcx_prob,test_lcx_obj,valid_lcx_prob,valid_lcx_obj,time,in_val,test_avg,valid_avg
7,10,0.12,0.08,0.0,-0.27997980185766524,0.14285714285714285,0.7213430157430224,1669.4893016815186,0.3056598375382105,-0.9028026916849978,-0.8290295452729027
