context_val,seed,alpha,eps,test_lcx_prob,test_lcx_obj,valid_lcx_prob,valid_lcx_obj,time,in_val,test_avg,valid_avg
9,10,0.12,0.08,0.0,-0.2705070300911922,0.0,-0.3193110143127302,1112.0790464878082,0.3477784154050385,-0.8205124414335764,-0.7795407879616125
