context_val,seed,alpha,eps,test_lcx_prob,test_lcx_obj,valid_lcx_prob,valid_lcx_obj,time,in_val,test_avg,valid_avg
18,20,0.12,0.08,0.0,-0.3519089759363985,0.0,-0.6855749808893987,1536.2490091323853,0.2651476497395449,-0.7904155164012296,-0.8638554041478027
