context_val,seed,alpha,eps,test_lcx_prob,test_lcx_obj,valid_lcx_prob,valid_lcx_obj,time,in_val,test_avg,valid_avg
2,20,0.12,0.08,0.0,-0.26857620522531717,0.0,-0.008407624882140169,2292.6284227371216,0.40903003661009657,-0.839770685003328,-0.8210834854189014
