context_val,seed,alpha,eps,test_lcx_prob,test_lcx_obj,valid_lcx_prob,valid_lcx_obj,time,in_val,test_avg,valid_avg
5,20,0.12,0.08,0.0,-0.37288915162670744,0.0,-0.610213590650449,2584.9281148910522,0.40454897219203023,-0.8075902383130994,-0.7330336797327917
