context_val,seed,alpha,eps,test_lcx_prob,test_lcx_obj,valid_lcx_prob,valid_lcx_obj,time,in_val,test_avg,valid_avg
7,20,0.12,0.08,0.0,-0.23671110993294875,0.0,-0.07797564160303,1620.7370762825012,0.27330445634150374,-0.7536651084828637,-0.9133140490395323
