context_val,seed,alpha,eps,test_lcx_prob,test_lcx_obj,valid_lcx_prob,valid_lcx_obj,time,in_val,test_avg,valid_avg
12,30,0.12,0.08,0.03571428571428571,0.30166707974031753,0.0,-0.48010947577974394,2250.7393782138824,0.3279520317506115,-0.7069471117517787,-0.901520276612667
