context_val,seed,alpha,eps,test_lcx_prob,test_lcx_obj,valid_lcx_prob,valid_lcx_obj,time,in_val,test_avg,valid_avg
19,30,0.12,0.08,0.0,-0.3712876583586542,0.0,-0.4256089208149418,842.8147532939911,0.3704218203636025,-0.8220047673270302,-0.9807858952917877
