context_val,seed,alpha,eps,test_lcx_prob,test_lcx_obj,valid_lcx_prob,valid_lcx_obj,time,in_val,test_avg,valid_avg
15,30,0.12,0.08,0.043478260869565216,-0.19784582362203854,0.0,-0.5051184934899547,1866.0760695934296,0.20068281892534856,-0.8332508146965844,-0.935193363853732
