context_val,seed,alpha,eps,test_lcx_prob,test_lcx_obj,valid_lcx_prob,valid_lcx_obj,time,in_val,test_avg,valid_avg
14,30,0.12,0.08,0.043478260869565216,-0.08440382944498197,0.0,-0.37515534068837586,1936.2948851585388,0.4412286421674419,-0.7443615639090444,-0.7457545761894706
