context_val,seed,alpha,eps,test_lcx_prob,test_lcx_obj,valid_lcx_prob,valid_lcx_obj,time,in_val,test_avg,valid_avg
17,30,0.12,0.08,0.0,-0.16689521419711362,0.0,-0.2708177420699225,1516.1164689064026,0.23864004094483085,-0.7890321680911268,-0.9937264554283778
