context_val,seed,alpha,eps,test_lcx_prob,test_lcx_obj,valid_lcx_prob,valid_lcx_obj,time,in_val,test_avg,valid_avg
13,30,0.12,0.08,0.0,-0.14505406592936035,0.07692307692307693,0.21690849596736245,1587.0448367595673,0.44396602493811116,-0.9664721192868782,-0.7967734456651263
