context_val,seed,alpha,eps,test_lcx_prob,test_lcx_obj,valid_lcx_prob,valid_lcx_obj,time,in_val,test_avg,valid_avg
2,30,0.12,0.08,0.0,-0.18858689484812471,0.0,-0.5929215263601118,4070.259331703186,0.41632084792153784,-0.7286565515744999,-0.8982102550739818
