context_val,seed,alpha,eps,test_lcx_prob,test_lcx_obj,valid_lcx_prob,valid_lcx_obj,time,in_val,test_avg,valid_avg
3,30,0.12,0.08,0.0,-0.2548563219922864,0.0,-0.11036430310239585,598.5688443183899,0.40738214589752814,-0.9092968851231151,-0.7504951698041598
