context_val,seed,alpha,eps,test_lcx_prob,test_lcx_obj,valid_lcx_prob,valid_lcx_obj,time,in_val,test_avg,valid_avg
6,30,0.12,0.08,0.0,-0.06481608288343531,0.0,-0.2856597186656777,438.2371413707733,0.30750755744012737,-0.804608107755676,-0.8455393797845635
