context_val,seed,alpha,eps,test_lcx_prob,test_lcx_obj,valid_lcx_prob,valid_lcx_obj,time,in_val,test_avg,valid_avg
9,30,0.12,0.08,0.0,-0.40239207959492435,0.09090909090909091,-0.00497517194032282,1021.4406831264496,0.13646657546172866,-0.747643592408729,-0.8248849360079789
