context_val,seed,alpha,eps,test_lcx_prob,test_lcx_obj,valid_lcx_prob,valid_lcx_obj,time,in_val,test_avg,valid_avg
0,40,0.12,0.08,0.0,0.005013899251996384,0.07142857142857142,0.1549216799707107,1751.1390583515167,0.23172357649200137,-0.6623137112901855,-0.7383854910198167
