context_val,seed,alpha,eps,test_lcx_prob,test_lcx_obj,valid_lcx_prob,valid_lcx_obj,time,in_val,test_avg,valid_avg
15,40,0.12,0.08,0.0,-0.29297470694788635,0.0,-0.27523420987846237,4121.03840970993,0.2978984190515778,-0.8431598260721157,-0.7745019139707146
