context_val,seed,alpha,eps,test_lcx_prob,test_lcx_obj,valid_lcx_prob,valid_lcx_obj,time,in_val,test_avg,valid_avg
19,40,0.12,0.08,0.0,-0.2537081561812494,0.0,-0.5836289018388806,1148.637239933014,0.2755917359327715,-0.7021898351436325,-0.8900033063836263
