context_val,seed,alpha,eps,test_lcx_prob,test_lcx_obj,valid_lcx_prob,valid_lcx_obj,time,in_val,test_avg,valid_avg
6,40,0.12,0.08,0.03225806451612903,0.3084926022043147,0.08333333333333333,0.3675739898116598,1229.1485931873322,0.38921410399359485,-0.5562937056532055,-0.5401512031624581
