context_val,seed,alpha,eps,test_lcx_prob,test_lcx_obj,valid_lcx_prob,valid_lcx_obj,time,in_val,test_avg,valid_avg
7,40,0.12,0.08,0.03571428571428571,-0.11403429667434384,0.0,-0.7555833252003208,1057.0037713050842,0.20627413742530118,-0.7465473239228351,-0.9651660844063821
