context_val,seed,alpha,eps,test_lcx_prob,test_lcx_obj,valid_lcx_prob,valid_lcx_obj,time,in_val,test_avg,valid_avg
1,50,0.12,0.08,0.0,-0.0748158910750629,0.0,-0.3071028524611994,2362.2574248313904,0.24884207369488975,-0.7664742109255475,-0.6858715952919361
