context_val,seed,alpha,eps,test_lcx_prob,test_lcx_obj,valid_lcx_prob,valid_lcx_obj,time,in_val,test_avg,valid_avg
18,50,0.12,0.08,0.037037037037037035,0.18187197344188857,0.0,-0.23451225187820626,1703.474247455597,0.3566629420004487,-0.6727329269786267,-0.9975286979456252
