context_val,seed,alpha,eps,test_lcx_prob,test_lcx_obj,valid_lcx_prob,valid_lcx_obj,time,in_val,test_avg,valid_avg
17,50,0.12,0.08,0.0,-0.24922397700065124,0.0,-0.436900495008404,1566.0454320907593,0.16384854746559724,-0.772918795921343,-0.8077966606015511
