context_val,seed,alpha,eps,test_lcx_prob,test_lcx_obj,valid_lcx_prob,valid_lcx_obj,time,in_val,test_avg,valid_avg
12,50,0.12,0.08,0.0,-0.49647752454260435,0.0,-0.43231669616616425,1683.8681395053864,0.23279198944952062,-0.8639893818155199,-0.917612070396541
