context_val,seed,alpha,eps,test_lcx_prob,test_lcx_obj,valid_lcx_prob,valid_lcx_obj,time,in_val,test_avg,valid_avg
16,50,0.12,0.08,0.037037037037037035,0.13406493416589535,0.0,-0.3529856701108771,1845.0249435901642,0.2635983551377042,-0.743474054074428,-0.7792111292850845
