context_val,seed,alpha,eps,test_lcx_prob,test_lcx_obj,valid_lcx_prob,valid_lcx_obj,time,in_val,test_avg,valid_avg
6,50,0.12,0.08,0.03225806451612903,-0.11480319156454231,0.0,-0.39639074468659286,839.0334956645966,0.16548186738166865,-0.7046070752171933,-0.7915394613288643
