context_val,seed,alpha,eps,test_lcx_prob,test_lcx_obj,valid_lcx_prob,valid_lcx_obj,time,in_val,test_avg,valid_avg
7,50,0.12,0.08,0.0,-0.29773307297402135,0.0,-0.1502026977615073,1833.4085013866425,0.3794634960852792,-0.8279481452311834,-0.8153321009464041
