context_val,seed,alpha,eps,test_lcx_prob,test_lcx_obj,valid_lcx_prob,valid_lcx_obj,time,in_val,test_avg,valid_avg
9,50,0.12,0.08,0.03571428571428571,-0.21033658109820333,0.09090909090909091,0.1730139097603427,515.4846482276917,0.1482524265201512,-0.7642633546724996,-0.5515339920809623
