context_val,seed,alpha,eps,test_lcx_prob,test_lcx_obj,valid_lcx_prob,valid_lcx_obj,time,in_val,test_avg,valid_avg
17,60,0.12,0.08,0.0,-0.33994953254832816,0.0,-0.5460487167277382,1287.3387501239777,0.4101607533949275,-0.8817456523095433,-0.9251489663986622
