context_val,seed,alpha,eps,test_lcx_prob,test_lcx_obj,valid_lcx_prob,valid_lcx_obj,time,in_val,test_avg,valid_avg
19,60,0.12,0.08,0.03571428571428571,-0.03632582206518131,0.0,-0.4107478867552503,2352.913308620453,0.310330827951437,-0.6747759335629441,-0.7081913171854403
