context_val,seed,alpha,eps,test_lcx_prob,test_lcx_obj,valid_lcx_prob,valid_lcx_obj,time,in_val,test_avg,valid_avg
11,60,0.12,0.08,0.0,-0.445973968604165,0.0,-0.4877856152025304,916.8621351718903,0.10090867340460147,-0.8842969089001197,-0.7630516539365192
