context_val,seed,alpha,eps,test_lcx_prob,test_lcx_obj,valid_lcx_prob,valid_lcx_obj,time,in_val,test_avg,valid_avg
2,60,0.12,0.08,0.038461538461538464,-0.0034347677719077465,0.0,-0.6036701294991917,3119.601445913315,0.36265656034957555,-0.7564186653613716,-0.8585782021949946
