context_val,seed,alpha,eps,test_lcx_prob,test_lcx_obj,valid_lcx_prob,valid_lcx_obj,time,in_val,test_avg,valid_avg
9,60,0.12,0.08,0.03571428571428571,-0.006492992897838741,0.0,-0.465663773275122,1215.3589038848877,0.2334570069063311,-0.8812197502044332,-0.8252187623096794
