context_val,seed,alpha,eps,test_lcx_prob,test_lcx_obj,valid_lcx_prob,valid_lcx_obj,time,in_val,test_avg,valid_avg
13,70,0.12,0.08,0.0,-0.3648651792532133,0.0,-0.32253650190401834,2305.100031375885,0.45287555544397434,-0.7952671157365202,-0.726003802921995
