context_val,seed,alpha,eps,test_lcx_prob,test_lcx_obj,valid_lcx_prob,valid_lcx_obj,time,in_val,test_avg,valid_avg
12,70,0.12,0.08,0.0,-0.2886042623326381,0.0,-0.32120890082828457,1639.9759829044342,0.3863593837496498,-0.9722727043095724,-0.48468023036955127
