context_val,seed,alpha,eps,test_lcx_prob,test_lcx_obj,valid_lcx_prob,valid_lcx_obj,time,in_val,test_avg,valid_avg
17,70,0.12,0.08,0.0,-0.33116181148815454,0.125,0.5237231499995626,1646.9751539230347,0.19819207220027263,-0.8337905301557953,-0.5136587833674238
