context_val,seed,alpha,eps,test_lcx_prob,test_lcx_obj,valid_lcx_prob,valid_lcx_obj,time,in_val,test_avg,valid_avg
2,70,0.12,0.08,0.0,-0.2611683404339956,0.0,-0.43122066049214924,2728.6290349960327,0.3826030509505938,-0.8004796770976993,-0.9553733671717406
