context_val,seed,alpha,eps,test_lcx_prob,test_lcx_obj,valid_lcx_prob,valid_lcx_obj,time,in_val,test_avg,valid_avg
6,70,0.12,0.08,0.0967741935483871,-0.26155535958675,0.16666666666666666,0.33526834544539863,958.0350983142853,-0.31799813364327223,-0.8832311442208854,-0.6748542127982905
