context_val,seed,alpha,eps,test_lcx_prob,test_lcx_obj,valid_lcx_prob,valid_lcx_obj,time,in_val,test_avg,valid_avg
7,70,0.12,0.08,0.03571428571428571,-0.22926020883554973,0.0,-0.16238093335287812,3625.6238408088684,0.27678433216424864,-0.8488365980947746,-0.8452004048670874
