context_val,seed,alpha,eps,test_lcx_prob,test_lcx_obj,valid_lcx_prob,valid_lcx_obj,time,in_val,test_avg,valid_avg
9,70,0.12,0.08,0.0,-0.11918131225620125,0.09090909090909091,0.0578734518310518,1438.55362200737,0.2569442801262335,-0.8427698582080395,-0.6822873067392691
