context_val,seed,alpha,eps,test_lcx_prob,test_lcx_obj,valid_lcx_prob,valid_lcx_obj,time,in_val,test_avg,valid_avg
12,80,0.12,0.08,0.0,-0.24438433651396077,0.0,-0.34585908192057935,1953.7263634204865,0.0785248088680889,-0.7989142660380198,-0.7664092750589512
