context_val,seed,alpha,eps,test_lcx_prob,test_lcx_obj,valid_lcx_prob,valid_lcx_obj,time,in_val,test_avg,valid_avg
17,80,0.12,0.08,0.0,-0.1649061167245403,0.0,-0.4523438996617044,2323.0194058418274,0.27240300160850617,-0.847718379652809,-0.8871562887427132
