context_val,seed,alpha,eps,test_lcx_prob,test_lcx_obj,valid_lcx_prob,valid_lcx_obj,time,in_val,test_avg,valid_avg
5,80,0.12,0.08,0.0,-0.43921921943137027,0.0,-0.45890111315379123,4219.444853305817,0.2768091541822679,-0.8291517786239357,-0.8576654775131594
