context_val,seed,alpha,eps,test_lcx_prob,test_lcx_obj,valid_lcx_prob,valid_lcx_obj,time,in_val,test_avg,valid_avg
8,80,0.12,0.08,0.038461538461538464,0.050790066694542,0.0,0.1465922682650963,4129.799378871918,0.3490470637782549,-0.8394663414053838,-0.7064080938970655
