context_val,seed,alpha,eps,test_lcx_prob,test_lcx_obj,valid_lcx_prob,valid_lcx_obj,time,in_val,test_avg,valid_avg
9,80,0.12,0.08,0.0,-0.36939630938479523,0.0,-0.07454578643763556,778.2810943126678,0.37658335524733927,-0.8652467325065377,-0.6166976497214519
