context_val,seed,alpha,eps,test_lcx_prob,test_lcx_obj,valid_lcx_prob,valid_lcx_obj,time,in_val,test_avg,valid_avg
1,90,0.12,0.08,0.0,-0.4290175613844961,0.0,-0.5884522138726027,3681.5265035629272,0.3818365732901825,-0.9406152064110475,-0.8992061935528619
