context_val,seed,alpha,eps,test_lcx_prob,test_lcx_obj,valid_lcx_prob,valid_lcx_obj,time,in_val,test_avg,valid_avg
16,90,0.12,0.08,0.0,-0.20979667702747617,0.0,-0.1070616553323443,2482.023072242737,0.4996917738964115,-0.7855315413589578,-0.9711293653397881
