context_val,seed,alpha,eps,test_lcx_prob,test_lcx_obj,valid_lcx_prob,valid_lcx_obj,time,in_val,test_avg,valid_avg
11,90,0.12,0.08,0.0,-0.07939746685651027,0.0,-0.4544939607579538,173.41354942321777,0.36841782080917185,-0.9046589705641715,-0.954481658528186
