context_val,seed,alpha,eps,test_lcx_prob,test_lcx_obj,valid_lcx_prob,valid_lcx_obj,time,in_val,test_avg,valid_avg
2,90,0.12,0.08,0.0,-0.2957805813285708,0.0,-0.6163176736152187,2796.969845533371,0.419504203462736,-0.8317404125908909,-1.0891667823917015
