context_val,seed,alpha,eps,test_lcx_prob,test_lcx_obj,valid_lcx_prob,valid_lcx_obj,time,in_val,test_avg,valid_avg
8,90,0.12,0.08,0.0,-0.49078944863858115,0.0,-0.7016544961744635,2301.853096961975,0.4107544310433035,-0.9444801054529868,-1.1315531427560308
