seed,rho,a_seed,eta,gamma,init_rho,valid_obj,valid_prob,test_obj,test_prob,time,valid_cover,test_cover,valid_in,test_in,avg_val
20,1,20,0.1,1,1,-0.4720091329744845,0.0,-0.49352031351902786,0.0,0.002393346,0.0,0.0,-0.4720091329744845,-0.49352031351902786,-0.8352382931021953
