seed,rho,a_seed,eta,gamma,init_rho,valid_obj,valid_prob,test_obj,test_prob,time,valid_cover,test_cover,valid_in,test_in,avg_val
50,1,50,0.1,1,1,-0.5634191047781623,0.0,-0.5352345338977872,0.0,0.002296435,0.0,0.0,-0.5634191047781623,-0.5352345338977872,-0.8251263649141317
