seed,rho,a_seed,eta,gamma,init_rho,valid_obj,valid_prob,test_obj,test_prob,time,valid_cover,test_cover,valid_in,test_in,avg_val
60,1,60,0.1,1,1,-0.5743762333561332,0.0,-0.5603642627744982,0.0,0.002284525,0.0,0.0,-0.5743762333561332,-0.5603642627744982,-0.8243443001041885
