seed,rho,a_seed,eta,gamma,init_rho,valid_obj,valid_prob,test_obj,test_prob,time,valid_cover,test_cover,valid_in,test_in,avg_val
90,1,90,0.1,1,1,-0.5409560633230104,0.0,-0.532203706198292,0.0,0.002180144,0.0,0.0,-0.5409560633230104,-0.532203706198292,-0.8429104745928949
