seed,rho,a_seed,eta,gamma,init_rho,valid_obj,valid_prob,test_obj,test_prob,time,valid_cover,test_cover,valid_in,test_in,valid_avg,avg_val,valid_cvar,test_cvar
60,1,60,0.12,1,1,-0.5651200445909641,0.0,-0.5711358463199955,0.0,0.000738232,0.0,0.0,0.04916783418198801,0.04902548638320962,-0.7976020849245303,-0.8030282184481233,-0.43932716356427604,-0.45736559104308677
