outer_iter,context_val,seed,alpha,eps,test_lcx_prob,test_lcx_obj,valid_lcx_prob,valid_lcx_obj,time,in_val,test_avg,valid_avg
61,1,10,0.1,0.1,0.0,-0.5599582470922261,0.0,-0.5771874130000079,79706.4989631176,0.26767405037461284,-0.8477800450684595,-0.8500168277821063
