outer_iter,context_val,seed,alpha,eps,test_lcx_prob,test_lcx_obj,valid_lcx_prob,valid_lcx_obj,time,in_val,test_avg,valid_avg
61,10,10,0.1,0.1,0.0,-0.507844906395395,0.0,-0.10681120312512522,74614.04431700706,0.4036642320677448,-0.8824025476452637,-0.6529283481431457
