outer_iter,context_val,seed,alpha,eps,test_lcx_prob,test_lcx_obj,valid_lcx_prob,valid_lcx_obj,time,in_val,test_avg,valid_avg
61,3,10,0.1,0.1,0.0,-0.5309299563319426,0.0,-0.20108426201759863,73891.85706210136,0.4255162822609534,-0.8703458011601414,-0.6673879294062679
