outer_iter,context_val,seed,alpha,eps,test_lcx_prob,test_lcx_obj,valid_lcx_prob,valid_lcx_obj,time,in_val,test_avg,valid_avg
61,7,20,0.1,0.1,0.0,-0.46697281226664633,0.0,-0.33892323575458555,76343.78463745117,0.39743959201526285,-0.8544110621487343,-0.7787732015185859
