outer_iter,context_val,seed,alpha,eps,test_lcx_prob,test_lcx_obj,valid_lcx_prob,valid_lcx_obj,time,in_val,test_avg,valid_avg
41,0,30,0.1,0.1,0.0,-0.5514094072972862,0.0,-0.4106694803488151,53680.04502463341,0.4425202667896619,-0.8056776152873969,-0.7929816788936616
