outer_iter,context_val,seed,alpha,eps,test_lcx_prob,test_lcx_obj,valid_lcx_prob,valid_lcx_obj,time,in_val,test_avg,valid_avg
61,0,40,0.1,0.1,0.0,-0.5543363468785554,0.0,-0.3507427970383373,77608.35348558426,0.5206304999928991,-0.9258737157816663,-0.7996931652172808
