outer_iter,context_val,seed,alpha,eps,test_lcx_prob,test_lcx_obj,valid_lcx_prob,valid_lcx_obj,time,in_val,test_avg,valid_avg
61,14,40,0.1,0.1,0.0,-0.4025777452671093,0.0,-0.5211687892693138,77628.51952052116,0.37835374040439984,-0.8109289798617993,-0.821802516034297
