outer_iter,context_val,seed,alpha,eps,test_lcx_prob,test_lcx_obj,valid_lcx_prob,valid_lcx_obj,time,in_val,test_avg,valid_avg
61,11,40,0.1,0.1,0.0,-0.6753706893377994,0.0,-0.5985392338111436,53631.80304312706,0.3420665664273436,-0.9237399196495253,-0.7902870570603256
