outer_iter,context_val,seed,alpha,eps,test_lcx_prob,test_lcx_obj,valid_lcx_prob,valid_lcx_obj,time,in_val,test_avg,valid_avg
61,17,40,0.1,0.1,0.0,-0.566050411976497,0.0,-0.574530258495328,76466.0635881424,0.29817456927217173,-0.7704409043030161,-0.8079517129233902
