outer_iter,context_val,seed,alpha,eps,test_lcx_prob,test_lcx_obj,valid_lcx_prob,valid_lcx_obj,time,in_val,test_avg,valid_avg
7,6,40,0.1,0.1,0.0,-0.0196393261776768,0.0,-0.4710628350045907,8899.745970487595,0.3760604084084179,-0.838340868974174,-0.8917940651356367
