outer_iter,context_val,seed,alpha,eps,test_lcx_prob,test_lcx_obj,valid_lcx_prob,valid_lcx_obj,time,in_val,test_avg,valid_avg
61,4,50,0.1,0.1,0.0,-0.6972368275133598,0.0,-0.5392385179800159,76445.50809526443,0.33720993344927624,-0.8521485971942077,-0.7768943162529478
