outer_iter,context_val,seed,alpha,eps,test_lcx_prob,test_lcx_obj,valid_lcx_prob,valid_lcx_obj,time,in_val,test_avg,valid_avg
61,9,50,0.1,0.1,0.0,-0.29251202629592893,0.0,-0.547164707872145,71746.62310886383,0.4450999723014859,-0.7840405593293484,-0.7695480363440946
