outer_iter,context_val,seed,alpha,eps,test_lcx_prob,test_lcx_obj,valid_lcx_prob,valid_lcx_obj,time,in_val,test_avg,valid_avg
61,16,80,0.1,0.1,0.0,-0.6058410138889895,0.0,-0.483623732297924,74310.09694647789,0.29322486302315476,-0.8456322317681214,-0.8673236769086387
