outer_iter,context_val,seed,alpha,eps,test_lcx_prob,test_lcx_obj,valid_lcx_prob,valid_lcx_obj,time,in_val,test_avg,valid_avg
42,11,90,0.1,0.1,0.0,-0.5778010988348882,0.0,-0.2934048328396583,42878.646491765976,0.45680097102496775,-0.8498318170123922,-0.7354428019940268
