outer_iter,context_val,seed,alpha,eps,test_lcx_prob,test_lcx_obj,valid_lcx_prob,valid_lcx_obj,time,in_val,test_avg,valid_avg
20,9,90,0.1,0.1,0.0,0.05109917925036631,0.0,-0.7687781553007667,25979.719088077545,0.47541302608732205,-0.8692984613922544,-1.152448850176612
