seed,rho,a_seed,eta,gamma,init_rho,valid_obj,valid_prob,test_obj,test_prob,time,valid_cover,test_cover,valid_in,test_in,valid_avg,avg_val,valid_cvar,test_cvar
30,1,30,0.3,1,1,-0.6821832630473146,0.0,-0.7204380931630557,0.0,0.002120905,0.0,0.0,5.360399544354968e-05,0.000614610502422102,-0.8468113481512906,-0.8489777622280632,-0.6119144782300657,-0.6247991383416385
