seed,rho,a_seed,eta,gamma,init_rho,valid_obj,valid_prob,test_obj,test_prob,time,valid_cover,test_cover,valid_in,test_in,valid_avg,avg_val,valid_cvar,test_cvar
70,1,70,0.3,1,1,-0.7498347586107309,0.0,-0.7381936528410311,0.0,0.002394996,0.0,0.0,-0.0034013425759820914,-0.004185886805716132,-0.8608488438766535,-0.8592635771695271,-0.6668723526492331,-0.6314200781676336
