seed,rho,a_seed,eta,gamma,init_rho,valid_obj,valid_prob,test_obj,test_prob,time,valid_cover,test_cover,valid_in,test_in,valid_avg,avg_val,valid_cvar,test_cvar
30,1,30,0.1,1,1,-0.5523679484171407,0.0,-0.519943534784321,0.004,0.00038688,0.0,0.0,0.053810127838547925,0.053810127838545954,-0.8115066649828306,-0.8005902449499342,-0.35558512386953245,-0.37725951442204186
