outer_iter,context_val,seed,alpha,eps,test_lcx_prob,test_lcx_obj,valid_lcx_prob,valid_lcx_obj,time,in_val,test_avg,valid_avg
25,11,0,0.1,0.1,0.021739130434782608,-0.1912833381851215,0.0,-0.054413844307668296,15635.936135053635,0.3799595940224884,-0.827864700729343,-0.6293202442341911
