outer_iter,context_val,seed,alpha,eps,test_lcx_prob,test_lcx_obj,valid_lcx_prob,valid_lcx_obj,time,in_val,test_avg,valid_avg
25,17,0,0.1,0.1,0.0,-0.4692393044985743,0.0,-0.3926651612590996,13014.003119468689,0.32872613012773233,-0.7861133230382176,-0.801305520796642
