outer_iter,context_val,seed,alpha,eps,test_lcx_prob,test_lcx_obj,valid_lcx_prob,valid_lcx_obj,time,in_val,test_avg,valid_avg
24,13,10,0.1,0.1,0.0,-0.311176622711063,0.0,-0.27488258773929786,7819.762192964554,0.2987610995299556,-0.788037566053168,-0.8245238076632426
