outer_iter,context_val,seed,alpha,eps,test_lcx_prob,test_lcx_obj,valid_lcx_prob,valid_lcx_obj,time,in_val,test_avg,valid_avg
28,11,10,0.1,0.1,0.0,-0.20445122601905252,0.0,-0.2562656441504437,13053.821711301804,0.26010003286804306,-0.7982211787484448,-0.7970082754586244
