outer_iter,context_val,seed,alpha,eps,test_lcx_prob,test_lcx_obj,valid_lcx_prob,valid_lcx_obj,time,in_val,test_avg,valid_avg
23,17,10,0.1,0.1,0.0,-0.3342782124162914,0.0,-0.4650485600871887,12596.148246526718,0.29056905859337373,-0.7585869581080281,-0.7495213378250011
