outer_iter,context_val,seed,alpha,eps,test_lcx_prob,test_lcx_obj,valid_lcx_prob,valid_lcx_obj,time,in_val,test_avg,valid_avg
32,2,10,0.1,0.1,0.0,-0.4315269846094808,0.0,0.10135622444367595,14341.918913602829,0.5189084799689816,-0.9449299189477677,-0.7773474572202729
