outer_iter,context_val,seed,alpha,eps,test_lcx_prob,test_lcx_obj,valid_lcx_prob,valid_lcx_obj,time,in_val,test_avg,valid_avg
28,15,20,0.1,0.1,0.0,0.02689027709913273,0.0,-0.0162346115552664,12211.117208242416,0.40883629732689103,-0.6976326563023976,-0.7712668138097295
