outer_iter,context_val,seed,alpha,eps,test_lcx_prob,test_lcx_obj,valid_lcx_prob,valid_lcx_obj,time,in_val,test_avg,valid_avg
30,11,20,0.1,0.1,0.0,-0.29358454055264854,0.0,-0.5616348054309811,19854.282265901566,0.4252127412794027,-0.7684812659936446,-0.8235428009973951
