outer_iter,context_val,seed,alpha,eps,test_lcx_prob,test_lcx_obj,valid_lcx_prob,valid_lcx_obj,time,in_val,test_avg,valid_avg
25,2,20,0.1,0.1,0.020833333333333332,-0.12297130598285737,0.0,-0.18310248694919184,12292.220969676971,0.31003771438834016,-0.7373480247852839,-0.8446026839604075
