outer_iter,context_val,seed,alpha,eps,test_lcx_prob,test_lcx_obj,valid_lcx_prob,valid_lcx_obj,time,in_val,test_avg,valid_avg
31,18,30,0.1,0.1,0.0,-0.38414427480234375,0.0,-0.4623333180362503,14185.59351348877,0.42271470562407887,-0.7959779764474305,-0.8769498690817977
