outer_iter,context_val,seed,alpha,eps,test_lcx_prob,test_lcx_obj,valid_lcx_prob,valid_lcx_obj,time,in_val,test_avg,valid_avg
22,10,30,0.1,0.1,0.0,-0.3701571930887407,0.0,-0.4632603329904567,12032.552574634552,0.3809882826664545,-0.7870428741649516,-0.8507251214385767
