outer_iter,context_val,seed,alpha,eps,test_lcx_prob,test_lcx_obj,valid_lcx_prob,valid_lcx_obj,time,in_val,test_avg,valid_avg
21,2,30,0.1,0.1,0.0,-0.33364859225061805,0.0,-0.41896328594196497,11143.478215932846,0.36733877761054756,-0.7235530721460677,-0.7812695243394029
