outer_iter,context_val,seed,alpha,eps,test_lcx_prob,test_lcx_obj,valid_lcx_prob,valid_lcx_obj,time,in_val,test_avg,valid_avg
22,8,40,0.1,0.1,0.0,-0.4143707323930104,0.0,-0.5629859293193578,14918.925958633423,0.408512429029691,-0.8292830797667493,-0.8832915356280063
