outer_iter,context_val,seed,alpha,eps,test_lcx_prob,test_lcx_obj,valid_lcx_prob,valid_lcx_obj,time,in_val,test_avg,valid_avg
33,11,50,0.1,0.1,0.0,-0.3204773912778559,0.0,-0.4743764868680062,17426.209901094437,0.3937722888299379,-0.7754133524671838,-0.8563531372423455
