outer_iter,context_val,seed,alpha,eps,test_lcx_prob,test_lcx_obj,valid_lcx_prob,valid_lcx_obj,time,in_val,test_avg,valid_avg
24,7,50,0.1,0.1,0.0,-0.379543542946832,0.0,-0.39680983920070956,12482.922811746597,0.30807863445231587,-0.7867274102518302,-0.8602660578141732
