outer_iter,context_val,seed,alpha,eps,test_lcx_prob,test_lcx_obj,valid_lcx_prob,valid_lcx_obj,time,in_val,test_avg,valid_avg
18,9,60,0.1,0.1,0.0,-0.3868876835569736,0.0,-0.24225985564252908,9719.701277256012,0.37657161752220614,-0.8501836384152652,-0.7892876573016816
