outer_iter,context_val,seed,alpha,eps,test_lcx_prob,test_lcx_obj,valid_lcx_prob,valid_lcx_obj,time,in_val,test_avg,valid_avg
27,10,70,0.1,0.1,0.0,-0.21016843943076624,0.0,-0.4499709934851334,13621.136573553085,0.5043384918223639,-0.7431294231118059,-0.7971659428418479
