outer_iter,context_val,seed,alpha,eps,test_lcx_prob,test_lcx_obj,valid_lcx_prob,valid_lcx_obj,time,in_val,test_avg,valid_avg
24,13,70,0.1,0.1,0.0,-0.25976023548205474,0.0,-0.1553037883670109,8860.15262556076,0.2714076177722798,-0.7690175191162401,-0.657634451772339
