outer_iter,context_val,seed,alpha,eps,test_lcx_prob,test_lcx_obj,valid_lcx_prob,valid_lcx_obj,time,in_val,test_avg,valid_avg
29,6,70,0.1,0.1,0.0,-0.4218301052965698,0.0,-0.534271262371569,12072.156297683716,0.419683706527746,-0.8573564373709291,-0.881119805990699
