outer_iter,context_val,seed,alpha,eps,test_lcx_prob,test_lcx_obj,valid_lcx_prob,valid_lcx_obj,time,in_val,test_avg,valid_avg
31,18,80,0.1,0.1,0.0,-0.32691373640043503,0.0,-0.4727065088683393,11824.370372533798,0.2910475527945487,-0.7622284522818827,-0.7758348191885991
