outer_iter,context_val,seed,alpha,eps,test_lcx_prob,test_lcx_obj,valid_lcx_prob,valid_lcx_obj,time,in_val,test_avg,valid_avg
31,15,90,0.1,0.1,0.0,-0.276130952510611,0.0,-0.22475948198307036,11693.185359954834,0.3349762413561817,-0.7759553605930312,-0.762130901349445
