outer_iter,context_val,seed,alpha,eps,test_lcx_prob,test_lcx_obj,valid_lcx_prob,valid_lcx_obj,time,in_val,test_avg,valid_avg
26,17,90,0.1,0.1,0.0,-0.366870123417104,0.0,-0.38743916052216026,11243.47147512436,0.2516109402634795,-0.7645445627463835,-0.8085256294352154
