outer_iter,context_val,seed,alpha,eps,test_lcx_prob,test_lcx_obj,valid_lcx_prob,valid_lcx_obj,time,in_val,test_avg,valid_avg
19,12,90,0.1,0.1,0.02127659574468085,-0.0485358527614953,0.0,-0.4337458350647818,12095.207277297974,0.35057904567683845,-0.6968069716253885,-0.7814940338269853
