outer_iter,context_val,seed,alpha,eps,test_lcx_prob,test_lcx_obj,valid_lcx_prob,valid_lcx_obj,time,in_val,test_avg,valid_avg
17,13,90,0.1,0.1,0.0,-0.25537317152156697,0.0,-0.20335258386241162,6726.943998575211,0.31532741808117815,-0.8203512685261634,-0.8540258291597845
