outer_iter,context_val,seed,alpha,eps,test_lcx_prob,test_lcx_obj,valid_lcx_prob,valid_lcx_obj,time,in_val,test_avg,valid_avg
29,4,90,0.1,0.1,0.0,-0.4529204527331854,0.0,-0.43791417204198246,12393.122927904129,0.387488513068458,-0.8806478106462432,-0.8580315942209372
