outer_iter,context_val,seed,alpha,eps,test_lcx_prob,test_lcx_obj,valid_lcx_prob,valid_lcx_obj,time,in_val,test_avg,valid_avg
22,7,90,0.1,0.1,0.0,-0.2545201741448779,0.0,-0.35821581646802053,11891.677446603775,0.38010649734893265,-0.7777436926806128,-0.8497617477829054
