outer_iter,context_val,seed,alpha,eps,test_lcx_prob,test_lcx_obj,valid_lcx_prob,valid_lcx_obj,time,in_val,test_avg,valid_avg
30,9,90,0.1,0.1,0.0,-0.234953995818486,0.0,-0.23840480595304403,14940.823197841644,0.46990741941895664,-0.7641930167926768,-0.8524296460121651
