seed,rho,a_seed,eta,gamma,init_rho,valid_obj,valid_prob,test_obj,test_prob,time,valid_cover,test_cover,valid_in,test_in,valid_avg,avg_val,valid_cvar,test_cvar
0,1,0,0.2,1,1,-0.5518720922837146,0.0,-0.5826364653286622,0.0,0.00039837,0.0,0.0,0.06436443458473948,0.06436443458472632,-0.8483489397351205,-0.8463000145543622,-0.4383890892929957,-0.4240085011984617
