seed,rho,a_seed,eta,gamma,init_rho,valid_obj,valid_prob,test_obj,test_prob,time,valid_cover,test_cover,valid_in,test_in,valid_avg,avg_val,valid_cvar,test_cvar
20,1,20,0.2,1,1,-0.5712527716351018,0.0,-0.5195424350029267,0.0,0.00039574,0.0,0.0,0.048826927020509565,0.04882692702051506,-0.8055108837432957,-0.7936207968653006,-0.43199992988723585,-0.3899150474793402
