seed,a_seed,nonrob_prob,nonrob_obj,scenario_probs,scenario_obj,scenario_in,nonrob_in,scenario_avg,nonrob_avg
40,40,1.0,-417.0803402297532,0.5467912365910863,-398.8060370102227,-398.8029466493344,-429.0722687574016,-398.8862497559233,-428.52281101645315
