outer_iter,context_val,seed,alpha,eps,test_lcx_prob,test_lcx_obj,valid_lcx_prob,valid_lcx_obj,time,in_val,test_avg,valid_avg,test_lcx_cvar,valid_lcx_cvar
26,10,0,0.1,0.1,0.0,-0.26658843977993085,0.0,0.14664109341206086,8449.508401870728,0.2632535696439927,-0.721091089673243,-0.6979188749910736,-0.1438707759843134,0.14664109341206086
