outer_iter,context_val,seed,alpha,eps,test_lcx_prob,test_lcx_obj,valid_lcx_prob,valid_lcx_obj,time,in_val,test_avg,valid_avg,test_lcx_cvar,valid_lcx_cvar
15,13,0,0.1,0.1,0.0,-0.6848692287347912,0.0,-0.4917745762290945,5641.825048208237,0.30906088879283633,-1.0447722071789483,-0.8326573511766948,-0.5836018526970065,-0.48636714577574625
