outer_iter,context_val,seed,alpha,eps,test_lcx_prob,test_lcx_obj,valid_lcx_prob,valid_lcx_obj,time,in_val,test_avg,valid_avg,test_lcx_cvar,valid_lcx_cvar
26,15,0,0.1,0.1,0.0,-0.42026252675380166,0.0,-0.5994209786400208,8722.357338428497,0.2662901515656594,-0.8097109247174374,-0.8221086755696834,-0.3204095324755852,-0.590761525576142
