outer_iter,context_val,seed,alpha,eps,test_lcx_prob,test_lcx_obj,valid_lcx_prob,valid_lcx_obj,time,in_val,test_avg,valid_avg,test_lcx_cvar,valid_lcx_cvar
20,17,0,0.1,0.1,0.0,-0.5245724680299032,0.0,-0.29029181536268855,6019.42529630661,0.12045821796542268,-0.8473582708129677,-0.8897435511666869,-0.5032036878797125,-0.29029181536268855
