outer_iter,context_val,seed,alpha,eps,test_lcx_prob,test_lcx_obj,valid_lcx_prob,valid_lcx_obj,time,in_val,test_avg,valid_avg,test_lcx_cvar,valid_lcx_cvar
23,18,0,0.1,0.1,0.0,-0.5267874339104708,0.0,-0.45532264949729,5713.47323012352,0.21324999835805822,-0.8043189822468981,-0.8790348111839167,-0.3066878181692983,-0.45532264949729
