outer_iter,context_val,seed,alpha,eps,test_lcx_prob,test_lcx_obj,valid_lcx_prob,valid_lcx_obj,time,in_val,test_avg,valid_avg,test_lcx_cvar,valid_lcx_cvar
22,19,0,0.1,0.1,0.0,-0.18143297446449153,0.0,-0.46174751142506854,7265.399030208588,0.23398776031576327,-0.7504408050320758,-0.9562293529453145,-0.1358524219025963,-0.46174751142506854
