outer_iter,context_val,seed,alpha,eps,test_lcx_prob,test_lcx_obj,valid_lcx_prob,valid_lcx_obj,time,in_val,test_avg,valid_avg,test_lcx_cvar,valid_lcx_cvar
26,5,0,0.1,0.1,0.0,-0.4274039305289459,0.0,-0.5514893758920854,7429.483856916428,0.2687495057780509,-0.8122554108890413,-0.9229603433163601,-0.29795313170901633,-0.5514893758920854
