outer_iter,context_val,seed,alpha,eps,test_lcx_prob,test_lcx_obj,valid_lcx_prob,valid_lcx_obj,time,in_val,test_avg,valid_avg,test_lcx_cvar,valid_lcx_cvar
8,6,0,0.1,0.1,0.03225806451612903,-0.4345724814434607,0.0,-0.3331333555675159,4162.998076677322,0.09402926874321912,-0.8690665741519483,-0.7710927731867555,-0.25310381520780634,-0.31870502411806684
