outer_iter,context_val,seed,alpha,eps,test_lcx_prob,test_lcx_obj,valid_lcx_prob,valid_lcx_obj,time,in_val,test_avg,valid_avg,test_lcx_cvar,valid_lcx_cvar
28,7,0,0.1,0.1,0.0,-0.48656603664768994,0.0,-0.35172226536633666,13528.56748175621,0.38883923059340664,-0.7801054980588742,-0.7624000031539631,-0.4253900919701876,-0.35172226536633666
