outer_iter,context_val,seed,alpha,eps,test_lcx_prob,test_lcx_obj,valid_lcx_prob,valid_lcx_obj,time,in_val,test_avg,valid_avg,test_lcx_cvar,valid_lcx_cvar
12,12,10,0.1,0.1,0.0,-0.39788240766048133,0.0,-0.4436627155883105,6373.059629917145,0.21757272294604568,-0.9550192852148891,-0.8928313325527167,-0.2412420877165031,-0.4436627155883105
