outer_iter,context_val,seed,alpha,eps,test_lcx_prob,test_lcx_obj,valid_lcx_prob,valid_lcx_obj,time,in_val,test_avg,valid_avg,test_lcx_cvar,valid_lcx_cvar
20,10,10,0.1,0.1,0.0,-0.4352187984904041,0.0,-0.509373779476532,7524.917605161667,0.31968282294657097,-0.7715538045699574,-0.7562481408710049,-0.4027720257024498,-0.509373779476532
