outer_iter,context_val,seed,alpha,eps,test_lcx_prob,test_lcx_obj,valid_lcx_prob,valid_lcx_obj,time,in_val,test_avg,valid_avg,test_lcx_cvar,valid_lcx_cvar
29,1,10,0.1,0.1,0.0,-0.32726786219405746,0.0,-0.4101186443417525,11036.296755075455,0.3869671504727036,-0.8726977297500109,-0.6639791198352226,-0.24019583823518495,-0.20097201826569436
