outer_iter,context_val,seed,alpha,eps,test_lcx_prob,test_lcx_obj,valid_lcx_prob,valid_lcx_obj,time,in_val,test_avg,valid_avg,test_lcx_cvar,valid_lcx_cvar
25,2,10,0.1,0.1,0.0,-0.4847719203627333,0.0,-0.31865991630044643,6779.636805772781,0.34707579662465066,-0.8042355040785457,-0.7319555333919283,-0.3464659800270529,-0.31865991630044643
