outer_iter,context_val,seed,alpha,eps,test_lcx_prob,test_lcx_obj,valid_lcx_prob,valid_lcx_obj,time,in_val,test_avg,valid_avg,test_lcx_cvar,valid_lcx_cvar
13,6,10,0.1,0.1,0.03225806451612903,-0.27464309948029964,0.0,-0.5803725374258691,4267.584898710251,0.029683891121100456,-0.8073993830980977,-0.985398555480184,-0.14613252464695492,-0.5684941033381197
