outer_iter,context_val,seed,alpha,eps,test_lcx_prob,test_lcx_obj,valid_lcx_prob,valid_lcx_obj,time,in_val,test_avg,valid_avg,test_lcx_cvar,valid_lcx_cvar
24,7,10,0.1,0.1,0.0,-0.3363214012898515,0.14285714285714285,0.7213426248454256,11637.315186023712,0.25077910983910395,-0.9028025949331029,-0.8290295497595723,-0.27998000182620014,0.7213426248454256
