outer_iter,context_val,seed,alpha,eps,test_lcx_prob,test_lcx_obj,valid_lcx_prob,valid_lcx_obj,time,in_val,test_avg,valid_avg,test_lcx_cvar,valid_lcx_cvar
20,9,10,0.1,0.1,0.0,-0.44328895435014687,0.0,-0.40624109931718033,10431.136446237564,0.2886528062512409,-0.8205124359740594,-0.7795408472539819,-0.270507017222146,-0.319310996755925
