outer_iter,context_val,seed,alpha,eps,test_lcx_prob,test_lcx_obj,valid_lcx_prob,valid_lcx_obj,time,in_val,test_avg,valid_avg,test_lcx_cvar,valid_lcx_cvar
16,19,20,0.1,0.1,0.0,-0.2102594542892638,0.0,-0.4597575950019908,5723.26379442215,0.1396205425801653,-0.7290394824938113,-0.7897794256795558,-0.1110327762401595,-0.4597575950019908
