outer_iter,context_val,seed,alpha,eps,test_lcx_prob,test_lcx_obj,valid_lcx_prob,valid_lcx_obj,time,in_val,test_avg,valid_avg,test_lcx_cvar,valid_lcx_cvar
21,12,20,0.1,0.1,0.0,-0.4575242499504434,0.0,-0.29184643262647736,7375.467578887939,0.1576005427385706,-0.8065026391497833,-0.6209243816114947,-0.3841848715438729,-0.29184643262647736
