outer_iter,context_val,seed,alpha,eps,test_lcx_prob,test_lcx_obj,valid_lcx_prob,valid_lcx_obj,time,in_val,test_avg,valid_avg,test_lcx_cvar,valid_lcx_cvar
18,3,20,0.1,0.1,0.0,-0.4211898541482414,0.0,-0.423514668741856,6270.7337946891785,0.3113248358628672,-0.85977201581289,-0.8002279425585059,-0.33559991633599945,-0.4067741134250026
