outer_iter,context_val,seed,alpha,eps,test_lcx_prob,test_lcx_obj,valid_lcx_prob,valid_lcx_obj,time,in_val,test_avg,valid_avg,test_lcx_cvar,valid_lcx_cvar
17,1,30,0.1,0.1,0.0,-0.31805819189370854,0.0,-0.3314697715098404,7491.974412202835,0.25390337200848156,-0.889833515936019,-0.8403803610091957,-0.2836233527732742,-0.26857739078547294
