outer_iter,context_val,seed,alpha,eps,test_lcx_prob,test_lcx_obj,valid_lcx_prob,valid_lcx_obj,time,in_val,test_avg,valid_avg,test_lcx_cvar,valid_lcx_cvar
22,12,30,0.1,0.1,0.03571428571428571,-0.041381440556648,0.0,-0.48008852973142474,7585.642933130264,0.2767543835361399,-0.706945567225412,-0.9015182066316803,0.30167724196665713,-0.48008852973142474
