outer_iter,context_val,seed,alpha,eps,test_lcx_prob,test_lcx_obj,valid_lcx_prob,valid_lcx_obj,time,in_val,test_avg,valid_avg,test_lcx_cvar,valid_lcx_cvar
16,17,30,0.1,0.1,0.038461538461538464,-0.4173947177406718,0.0,-0.2889539643250867,6284.813886880875,0.19766589109843566,-0.7892593475057949,-0.9953569156068163,-0.16386547139139981,-0.2889539643250867
