outer_iter,context_val,seed,alpha,eps,test_lcx_prob,test_lcx_obj,valid_lcx_prob,valid_lcx_obj,time,in_val,test_avg,valid_avg,test_lcx_cvar,valid_lcx_cvar
8,11,30,0.1,0.1,0.034482758620689655,-0.08610508414404912,0.0,-0.4241210175916967,4151.631644248962,0.1934133682080772,-0.6905758177558423,-0.7615032015803208,0.09239262213387421,-0.290889626618304
