outer_iter,context_val,seed,alpha,eps,test_lcx_prob,test_lcx_obj,valid_lcx_prob,valid_lcx_obj,time,in_val,test_avg,valid_avg,test_lcx_cvar,valid_lcx_cvar
18,14,30,0.1,0.1,0.043478260869565216,-0.5549468976023774,0.0,-0.37425267188437183,7951.285673618317,0.3928609545743558,-0.7443793496250514,-0.7457780069435331,-0.08443961249350747,-0.37425267188437183
