outer_iter,context_val,seed,alpha,eps,test_lcx_prob,test_lcx_obj,valid_lcx_prob,valid_lcx_obj,time,in_val,test_avg,valid_avg,test_lcx_cvar,valid_lcx_cvar
27,2,30,0.1,0.1,0.0,-0.3136771917149778,0.0,-0.5929216556821262,7994.850954055786,0.37533684895331126,-0.7286566270373894,-0.8982102830377716,-0.18858678849604163,-0.5929216556821262
