outer_iter,context_val,seed,alpha,eps,test_lcx_prob,test_lcx_obj,valid_lcx_prob,valid_lcx_obj,time,in_val,test_avg,valid_avg,test_lcx_cvar,valid_lcx_cvar
7,3,30,0.1,0.1,0.0,-0.3814311561055172,0.0,-0.2564690602616061,5471.082088708878,0.3671469024605567,-0.9095422443091595,-0.7504575610298865,-0.2551991446233965,-0.10988320944959272
