outer_iter,context_val,seed,alpha,eps,test_lcx_prob,test_lcx_obj,valid_lcx_prob,valid_lcx_obj,time,in_val,test_avg,valid_avg,test_lcx_cvar,valid_lcx_cvar
17,4,30,0.1,0.1,0.045454545454545456,-0.324753598679256,0.08333333333333333,-0.4053094215386664,6383.927428007126,0.24003136797428845,-0.7588972475868658,-0.7067183547288659,-0.1272404015100295,0.07571235227147746
