outer_iter,context_val,seed,alpha,eps,test_lcx_prob,test_lcx_obj,valid_lcx_prob,valid_lcx_obj,time,in_val,test_avg,valid_avg,test_lcx_cvar,valid_lcx_cvar
16,0,40,0.1,0.1,0.0,-0.01629632135659516,0.07142857142857142,-0.07983542352470838,6638.9668555259705,0.1911115695193466,-0.662313512603413,-0.7383851228939787,0.005014056118433412,0.15492278670438125
