outer_iter,context_val,seed,alpha,eps,test_lcx_prob,test_lcx_obj,valid_lcx_prob,valid_lcx_obj,time,in_val,test_avg,valid_avg,test_lcx_cvar,valid_lcx_cvar
27,15,40,0.1,0.1,0.0,-0.5624143989526375,0.0,-0.3627205078462349,10656.814110517502,0.23873090343509074,-0.8278901293306233,-0.7636052341200696,-0.2949507340715234,-0.26606208507113965
