outer_iter,context_val,seed,alpha,eps,test_lcx_prob,test_lcx_obj,valid_lcx_prob,valid_lcx_obj,time,in_val,test_avg,valid_avg,test_lcx_cvar,valid_lcx_cvar
12,12,40,0.1,0.1,0.0,-0.5306021253451251,0.0,-0.16893369963923763,5978.003155708313,0.3253670926598624,-0.8280892452670928,-0.7416331879702048,-0.41752171270240307,-0.16893369963923763
