outer_iter,context_val,seed,alpha,eps,test_lcx_prob,test_lcx_obj,valid_lcx_prob,valid_lcx_obj,time,in_val,test_avg,valid_avg,test_lcx_cvar,valid_lcx_cvar
14,2,40,0.1,0.1,0.0,-0.15377424007990192,0.0,-0.12200560628370503,5830.885182619095,0.325139690901502,-0.710950632661882,-0.8164356986469589,-0.09342516246443949,-0.12200560628370503
