outer_iter,context_val,seed,alpha,eps,test_lcx_prob,test_lcx_obj,valid_lcx_prob,valid_lcx_obj,time,in_val,test_avg,valid_avg,test_lcx_cvar,valid_lcx_cvar
20,3,40,0.1,0.1,0.0,-0.35932568371899176,0.0,-0.41216661121540166,6964.011576652527,0.37301353243939867,-0.7870822973616964,-0.7234636401799887,-0.1355118263739718,-0.23338988705780847
