outer_iter,context_val,seed,alpha,eps,test_lcx_prob,test_lcx_obj,valid_lcx_prob,valid_lcx_obj,time,in_val,test_avg,valid_avg,test_lcx_cvar,valid_lcx_cvar
17,4,40,0.1,0.1,0.045454545454545456,-0.3918043353533272,0.0,-0.527250633310331,6193.682221889496,0.21348314170790764,-0.8702514166216265,-0.7695579779540141,-0.13911224970729955,-0.2569249895461987
