outer_iter,context_val,seed,alpha,eps,test_lcx_prob,test_lcx_obj,valid_lcx_prob,valid_lcx_obj,time,in_val,test_avg,valid_avg,test_lcx_cvar,valid_lcx_cvar
17,6,40,0.1,0.1,0.03225806451612903,0.029135498281075062,0.08333333333333333,-0.3308509101863297,4878.663876533508,0.32079860096205703,-0.5562726012136491,-0.5403432391059826,0.3087497489601659,0.36789215666968555
