outer_iter,context_val,seed,alpha,eps,test_lcx_prob,test_lcx_obj,valid_lcx_prob,valid_lcx_obj,time,in_val,test_avg,valid_avg,test_lcx_cvar,valid_lcx_cvar
24,16,50,0.1,0.1,0.037037037037037035,-0.36792542580571574,0.0,-0.35298776389673325,6530.140640258789,0.19426447377891942,-0.7434742910815415,-0.7792115852604542,0.13406429593566252,-0.35298776389673325
