outer_iter,context_val,seed,alpha,eps,test_lcx_prob,test_lcx_obj,valid_lcx_prob,valid_lcx_obj,time,in_val,test_avg,valid_avg,test_lcx_cvar,valid_lcx_cvar
11,2,50,0.1,0.1,0.0,-0.42408897325201156,0.0,-0.6347411499895796,5467.270823717117,0.24664503941518442,-0.8371958260266225,-1.0588044029774883,-0.4075856426880726,-0.6347411499895796
