outer_iter,context_val,seed,alpha,eps,test_lcx_prob,test_lcx_obj,valid_lcx_prob,valid_lcx_obj,time,in_val,test_avg,valid_avg,test_lcx_cvar,valid_lcx_cvar
18,3,50,0.1,0.1,0.0,-0.42152198222944604,0.0,-0.3757808015260524,6282.140030145645,0.3173485263128373,-0.6669690174341891,-0.7615839875867435,-0.333700721769393,-0.19705688879818822
