outer_iter,context_val,seed,alpha,eps,test_lcx_prob,test_lcx_obj,valid_lcx_prob,valid_lcx_obj,time,in_val,test_avg,valid_avg,test_lcx_cvar,valid_lcx_cvar
29,5,50,0.1,0.1,0.0,-0.5195706665146119,0.14285714285714285,0.36515051781627006,9392.928849697113,0.19232349714411326,-0.7032872371274479,-0.6742453040175389,-0.36778099591354835,0.36515051781627006
