outer_iter,context_val,seed,alpha,eps,test_lcx_prob,test_lcx_obj,valid_lcx_prob,valid_lcx_obj,time,in_val,test_avg,valid_avg,test_lcx_cvar,valid_lcx_cvar
16,6,50,0.1,0.1,0.03225806451612903,-0.2903798186137989,0.0,-0.43555973978615814,4431.050213336945,0.055803485946969315,-0.7046070790778662,-0.7915394640858794,-0.11480322264147849,-0.39639076715748855
