outer_iter,context_val,seed,alpha,eps,test_lcx_prob,test_lcx_obj,valid_lcx_prob,valid_lcx_obj,time,in_val,test_avg,valid_avg,test_lcx_cvar,valid_lcx_cvar
25,13,60,0.1,0.1,0.0,-0.5315098414769882,0.0,-0.5098874391512334,7490.64471244812,0.24663204693282387,-0.8177675405664487,-0.7949403975217871,-0.3304805570873878,-0.42796273258424355
