outer_iter,context_val,seed,alpha,eps,test_lcx_prob,test_lcx_obj,valid_lcx_prob,valid_lcx_obj,time,in_val,test_avg,valid_avg,test_lcx_cvar,valid_lcx_cvar
12,17,60,0.1,0.1,0.0,-0.4025536239067253,0.0,-0.5462648392145448,5751.391138792038,0.36414829494798606,-0.8817310233921045,-0.925084643398611,-0.340253482117382,-0.5462648392145448
