outer_iter,context_val,seed,alpha,eps,test_lcx_prob,test_lcx_obj,valid_lcx_prob,valid_lcx_obj,time,in_val,test_avg,valid_avg,test_lcx_cvar,valid_lcx_cvar
23,18,60,0.1,0.1,0.0,-0.574063433001651,0.0,-0.4035491832905602,7517.437213897705,0.2253467206815995,-0.9071722785704155,-0.9051959967155675,-0.5235948774409414,-0.4035491832905602
