outer_iter,context_val,seed,alpha,eps,test_lcx_prob,test_lcx_obj,valid_lcx_prob,valid_lcx_obj,time,in_val,test_avg,valid_avg,test_lcx_cvar,valid_lcx_cvar
23,11,60,0.1,0.1,0.0,-0.5215098810194456,0.0,-0.5016536402710079,4515.2283272743225,0.024256320010921532,-0.8840629407719413,-0.7624256703389953,-0.4464619150286766,-0.48689101592367334
