outer_iter,context_val,seed,alpha,eps,test_lcx_prob,test_lcx_obj,valid_lcx_prob,valid_lcx_obj,time,in_val,test_avg,valid_avg,test_lcx_cvar,valid_lcx_cvar
27,2,60,0.1,0.1,0.038461538461538464,-0.5130934669595696,0.0,-0.603670966813833,8073.305830478668,0.3121269556492666,-0.7564192180451129,-0.8585786025060219,-0.003435714226104077,-0.603670966813833
