outer_iter,context_val,seed,alpha,eps,test_lcx_prob,test_lcx_obj,valid_lcx_prob,valid_lcx_obj,time,in_val,test_avg,valid_avg,test_lcx_cvar,valid_lcx_cvar
24,6,60,0.1,0.1,0.0,-0.5663143773365733,0.0,-0.443348287634849,5237.656171321869,0.28691520915134505,-0.815241009356887,-0.652350483726561,-0.24229547695265002,-0.0822285439142979
