outer_iter,context_val,seed,alpha,eps,test_lcx_prob,test_lcx_obj,valid_lcx_prob,valid_lcx_obj,time,in_val,test_avg,valid_avg,test_lcx_cvar,valid_lcx_cvar
16,9,60,0.1,0.1,0.03571428571428571,-0.2370271922529292,0.0,-0.4852648044349442,10377.71859240532,0.17912291179522366,-0.8812195079397641,-0.8252183257405007,-0.00649289984360545,-0.46566511418096823
