outer_iter,context_val,seed,alpha,eps,test_lcx_prob,test_lcx_obj,valid_lcx_prob,valid_lcx_obj,time,in_val,test_avg,valid_avg,test_lcx_cvar,valid_lcx_cvar
23,0,70,0.1,0.1,0.0,-0.5789614019749828,0.0,-0.22306299204354751,9032.734950065613,0.35257246097656225,-0.8864553326907615,-0.6569427177461782,-0.5283246307638733,-0.06614178076943786
