outer_iter,context_val,seed,alpha,eps,test_lcx_prob,test_lcx_obj,valid_lcx_prob,valid_lcx_obj,time,in_val,test_avg,valid_avg,test_lcx_cvar,valid_lcx_cvar
26,12,70,0.1,0.1,0.0,-0.3503916326500455,0.0,-0.2725380932275516,7812.912786483765,0.33498542080867244,-0.9625565430984915,-0.5008002893106165,-0.2665819120666,-0.2725380932275516
