outer_iter,context_val,seed,alpha,eps,test_lcx_prob,test_lcx_obj,valid_lcx_prob,valid_lcx_obj,time,in_val,test_avg,valid_avg,test_lcx_cvar,valid_lcx_cvar
12,1,70,0.1,0.1,0.0,-0.49477142547715136,0.0,0.14315622311548615,6918.13028883934,0.34937023852179144,-0.8353699136449193,-0.5685389707248247,-0.4883591161340687,0.19978302561006597
