outer_iter,context_val,seed,alpha,eps,test_lcx_prob,test_lcx_obj,valid_lcx_prob,valid_lcx_obj,time,in_val,test_avg,valid_avg,test_lcx_cvar,valid_lcx_cvar
19,3,70,0.1,0.1,0.0,-0.3037934851700554,0.0,-0.5217280584444658,6729.974186897278,0.2752376835507025,-0.9737654769706855,-0.9801444088306379,-0.230927893736798,-0.5139889187844546
