outer_iter,context_val,seed,alpha,eps,test_lcx_prob,test_lcx_obj,valid_lcx_prob,valid_lcx_obj,time,in_val,test_avg,valid_avg,test_lcx_cvar,valid_lcx_cvar
38,6,70,0.1,0.1,0.1935483870967742,-0.3687246494940491,0.25,0.09336430138326682,4972.6161279678345,-0.47880761431882574,-0.883231096055982,-0.674854217333432,-0.2615553678636471,0.3352681177463582
