outer_iter,context_val,seed,alpha,eps,test_lcx_prob,test_lcx_obj,valid_lcx_prob,valid_lcx_obj,time,in_val,test_avg,valid_avg,test_lcx_cvar,valid_lcx_cvar
24,9,70,0.1,0.1,0.0,-0.2348314787027544,0.09090909090909091,-0.45633149902442544,11214.651678323746,0.2034385074576004,-0.842770839385269,-0.6822886223388263,-0.11918667558069483,0.057869475439161905
