outer_iter,context_val,seed,alpha,eps,test_lcx_prob,test_lcx_obj,valid_lcx_prob,valid_lcx_obj,time,in_val,test_avg,valid_avg,test_lcx_cvar,valid_lcx_cvar
25,14,80,0.1,0.1,0.0,-0.44658188735212995,0.0,-0.31115058671334483,9109.825010299683,0.38266981601957234,-0.875958825681759,-0.7147353398453961,-0.24987148754076297,-0.31115058671334483
