outer_iter,context_val,seed,alpha,eps,test_lcx_prob,test_lcx_obj,valid_lcx_prob,valid_lcx_obj,time,in_val,test_avg,valid_avg,test_lcx_cvar,valid_lcx_cvar
23,13,80,0.1,0.1,0.0,-0.4755760726438993,0.0,-0.004324638044971879,6233.221850156784,0.14946392911822506,-0.8661876392515038,-0.616796925275085,-0.302937706309362,0.0324500466646383
