outer_iter,context_val,seed,alpha,eps,test_lcx_prob,test_lcx_obj,valid_lcx_prob,valid_lcx_obj,time,in_val,test_avg,valid_avg,test_lcx_cvar,valid_lcx_cvar
22,15,80,0.1,0.1,0.0,-0.2859539874561393,0.0,-0.5251253208313547,7038.737690925598,0.2667436980179886,-0.7669733517104547,-0.7219949330908202,-0.06383184903608131,-0.3523533938624067
