outer_iter,context_val,seed,alpha,eps,test_lcx_prob,test_lcx_obj,valid_lcx_prob,valid_lcx_obj,time,in_val,test_avg,valid_avg,test_lcx_cvar,valid_lcx_cvar
13,7,80,0.1,0.1,0.0,-0.3925933630946309,0.0,-0.3655911933938313,10272.00615310669,0.3134333043667945,-1.1304502355929944,-0.759069864598515,-0.3283143026733808,-0.3655911933938313
