outer_iter,context_val,seed,alpha,eps,test_lcx_prob,test_lcx_obj,valid_lcx_prob,valid_lcx_obj,time,in_val,test_avg,valid_avg,test_lcx_cvar,valid_lcx_cvar
18,9,80,0.1,0.1,0.0,-0.43685387239738704,0.0,-0.10943159040030227,10237.496237277985,0.31109227940188255,-0.8652661246857426,-0.61673495941803,-0.36950895946506845,-0.07458206182445587
