outer_iter,context_val,seed,alpha,eps,test_lcx_prob,test_lcx_obj,valid_lcx_prob,valid_lcx_obj,time,in_val,test_avg,valid_avg,test_lcx_cvar,valid_lcx_cvar
21,13,90,0.1,0.1,0.0,-0.469171762987041,0.0,-0.3995007583404315,6497.275391101837,0.2132945089130432,-0.7905269644901098,-0.7951938951944663,-0.40226609306713096,-0.34371278024873647
