outer_iter,context_val,seed,alpha,eps,test_lcx_prob,test_lcx_obj,valid_lcx_prob,valid_lcx_obj,time,in_val,test_avg,valid_avg,test_lcx_cvar,valid_lcx_cvar
19,1,90,0.1,0.1,0.0,-0.4675988815858146,0.0,-0.6633762840429644,7510.392896413803,0.33350824655658057,-0.9406153699450753,-0.8992063047977127,-0.4290176372880663,-0.5884521685842725
