outer_iter,context_val,seed,alpha,eps,test_lcx_prob,test_lcx_obj,valid_lcx_prob,valid_lcx_obj,time,in_val,test_avg,valid_avg,test_lcx_cvar,valid_lcx_cvar
15,14,90,0.1,0.1,0.043478260869565216,0.028860937767795945,0.0,-0.038994373246481084,6324.931550741196,0.3074349935195454,-0.6763600172093905,-0.7189759894466143,0.1854064121162465,-0.038994373246481084
