outer_iter,context_val,seed,alpha,eps,test_lcx_prob,test_lcx_obj,valid_lcx_prob,valid_lcx_obj,time,in_val,test_avg,valid_avg,test_lcx_cvar,valid_lcx_cvar
7,11,90,0.1,0.1,0.0,-0.4956771282759941,0.0,-0.5561769754152686,4147.55576467514,0.28649202844750765,-0.9046589649509339,-0.9544816563497955,-0.07939753766416302,-0.4544940994329138
