outer_iter,context_val,seed,alpha,eps,test_lcx_prob,test_lcx_obj,valid_lcx_prob,valid_lcx_obj,time,in_val,test_avg,valid_avg,test_lcx_cvar,valid_lcx_cvar
23,4,90,0.1,0.1,0.045454545454545456,-0.5168823446477918,0.0,-0.4957622504338574,7490.44161772728,0.32871659483161575,-0.7582872627632882,-0.8558572035352331,0.043070983493485225,-0.4668567229682847
