outer_iter,context_val,seed,alpha,eps,test_lcx_prob,test_lcx_obj,valid_lcx_prob,valid_lcx_obj,time,in_val,test_avg,valid_avg,test_lcx_cvar,valid_lcx_cvar
28,5,90,0.1,0.1,0.0,-0.4520765955858879,0.0,-0.29372412846960066,8181.262939214706,0.36704051022155976,-0.7273728756907231,-0.6789560880572925,-0.34831321225746,-0.29372412846960066
