,mean_eta,mean_init_rho,mean_valid_obj,mean_valid_prob,mean_test_obj,mean_test_prob,0.25_eta,0.25_init_rho,0.25_valid_obj,0.25_valid_prob,0.25_test_obj,0.25_test_prob,0.75_eta,0.75_init_rho,0.75_valid_obj,0.75_valid_prob,0.75_test_obj,0.75_test_prob
0,0.05,1.0,-0.7925732439064805,0.027387500000000002,-0.7875638100812843,0.029515,0.05,1.0,-0.8086788962302174,0.005,-0.8033671727480666,0.006,0.05,1.0,-0.7725897678458427,0.025,-0.7734784875036768,0.03
1,0.1,1.0,-0.829851771999571,0.0688125,-0.8192367274313096,0.0776,0.1,1.0,-0.8442713487959377,0.02,-0.8418579770657515,0.028,0.1,1.0,-0.8160388555095854,0.1,-0.8041060448110614,0.1045
2,0.15,1.0,-0.8432289852794251,0.0926,-0.8358405507557595,0.10546000000000001,0.15,1.0,-0.8468433795390216,0.03,-0.8414679064904294,0.034,0.15,1.0,-0.8370833982185495,0.12,-0.8289745324153835,0.142
3,0.2,1.0,-0.8403297319006677,0.10390833333333332,-0.834405483643709,0.11458,0.2,1.0,-0.8496134415462281,0.035,-0.8481582138031408,0.04,0.2,1.0,-0.8275216684126244,0.15,-0.8152684801381305,0.16
4,0.23,1.0,-0.8466978712241456,0.09260833333333333,-0.836764961710419,0.11167833333333334,0.23,1.0,-0.8601861816859319,0.02,-0.8424101175704101,0.034,0.23,1.0,-0.8362347524390539,0.125,-0.826918455821796,0.148
5,0.25,1.0,-0.8480215311021245,0.0988,-0.8437542237843275,0.10547000000000001,0.25,1.0,-0.8567000029094908,0.03,-0.8541571691898587,0.034,0.25,1.0,-0.838436091809848,0.14,-0.8346648889532592,0.14
6,0.3,1.0,-0.8493784606652606,0.09764583333333333,-0.8428103737289386,0.10421333333333332,0.3,1.0,-0.8581408542170085,0.025,-0.8522529539892745,0.03,0.3,1.0,-0.84256268180398,0.125,-0.8331566720842711,0.1345
7,0.33,1.0,-0.8477654970830837,0.09505416666666666,-0.8404055229375103,0.10519166666666667,0.33,1.0,-0.8593851251932314,0.015,-0.8473010245996223,0.022,0.33,1.0,-0.8346290807751211,0.13,-0.832824573025813,0.144
8,0.35,1.0,-0.8519143445489615,0.10560833333333333,-0.846625907726138,0.11369333333333333,0.35,1.0,-0.8611478266731614,0.02,-0.8593214379041383,0.0275,0.35,1.0,-0.840956991744977,0.15,-0.8349643268897635,0.16
