seed,rho,a_seed,eta,gamma,init_rho,valid_obj,valid_prob,test_obj,test_prob,time,valid_cover,test_cover,valid_in,test_in,valid_avg,avg_val,valid_cvar,test_cvar
10,1,10,0.12,1,1,-0.5432481591831948,0.0,-0.5142454411296831,0.0,0.000769216,0.0,0.0,0.06294464110746381,0.0629446411074585,-0.8325482695420092,-0.8263366964977735,-0.39663743955795805,-0.387403665888995
