seed,rho,a_seed,eta,gamma,init_rho,valid_obj,valid_prob,test_obj,test_prob,time,valid_cover,test_cover,valid_in,test_in,valid_avg,avg_val,valid_cvar,test_cvar
20,1,20,0.12,1,1,-0.5279761992491134,0.005,-0.4951184057791437,0.002,0.000769403,0.0,0.0,0.061830313247547376,0.06183031324754066,-0.8173602564531608,-0.7916702466489516,-0.3572801616847955,-0.33236067550969484
