seed,rho,a_seed,eta,gamma,init_rho,valid_obj,valid_prob,test_obj,test_prob,time,valid_cover,test_cover,valid_in,test_in,valid_avg,avg_val,valid_cvar,test_cvar
30,1,30,0.12,1,1,-0.526040106180914,0.0,-0.5165816623665023,0.0,0.000835387,0.0,0.0,0.06656352317279272,0.06656352317279267,-0.8171331794219931,-0.7959289844434128,-0.4316700945487452,-0.384777848526214
