seed,rho,a_seed,eta,gamma,init_rho,valid_obj,valid_prob,test_obj,test_prob,time,valid_cover,test_cover,valid_in,test_in,valid_avg,avg_val,valid_cvar,test_cvar
90,1,90,0.12,1,1,-0.5151478985984945,0.0,-0.5310817336009144,0.002,0.000730657,0.0,0.0,0.0630181569268787,0.06301815692687887,-0.8201830857160818,-0.8212952711540222,-0.3710693145761034,-0.4090270913088079
