outer_iter,context_val,seed,alpha,eps,test_lcx_prob,test_lcx_obj,valid_lcx_prob,valid_lcx_obj,time,in_val,test_avg,valid_avg,test_lcx_cvar,valid_lcx_cvar
2,18,0,0.1,0.1,0.0,-0.1862109105096918,0.0,-0.5857631959696281,0.41566014289855957,29.82904720940901,-0.7845049662600224,-1.0519074631635417,0.3459090172035879,-0.4118772220421183
