seed,rho,a_seed,eta,gamma,init_rho,valid_obj,valid_prob,test_obj,test_prob,time,valid_cover,test_cover,valid_in,test_in,valid_avg,avg_val,valid_cvar,test_cvar
30,1,30,0.3,1,1,-0.49584666019158347,0.005,-0.5489594002461932,0.001,0.000765342,0.0,0.0,0.05200398917816593,0.052003989178180936,-0.7995361837725244,-0.8365459185768325,-0.3206477223670663,-0.4124362179829615
