seed,rho,a_seed,eta,gamma,init_rho,valid_obj,valid_prob,test_obj,test_prob,time,valid_cover,test_cover,valid_in,test_in,valid_avg,avg_val,valid_cvar,test_cvar
60,1,60,0.3,1,1,-0.5317879547052433,0.0,-0.5328841550732194,0.003,0.000786974,0.0,0.0,0.07545315923942124,0.07545315923942865,-0.8160399103936055,-0.8124374129917714,-0.4110962941703565,-0.393264894017193
