seed,rho,a_seed,eta,gamma,init_rho,valid_obj,valid_prob,test_obj,test_prob,time,valid_cover,test_cover,valid_in,test_in,valid_avg,avg_val,valid_cvar,test_cvar
40,1,40,0.12,1,1,-0.6512184276977171,0.0,-0.6432216727501959,0.0,0.002340889,0.0,0.0,0.0167406373686548,0.01674063736846374,-0.8535479688396691,-0.8505033106725359,-0.5625737954882482,-0.5510747341978062
