seed,rho,a_seed,eta,gamma,init_rho,valid_obj,valid_prob,test_obj,test_prob,time,valid_cover,test_cover,valid_in,test_in,avg_val
90,1,90,0.12,1,1,-0.3501296024110511,0.0,-0.3972651619801156,0.002,0.00035622,0.0,0.0,-0.38553374725414297,-0.4224364087082994,-0.825361206769967
