seed,rho,a_seed,eta,gamma,init_rho,valid_obj,valid_prob,test_obj,test_prob,time,valid_cover,test_cover,valid_in,test_in,valid_avg,avg_val,valid_cvar,test_cvar
0,1,0,0.3,1,1,-0.5527028778159251,0.0025,-0.5312099197395348,0.0,0.000730174,0.0,0.0,0.06791159550630364,0.06791159550628971,-0.8234400326429813,-0.8287411801477503,-0.39940043152036925,-0.40263546414006507
