seed,rho,a_seed,eta,gamma,init_rho,valid_obj,valid_prob,test_obj,test_prob,time,valid_cover,test_cover,valid_in,test_in,valid_avg,avg_val,valid_cvar,test_cvar
30,1,30,0.3,1,1,-0.48581130870337214,0.005,-0.5480397715296565,0.001,0.000857865,0.0,0.0,0.047305122965345434,0.047305122965355155,-0.8034377349191033,-0.8434218886466622,-0.31293114701958774,-0.40768272990499427
