seed,rho,a_seed,eta,gamma,init_rho,valid_obj,valid_prob,test_obj,test_prob,time,valid_cover,test_cover,valid_in,test_in,valid_avg,avg_val,valid_cvar,test_cvar
70,1,70,0.3,1,1,-0.5130543614410461,0.0025,-0.4916928356348349,0.004,0.000781743,0.0,0.0,0.06764125644395227,0.06764125644395455,-0.8005892169389464,-0.80302789281071,-0.3506553617063718,-0.31784510938442706
