seed,rho,a_seed,eta,gamma,init_rho,valid_obj,valid_prob,test_obj,test_prob,time,valid_cover,test_cover,valid_in,test_in,valid_avg,avg_val,valid_cvar,test_cvar
90,1,90,0.3,1,1,-0.5083625095847706,0.0,-0.5177543271666813,0.002,0.000745078,0.0,0.0,0.06109680577363195,0.061096805773667946,-0.8109754440414201,-0.8091124845838492,-0.374890039466803,-0.3937876582427468
