seed,rho,a_seed,eta,gamma,init_rho,valid_obj,valid_prob,test_obj,test_prob,time,valid_cover,test_cover,valid_in,test_in,avg_val,valid_cvar,test_cvar
10,1,10,0.05,1,1,-0.49092221981190276,0.0,-0.5744848270363068,0.001,0.00042001,0.0,0.0,0.05859539313125266,0.0585953931353579,-0.8844155597286419,-0.34735207703463444,-0.4355990818174306
