seed,rho,a_seed,eta,gamma,init_rho,valid_obj,valid_prob,test_obj,test_prob,time,valid_cover,test_cover,valid_in,test_in,avg_val,valid_cvar,test_cvar
30,1,30,0.05,1,1,-0.5523983123353625,0.0025,-0.5655012956632464,0.002,0.00044457,0.0,0.0,0.05374700668502969,0.053314630283882454,-0.8874107166693043,-0.3717382608680004,-0.4197396162171956
