seed,rho,a_seed,eta,gamma,init_rho,valid_obj,valid_prob,test_obj,test_prob,time,valid_cover,test_cover,valid_in,test_in,valid_avg,avg_val,valid_cvar,test_cvar
40,1,40,0.05,1,1,-0.5162758933090672,0.005,-0.4837955304865131,0.001,0.00037907,0.0,0.0,0.08000736738143134,0.08000736739858248,-0.7912615554944128,-0.7833251527615139,-0.3305546169348349,-0.32104472882923224
