seed,rho,a_seed,eta,gamma,init_rho,valid_obj,valid_prob,test_obj,test_prob,time,valid_cover,test_cover,valid_in,test_in,valid_avg,avg_val,valid_cvar,test_cvar
70,1,70,0.05,1,1,-0.5165132468671844,0.005,-0.524340898813946,0.002,0.000366701,0.0,0.0,0.07022963895654728,0.07022964446512685,-0.7910890507496927,-0.8007428174363668,-0.34875875614927926,-0.3344509481100799
