seed,rho,a_seed,eta,gamma,init_rho,valid_obj,valid_prob,test_obj,test_prob,time,valid_cover,test_cover,valid_in,test_in,valid_avg,avg_val,valid_cvar,test_cvar
90,1,90,0.05,1,1,-0.6023560717774932,0.0025,-0.5636639722898246,0.002,0.000345861,0.0,0.0,0.07369471304275084,0.07369471303535448,-0.8119446599167398,-0.8053035115366942,-0.4376503381348218,-0.42765202937217145
