seed,rho,a_seed,eta,gamma,init_rho,valid_obj,valid_prob,test_obj,test_prob,time,valid_cover,test_cover,valid_in,test_in,avg_val
0,1,0,0.2,1,1,-0.5717050305962289,0.0,-0.5683996389885012,0.0,0.002359485,0.0,0.0,-0.6371307508155273,-0.6300016167039872,-0.8467707844753013
