seed,rho,a_seed,eta,gamma,init_rho,valid_obj,valid_prob,test_obj,test_prob,time,valid_cover,test_cover,valid_in,test_in,avg_val
10,1,10,0.2,1,1,-0.49505608424239583,0.0,-0.5818318947433474,0.0,0.002324845,0.0,0.0,-0.5643983105929653,-0.6332546471350051,-0.8533455415106761
