seed,rho,a_seed,eta,gamma,init_rho,valid_obj,valid_prob,test_obj,test_prob,time,valid_cover,test_cover,valid_in,test_in,avg_val
40,1,40,0.2,1,1,-0.530261818990147,0.0,-0.5204116804228859,0.0,0.002292994,0.0,0.0,-0.5989532121592864,-0.5960037245679236,-0.8059953914024586
