seed,rho,a_seed,eta,gamma,init_rho,valid_obj,valid_prob,test_obj,test_prob,time,valid_cover,test_cover,valid_in,test_in,avg_val
70,1,70,0.2,1,1,-0.505388876613884,0.0,-0.4848213138963802,0.0,0.002626555,0.0,0.0,-0.5851257470590848,-0.5710246249641939,-0.8182474603060118
