seed,rho,a_seed,eta,gamma,init_rho,valid_obj,valid_prob,test_obj,test_prob,time,valid_cover,test_cover,valid_in,test_in,avg_val
90,1,90,0.2,1,1,-0.5860204198709511,0.0,-0.5885906264162305,0.0,0.002485085,0.0,0.0,-0.6462928419218037,-0.6429213500434472,-0.8311335873667819
