seed,rho,a_seed,eta,gamma,init_rho,valid_obj,valid_prob,test_obj,test_prob,time,valid_cover,test_cover,valid_in,test_in,avg_val
50,1,50,0.3,1,1,-0.5621669030787364,0.0,-0.5272868417693768,0.0,0.002518047,0.0,0.0,-0.6675615591779833,-0.6546298354365733,-0.8412624852385482
