seed,rho,a_seed,eta,gamma,init_rho,valid_obj,valid_prob,test_obj,test_prob,time,valid_cover,test_cover,valid_in,test_in,avg_val
30,1,30,0.05,1,1,-0.39871795996651554,0.0,-0.3951058479801369,0.001,0.000419013,0.0,0.0,-0.32153233684013166,-0.2975375608754872,-0.8023491841532894
