seed,rho,a_seed,eta,gamma,init_rho,valid_obj,valid_prob,test_obj,test_prob,time,valid_cover,test_cover,valid_in,test_in,valid_avg,avg_val,valid_cvar,test_cvar
60,1,60,0.3,1,1,-0.6317256565147756,0.0,-0.6603335428516666,0.0,0.002356996,0.0,0.0,0.02434665178396847,0.02434665178396589,-0.837980180500602,-0.845824339650773,-0.5717274794815967,-0.5869736323488576
