seed,rho,a_seed,eta,gamma,init_rho,valid_obj,valid_prob,test_obj,test_prob,time,valid_cover,test_cover,valid_in,test_in,valid_avg,avg_val,valid_cvar,test_cvar
40,1,40,0.15,1,1,-0.7175418870925094,0.0,-0.7306061427546693,0.002,0.002109836,0.0,0.0,0.010373583023283652,0.010408541436032422,-0.8439842725897375,-0.8489035210280343,-0.6527899708708382,-0.6073468444938963
