seed,a_seed,nonrob_prob,nonrob_obj,scenario_probs,scenario_obj
60,60,0.6389861990541019,-0.8646372798584586,0.2964108109027118,-0.8380861569055419
