seed,a_seed,nonrob_prob,nonrob_obj,scenario_probs,scenario_obj
70,70,0.6266038334668051,-0.8611761336902342,0.35276891355957996,-0.8259737088887285
