seed,rho,a_seed,eta,gamma,init_rho,valid_obj,valid_prob,test_obj,test_prob,time,valid_cover,test_cover,valid_in,test_in,avg_val,valid_cvar,test_cvar
0,1,0,0.1,1,1,-0.5849002214240655,0.0025,-0.5634273336823135,0.0,0.000376051,0.0,0.0,0.06419539981088072,0.06419539981089,-0.8910275213592266,-0.3827505174519143,-0.4079517147443908
