seed,rho,a_seed,eta,gamma,init_rho,valid_obj,valid_prob,test_obj,test_prob,time,valid_cover,test_cover,valid_in,test_in,valid_avg,avg_val,valid_cvar,test_cvar
30,1,30,0.1,1,1,-0.6110212579407204,0.0,-0.6278418508948345,0.001,0.000368461,0.0,0.0,0.03420966080397818,0.034542700822203495,-0.8206164047763395,-0.8263689422697801,-0.5032169793146165,-0.49479727573905585
