seed,rho,a_seed,eta,gamma,init_rho,valid_obj,valid_prob,test_obj,test_prob,time,valid_cover,test_cover,valid_in,test_in,valid_avg,avg_val,valid_cvar,test_cvar
80,1,80,0.1,1,1,-0.5036995194144297,0.0,-0.516249143987897,0.0,0.000366181,0.0,0.0,0.08150285933243896,0.08150285933243476,-0.788194967753197,-0.8030409523012338,-0.3499382414557171,-0.36116132613752194
