seed,rho,a_seed,eta,gamma,init_rho,valid_obj,valid_prob,test_obj,test_prob,time,valid_cover,test_cover,valid_in,test_in,avg_val
10,1,10,0.15,1,1,-0.4737471413235669,0.0,-0.5192636032100917,0.0,0.002138134,0.0,0.0,-0.5266706239351758,-0.5619680007720949,-0.8261172089121219
