seed,rho,a_seed,eta,gamma,init_rho,valid_obj,valid_prob,test_obj,test_prob,time,valid_cover,test_cover,valid_in,test_in,avg_val
20,1,20,0.15,1,1,-0.5857545717022677,0.0,-0.5582222041232456,0.0,0.002313734,0.0,0.0,-0.6288241926183852,-0.5949804294926059,-0.8415217800289864
