seed,rho,a_seed,eta,gamma,init_rho,valid_obj,valid_prob,test_obj,test_prob,time,valid_cover,test_cover,valid_in,test_in,avg_val
70,1,70,0.15,1,1,-0.4966925954898369,0.0,-0.47914086174262605,0.0,0.002329165,0.0,0.0,-0.5360947117472188,-0.5272154296522299,-0.8069534626862792
