seed,rho,a_seed,eta,gamma,init_rho,valid_obj,valid_prob,test_obj,test_prob,time,valid_cover,test_cover,valid_in,test_in,valid_avg,avg_val,valid_cvar,test_cvar
30,1,30,0.12,1,1,-0.48630467172823305,0.0,-0.5312414433101798,0.001,0.000782836,0.0,0.0,0.0577950235192276,0.05779502351918445,-0.7929510820321426,-0.8278788362109059,-0.3319427597774705,-0.3888500968995717
