seed,rho,a_seed,eta,gamma,init_rho,valid_obj,valid_prob,test_obj,test_prob,time,valid_cover,test_cover,valid_in,test_in,valid_avg,avg_val,valid_cvar,test_cvar
50,1,50,0.12,1,1,-0.4962266293791789,0.005,-0.47188254462785983,0.004,0.000729798,0.0,0.0,0.0809243174972896,0.08092431749725176,-0.7784134034288525,-0.7668108198106783,-0.34599317106827004,-0.30008363619226985
