seed,rho,a_seed,eta,gamma,init_rho,valid_obj,valid_prob,test_obj,test_prob,time,valid_cover,test_cover,valid_in,test_in,valid_avg,avg_val,valid_cvar,test_cvar
60,1,60,0.12,1,1,-0.5671348268196027,0.0025,-0.5273033560324426,0.002,0.000648081,0.0,0.0,0.08542600414267178,0.08542600414286684,-0.8060924733295561,-0.7957362568052182,-0.41173615977127753,-0.3884739931980168
