seed,rho,a_seed,eta,gamma,init_rho,valid_obj,valid_prob,test_obj,test_prob,time,valid_cover,test_cover,valid_in,test_in,avg_val,valid_cvar,test_cvar
20,1,20,0.15,1,1,-0.6592904363201475,0.0,-0.698795837252586,0.0,0.002303152,0.0,0.0,0.017969835809336202,0.01796983580933388,-0.8911147766100453,-0.5720050199228773,-0.6127978058460096
