seed,rho,a_seed,eta,gamma,init_rho,valid_obj,valid_prob,test_obj,test_prob,time,valid_cover,test_cover,valid_in,test_in,valid_avg,avg_val,valid_cvar,test_cvar
70,1,70,0.15,1,1,-0.7062535946117746,0.0,-0.6976404764514372,0.001,0.002485443,0.0,0.0,0.0005568807363950603,0.0005568807363936227,-0.8591043611471036,-0.8484856490927659,-0.6146060545674603,-0.5771025432583683
