seed,rho,a_seed,eta,gamma,init_rho,valid_obj,valid_prob,test_obj,test_prob,time,valid_cover,test_cover,valid_in,test_in,avg_val,valid_cvar,test_cvar
70,1,70,0.15,1,1,-0.675309770411616,0.0,-0.6683749848023695,0.0,0.002586052,0.0,0.0,0.0075413164873034556,0.007541316487297756,-0.896405843792832,-0.5623160965655307,-0.562738023857616
