seed,rho,a_seed,eta,gamma,init_rho,valid_obj,valid_prob,test_obj,test_prob,time,valid_cover,test_cover,valid_in,test_in,avg_val
30,1,30,0.12,1,1,-0.3688672171300054,0.0,-0.3755276960843301,0.004,0.00034871,0.0,0.0,-0.3960551867407169,-0.39916604449859117,-0.8093470019451006
