seed,rho,a_seed,eta,gamma,init_rho,valid_obj,valid_prob,test_obj,test_prob,time,valid_cover,test_cover,valid_in,test_in,avg_val
50,1,50,0.12,1,1,-0.3486030767514161,0.0,-0.31861969373386245,0.004,0.00037124,0.0,0.0,-0.37017778402853097,-0.3541744640894585,-0.7742153171237893
