seed,rho,a_seed,eta,gamma,init_rho,valid_obj,valid_prob,test_obj,test_prob,time,valid_cover,test_cover,valid_in,test_in,valid_avg,avg_val,valid_cvar,test_cvar
50,1,50,0.2,1,1,-0.6884202107412631,0.0,-0.6868723513204081,0.0,0.002068389,0.0,0.0,0.006529512520711476,0.006401858247329516,-0.8724344104017835,-0.8745964371363671,-0.6192514348287771,-0.6122440931167279
