seed,a_seed,nonrob_prob,nonrob_obj,scenario_probs,scenario_obj
40,40,0.6803184053577607,-0.7776188969216614,0.46126027950615667,-0.8331797170599554
