seed,a_seed,nonrob_prob,nonrob_obj,scenario_probs,scenario_obj
80,80,0.6592228450792919,-0.8794047881838194,0.4344114977004782,-0.8323602735383334
