,mean_eta,mean_init_rho,mean_valid_obj,mean_valid_prob,mean_test_obj,mean_test_prob,0.25_eta,0.25_init_rho,0.25_valid_obj,0.25_valid_prob,0.25_test_obj,0.25_test_prob,0.75_eta,0.75_init_rho,0.75_valid_obj,0.75_valid_prob,0.75_test_obj,0.75_test_prob
0,0.05,1.0,-0.7903867576274447,0.07025833333333334,-0.7911865449867391,0.07222666666666666,0.05,1.0,-0.8166328450069122,0.025,-0.8114654848265475,0.02,0.05,1.0,-0.75899872241348,0.08,-0.7663111377529614,0.086
1,0.1,1.0,-0.8395916443809522,0.12041666666666667,-0.8418195131891234,0.120555,0.1,1.0,-0.8502783068136489,0.035,-0.850359291316875,0.032,0.1,1.0,-0.8306707963638034,0.15625,-0.8303484946202955,0.1605
2,0.15,1.0,-0.8438723924551103,0.14062916666666667,-0.8488425253420103,0.13852333333333333,0.15,1.0,-0.8533542664509164,0.035,-0.8566639016378965,0.03,0.15,1.0,-0.8378141093976639,0.2,-0.8395283928955335,0.1985
3,0.2,1.0,-0.8491792906642279,0.13327083333333334,-0.8506243080299821,0.13183833333333334,0.2,1.0,-0.8580158913759001,0.02,-0.8593759230202763,0.026,0.2,1.0,-0.841464877550502,0.195,-0.843944948589969,0.1925
4,0.23,1.0,-0.8484502602944373,0.13314583333333332,-0.8522851337621089,0.13251,0.23,1.0,-0.85644642714981,0.02,-0.8592457290694104,0.02,0.23,1.0,-0.8396107889921955,0.19625,-0.8429431165165878,0.192
5,0.25,1.0,-0.8516900352480666,0.13317083333333335,-0.8551821518466539,0.129695,0.25,1.0,-0.8571508783677805,0.015,-0.8631105654893244,0.02,0.25,1.0,-0.8448400226654611,0.195,-0.8472759088835806,0.1905
6,0.3,1.0,-0.8512891726081988,0.13405416666666667,-0.8516059118562445,0.13334166666666666,0.3,1.0,-0.8561717143002944,0.02,-0.8570177079145728,0.022,0.3,1.0,-0.845900983513771,0.2,-0.8461857915687838,0.1925
7,0.33,1.0,-0.8486934558217256,0.13290833333333335,-0.854971999234797,0.13266166666666665,0.33,1.0,-0.8538772982952036,0.02,-0.8621589774168008,0.02,0.33,1.0,-0.8428824596246812,0.19125,-0.8455071114448088,0.1865
8,0.35,1.0,-0.8542882521159546,0.142375,-0.854593963078988,0.14032999999999998,0.35,1.0,-0.8619924893444566,0.025,-0.861061457315874,0.024,0.35,1.0,-0.8439565221306173,0.205,-0.8459255611691929,0.204
