,mean_eta,mean_init_rho,mean_valid_obj,mean_valid_prob,mean_test_obj,mean_test_prob,0.25_eta,0.25_init_rho,0.25_valid_obj,0.25_valid_prob,0.25_test_obj,0.25_test_prob,0.75_eta,0.75_init_rho,0.75_valid_obj,0.75_valid_prob,0.75_test_obj,0.75_test_prob
0,0.05,1.0,-0.7910119144027056,0.0571375,-0.7933508241524891,0.058383333333333336,0.05,1.0,-0.8063651720382253,0.01,-0.8106606348922634,0.012,0.05,1.0,-0.7649516800428763,0.065,-0.7797377925410585,0.068
1,0.1,1.0,-0.8371569692786073,0.12583333333333332,-0.8389584150564027,0.12777000000000002,0.1,1.0,-0.852024867200766,0.045,-0.8458771254947866,0.048,0.1,1.0,-0.8261456060862143,0.17,-0.8320045380765814,0.168
2,0.15,1.0,-0.8474956788091402,0.14177916666666665,-0.8465056486358435,0.14921666666666666,0.15,1.0,-0.8527933397638894,0.04,-0.8513091032437385,0.05,0.15,1.0,-0.8397739683401754,0.215,-0.8381478495134034,0.21
3,0.2,1.0,-0.8506853677232116,0.14717083333333333,-0.8501358305847891,0.150535,0.2,1.0,-0.8571773835328496,0.035,-0.8569735766735405,0.038,0.2,1.0,-0.8449278096961568,0.22125,-0.8439276376181312,0.228
4,0.23,1.0,-0.8476883992719964,0.13859166666666667,-0.8541226841766016,0.13768166666666665,0.23,1.0,-0.8545018409437433,0.035,-0.8583818674562227,0.032,0.23,1.0,-0.8404066219874711,0.205,-0.8486766420017708,0.198
5,0.25,1.0,-0.8500780212378856,0.1609625,-0.8547686556582414,0.153925,0.25,1.0,-0.8607145405222749,0.045,-0.8630269464462035,0.038,0.25,1.0,-0.8421038212809928,0.235,-0.846022150471064,0.2225
6,0.3,1.0,-0.8529019571365783,0.15584583333333335,-0.854528095424713,0.159435,0.3,1.0,-0.8597242158480043,0.045,-0.8600165903414437,0.048,0.3,1.0,-0.8481738402366643,0.22625,-0.8477317942967032,0.228
7,0.33,1.0,-0.854951870183059,0.157025,-0.8559861007837496,0.15991333333333332,0.33,1.0,-0.8623115890830126,0.03875,-0.8629289137698795,0.042,0.33,1.0,-0.8463189654377211,0.235,-0.8467654276018408,0.2325
8,0.35,1.0,-0.854795124675848,0.14919583333333333,-0.8554086974951822,0.14858333333333335,0.35,1.0,-0.8602121553713417,0.035,-0.8625276004121044,0.03,0.35,1.0,-0.8473276228813704,0.225,-0.8469985855347459,0.226
