,mean_eta,mean_init_rho,mean_valid_obj,mean_valid_prob,mean_test_obj,mean_test_prob,0.25_eta,0.25_init_rho,0.25_valid_obj,0.25_valid_prob,0.25_test_obj,0.25_test_prob,0.75_eta,0.75_init_rho,0.75_valid_obj,0.75_valid_prob,0.75_test_obj,0.75_test_prob
0,0.05,1.0,-0.7991986051056895,0.045025,-0.801772191422239,0.046505,0.05,1.0,-0.8080991415824845,0.0,-0.8078544470418147,0.004,0.05,1.0,-0.7906701859805314,0.045,-0.7952326038874371,0.05
1,0.1,1.0,-0.8148057472660806,0.11187916666666667,-0.8208947031329541,0.10748833333333332,0.1,1.0,-0.8218731216575695,0.02,-0.8274977935727195,0.022,0.1,1.0,-0.8051877346684797,0.15,-0.8085491449997284,0.142
2,0.15,1.0,-0.8294588875485502,0.11935,-0.8280126258676047,0.11979166666666667,0.15,1.0,-0.8357168966437795,0.03,-0.834887569030124,0.032,0.15,1.0,-0.819084103414097,0.155,-0.8177582927451454,0.146
3,0.2,1.0,-0.8337549278032997,0.12679583333333333,-0.8349845224367245,0.13526666666666667,0.2,1.0,-0.8437041750845946,0.02,-0.8429362990516474,0.026,0.2,1.0,-0.8249748618944653,0.15625,-0.8281753925380764,0.18
4,0.23,1.0,-0.8274098471003274,0.13302916666666667,-0.8282412919450644,0.14077166666666666,0.23,1.0,-0.8377592921256162,0.03,-0.8393537357363141,0.038,0.23,1.0,-0.8168636569815142,0.17625,-0.8156656501311697,0.178
5,0.25,1.0,-0.8319297556726142,0.13854999999999998,-0.8307090599050448,0.13877166666666668,0.25,1.0,-0.8427034502059809,0.03,-0.8404320536978171,0.034,0.25,1.0,-0.8246508263166062,0.18625,-0.8175824094322073,0.1825
6,0.3,1.0,-0.833084060935743,0.12692916666666668,-0.830520119762751,0.12575,0.3,1.0,-0.8417628041342768,0.02,-0.8389465139802639,0.018,0.3,1.0,-0.8262828972305312,0.16125,-0.8203750801388707,0.164
7,0.33,1.0,-0.8360039371191406,0.13257083333333333,-0.8400338502468685,0.13823333333333332,0.33,1.0,-0.8471992019941479,0.025,-0.8482842636415024,0.028,0.33,1.0,-0.8250869028475585,0.17,-0.8307687910398512,0.18
8,0.35,1.0,-0.8349121754610386,0.1358375,-0.8356142287271419,0.13851666666666668,0.35,1.0,-0.8429139533006813,0.03,-0.8505277178815318,0.03,0.35,1.0,-0.8274918052111049,0.165,-0.8222699344706306,0.178
