,mean_eta,mean_init_rho,mean_valid_obj,mean_valid_prob,mean_test_obj,mean_test_prob,0.25_eta,0.25_init_rho,0.25_valid_obj,0.25_valid_prob,0.25_test_obj,0.25_test_prob,0.75_eta,0.75_init_rho,0.75_valid_obj,0.75_valid_prob,0.75_test_obj,0.75_test_prob
0,0.05,1.0,-0.8228666928679852,0.31235,-0.8207940330171113,0.3147266666666667,0.05,1.0,-0.8703322584665847,0.015,-0.8635711348720497,0.0135,0.05,1.0,-0.7760274379034754,0.74125,-0.7935030951387,0.728
1,0.1,1.0,-0.8104372244339653,0.3681833333333333,-0.8139963725668123,0.3693433333333333,0.1,1.0,-0.8516439050863311,0.06,-0.8507252994390342,0.06,0.1,1.0,-0.7682451257953998,0.795,-0.7861016404897518,0.8125
2,0.15,1.0,-0.8217120897139262,0.4102,-0.8262851099867203,0.4062,0.15,1.0,-0.8565267416441849,0.08,-0.8590218997430403,0.072,0.15,1.0,-0.7893184193648022,0.845,-0.7993785936840431,0.834
3,0.2,1.0,-0.8466229515431037,0.395375,-0.8444066702782922,0.39503333333333335,0.2,1.0,-0.8983889175346643,0.06,-0.8872580830546657,0.06,0.2,1.0,-0.8066314705462272,0.795,-0.8045391116253539,0.798
4,0.23,1.0,-0.8359714699441984,0.40981666666666666,-0.8468203737913719,0.40548,0.23,1.0,-0.8738641429284277,0.07,-0.8764411452393003,0.0595,0.23,1.0,-0.7935513014199547,0.845,-0.8273438512670378,0.826
5,0.25,1.0,-0.8433143441320694,0.4183,-0.852436519734704,0.41176,0.25,1.0,-0.8986346438018753,0.07,-0.8868366414122348,0.062,0.25,1.0,-0.8013775895966798,0.815,-0.8206039635951599,0.824
6,0.3,1.0,-0.8564160487677777,0.4176083333333333,-0.8539635621119944,0.41818333333333335,0.3,1.0,-0.8955931385547111,0.08,-0.8852956865807877,0.072,0.3,1.0,-0.817050574937558,0.815,-0.8195882534091681,0.822
7,0.33,1.0,-0.8545628276229424,0.43570000000000003,-0.8694251475251032,0.42401666666666665,0.33,1.0,-0.8792938813894988,0.08,-0.897224142678608,0.066,0.33,1.0,-0.8238167586557417,0.84,-0.8393877091017939,0.84
8,0.35,1.0,-0.8577685169225175,0.4405583333333333,-0.8535605277214152,0.43707333333333326,0.35,1.0,-0.8825385343959207,0.08,-0.8824208896879963,0.078,0.35,1.0,-0.8340864789099451,0.84625,-0.8349400907373097,0.854
