,mean_eta,mean_init_rho,mean_valid_obj,mean_valid_prob,mean_test_obj,mean_test_prob,0.25_eta,0.25_init_rho,0.25_valid_obj,0.25_valid_prob,0.25_test_obj,0.25_test_prob,0.75_eta,0.75_init_rho,0.75_valid_obj,0.75_valid_prob,0.75_test_obj,0.75_test_prob
0,0.05,1.0,-0.8616549319116289,0.17678666666666668,-0.8558420848114703,0.1769653333333333,0.05,1.0,-0.9103231726267567,0.0,-0.8953227392930332,0.0,0.05,1.0,-0.815025712163707,0.3,-0.8235848254463687,0.2915
1,0.1,1.0,-0.8865367460810166,0.17434666666666665,-0.8555803492055267,0.18469333333333335,0.1,1.0,-0.9365681540523016,0.0,-0.8920640001921669,0.002,0.1,1.0,-0.8341419900751684,0.28874999999999995,-0.8069255345753058,0.3015
2,0.15,1.0,-0.8579657327264787,0.24583333333333332,-0.8489118384536843,0.2480746666666667,0.15,1.0,-0.8931661472761192,0.005,-0.8770829166279889,0.004,0.15,1.0,-0.8275807674282823,0.49124999999999996,-0.8249316388118444,0.504
3,0.2,1.0,-0.8447957031665895,0.23213999999999999,-0.8298538888102631,0.23355733333333334,0.2,1.0,-0.8854271639104179,0.005,-0.86674926402771,0.006,0.2,1.0,-0.7945543300770265,0.45,-0.8030990302515009,0.452
4,0.23,1.0,-0.8452397883761387,0.26300666666666667,-0.854673486859495,0.262464,0.23,1.0,-0.8827622876429768,0.005,-0.8688242944946603,0.004,0.23,1.0,-0.7970414234664714,0.52,-0.8298388900772644,0.5175000000000001
5,0.25,1.0,-0.8509951605406714,0.2664333333333333,-0.8425952545013387,0.27363733333333334,0.25,1.0,-0.8860308268842497,0.01,-0.8893954536151156,0.026,0.25,1.0,-0.8083731577842629,0.52,-0.8031766115085988,0.52
6,0.3,1.0,-0.8604292263410245,0.27631333333333336,-0.8576681264508894,0.278736,0.3,1.0,-0.9118353097341666,0.0,-0.8934286448276156,0.0,0.3,1.0,-0.8166967460631862,0.58,-0.8233299057504594,0.5874999999999999
7,0.33,1.0,-0.8408419194444435,0.27237333333333336,-0.8445982984382348,0.26878399999999997,0.33,1.0,-0.8977517933915099,0.015,-0.8783796930986824,0.014,0.33,1.0,-0.7908452161550912,0.53,-0.8118174855930169,0.527
8,0.35,1.0,-0.8345856464292387,0.28801333333333334,-0.8368098514818981,0.282072,0.35,1.0,-0.8820137156874555,0.0,-0.8684421865526945,0.006,0.35,1.0,-0.7774245328367902,0.58875,-0.79685032605051,0.569
