,mean_eta,mean_init_rho,mean_valid_obj,mean_valid_prob,mean_test_obj,mean_test_prob,0.25_eta,0.25_init_rho,0.25_valid_obj,0.25_valid_prob,0.25_test_obj,0.25_test_prob,0.75_eta,0.75_init_rho,0.75_valid_obj,0.75_valid_prob,0.75_test_obj,0.75_test_prob
0,0.05,1.0,-0.7999156405557993,0.05900416666666667,-0.8018921048122336,0.06209666666666667,0.05,1.0,-0.8213017859153058,0.015,-0.8237595709047061,0.014,0.05,1.0,-0.7783118742486669,0.06125,-0.7831560974428823,0.066
1,0.1,1.0,-0.8405159193631586,0.12052083333333333,-0.8424001767433531,0.12328833333333333,0.1,1.0,-0.8488189907493566,0.03,-0.8475544376573158,0.032,0.1,1.0,-0.8313998535529201,0.155,-0.8368865833131147,0.1565
2,0.15,1.0,-0.8475287163228098,0.12678333333333336,-0.847631719011034,0.13241166666666668,0.15,1.0,-0.8570776614721893,0.02,-0.8559210789088325,0.026,0.15,1.0,-0.8351631052641254,0.18,-0.839007545922034,0.184
3,0.2,1.0,-0.8487637296480682,0.11563333333333332,-0.851487711223647,0.11835166666666666,0.2,1.0,-0.8574048788014056,0.01,-0.8568047707390402,0.016,0.2,1.0,-0.8376154737697468,0.165,-0.8439545112697121,0.158
4,0.23,1.0,-0.8475095766694763,0.12560416666666666,-0.8501364123207413,0.12747666666666668,0.23,1.0,-0.8533787919798987,0.015,-0.857742450237135,0.02,0.23,1.0,-0.8416471606605775,0.17125,-0.8425285380968626,0.178
5,0.25,1.0,-0.8491228260975001,0.11479166666666667,-0.8511702559050246,0.11285666666666666,0.25,1.0,-0.8593202905612953,0.005,-0.857660004102841,0.006,0.25,1.0,-0.839924922593891,0.16,-0.8444910333268352,0.1565
6,0.3,1.0,-0.8499532204780549,0.11822916666666666,-0.8509333979657487,0.11922666666666668,0.3,1.0,-0.8557864912073267,0.01,-0.8593116914296723,0.01,0.3,1.0,-0.8424396125942444,0.16,-0.838901449145472,0.16
7,0.33,1.0,-0.8511691441343068,0.12187083333333333,-0.8514143049213097,0.12242833333333332,0.33,1.0,-0.8586308956065113,0.01,-0.8600734140658437,0.01,0.33,1.0,-0.8405614766582811,0.17,-0.8425085814461679,0.172
8,0.35,1.0,-0.8500291721224121,0.10610833333333333,-0.8507052505198054,0.10428666666666667,0.35,1.0,-0.8611667232128012,0.01,-0.8581821207665762,0.006,0.35,1.0,-0.8329638870558066,0.145,-0.8416339436635321,0.1305
