seed,a_seed,nonrob_prob,nonrob_obj,scenario_probs,scenario_obj
30,30,1.0,-428.3201673754417,0.7961771374439908,-406.50846727030637
