seed,rho,a_seed,eta,gamma,init_rho,valid_obj,valid_prob,test_obj,test_prob,time,valid_cover,test_cover,valid_in,test_in,avg_val
30,1,30,0.12,1,1,-0.5088129286762032,0.0,-0.5546570327921906,0.0,0.002355524,0.0,0.0,-0.531416105824019,-0.5701114850054393,-0.8423038151882711
