seed,rho,a_seed,eta,gamma,init_rho,valid_obj,valid_prob,test_obj,test_prob,time,valid_cover,test_cover,valid_in,test_in,valid_avg,avg_val,valid_cvar,test_cvar
10,1,10,0.3,1,1,-0.7195002318126751,0.0,-0.7090819457805286,0.0,0.002723544,0.0,0.0,0.00637624884940303,0.006376248849398478,-0.8554131614388529,-0.8492942640120916,-0.6151776585979736,-0.5889744209743165
