seed,rho,a_seed,eta,gamma,init_rho,valid_obj,valid_prob,test_obj,test_prob,time,valid_cover,test_cover,valid_in,test_in,valid_avg,avg_val,valid_cvar,test_cvar
20,1,20,0.3,1,1,-0.6060008931864294,0.0025,-0.6855995966484535,0.001,0.002277122,0.0,0.0,-0.018162653622918027,-0.018162653622807737,-0.8603754696822028,-0.8812192412821684,-0.4380799938065896,-0.5525521032221764
