seed,rho,a_seed,eta,gamma,init_rho,valid_obj,valid_prob,test_obj,test_prob,time,valid_cover,test_cover,valid_in,test_in,valid_avg,avg_val,valid_cvar,test_cvar
30,1,30,0.3,1,1,-0.6521340666166836,0.0,-0.676915905983926,0.001,0.002348823,0.0,0.0,0.00583490960524621,0.005834909605241601,-0.8459030038802758,-0.8604736651051702,-0.5075123527622092,-0.5275597494130823
