seed,rho,a_seed,eta,gamma,init_rho,valid_obj,valid_prob,test_obj,test_prob,time,valid_cover,test_cover,valid_in,test_in,valid_avg,avg_val,valid_cvar,test_cvar
40,1,40,0.3,1,1,-0.6558229554263687,0.0,-0.6664313720912151,0.002,0.002394623,0.0,0.0,-0.011519067736177356,-0.011519067736164904,-0.8523355709512502,-0.8545365264274685,-0.5203933798442568,-0.5404168372330632
