seed,rho,a_seed,eta,gamma,init_rho,valid_obj,valid_prob,test_obj,test_prob,time,valid_cover,test_cover,valid_in,test_in,avg_val,valid_cvar,test_cvar
40,1,40,0.3,1,1,-0.686113040202929,0.0,-0.7039410506732556,0.001,0.002073003,0.0,0.0,-0.0007512960096955247,-0.0007512960097182228,-0.9356278005653366,-0.557766363519081,-0.5684492925771887
