seed,rho,a_seed,eta,gamma,init_rho,valid_obj,valid_prob,test_obj,test_prob,time,valid_cover,test_cover,valid_in,test_in,avg_val,valid_cvar,test_cvar
50,1,50,0.3,1,1,-0.705258889556065,0.0,-0.6901322385459897,0.0,0.002306653,0.0,0.0,0.009830559967078361,0.00983055996707695,-0.9034757524258122,-0.6112958773761835,-0.6054189139397058
