seed,rho,a_seed,eta,gamma,init_rho,valid_obj,valid_prob,test_obj,test_prob,time,valid_cover,test_cover,valid_in,test_in,valid_avg,avg_val,valid_cvar,test_cvar
60,1,60,0.3,1,1,-0.7186791602658127,0.0,-0.6800097605815437,0.0,0.002389642,0.0,0.0,0.014347660790589009,0.014347660790588313,-0.8638267474983329,-0.8482069648963777,-0.5986218955852144,-0.5556256943003681
