seed,rho,a_seed,eta,gamma,init_rho,valid_obj,valid_prob,test_obj,test_prob,time,valid_cover,test_cover,valid_in,test_in,avg_val
0,1,0,0.1,1,1,-0.34364822843485443,0.01,-0.37954190516111636,0.001,0.000359493,0.0,0.0,-0.34364822843485443,-0.37954190516111636,-0.8302697579088804
