seed,rho,a_seed,eta,gamma,init_rho,valid_obj,valid_prob,test_obj,test_prob,time,valid_cover,test_cover,valid_in,test_in,avg_val
30,1,30,0.1,1,1,-0.36761422246094055,0.0025,-0.43660389364579083,0.001,0.000380043,0.0,0.0,-0.36761422246094055,-0.43660389364579083,-0.8429992031410308
