seed,rho,a_seed,eta,gamma,init_rho,valid_obj,valid_prob,test_obj,test_prob,time,valid_cover,test_cover,valid_in,test_in,avg_val
60,1,60,0.1,1,1,-0.4004058652582009,0.0025,-0.37649596201637836,0.001,0.000385773,0.0,0.0,-0.4004058652582009,-0.37649596201637836,-0.8009156214842783
