seed,rho,a_seed,eta,gamma,init_rho,valid_obj,valid_prob,test_obj,test_prob,time,valid_cover,test_cover,valid_in,test_in,avg_val
70,1,70,0.1,1,1,-0.3416558314548603,0.0,-0.3437985439934958,0.002,0.000382202,0.0,0.0,-0.3416558314548603,-0.3437985439934958,-0.8012618396773126
