seed,rho,a_seed,eta,gamma,init_rho,valid_obj,valid_prob,test_obj,test_prob,time,valid_cover,test_cover,valid_in,test_in,avg_val
80,1,80,0.1,1,1,-0.40996557826424224,0.0,-0.39156246203233747,0.001,0.000349942,0.0,0.0,-0.40996557826424224,-0.39156246203233747,-0.8284356242657454
