seed,rho,a_seed,eta,gamma,init_rho,valid_obj,valid_prob,test_obj,test_prob,time,valid_cover,test_cover,valid_in,test_in,avg_val
0,1,0,0.05,1,1,-0.5284317659577413,0.0,-0.5171462452277992,0.0,0.002202554,0.0,0.0,-0.46868691847439664,-0.4633228097334275,-0.8265256533939331
