seed,rho,a_seed,eta,gamma,init_rho,valid_obj,valid_prob,test_obj,test_prob,time,valid_cover,test_cover,valid_in,test_in,avg_val
40,1,40,0.05,1,1,-0.5415607637388007,0.0,-0.5348041788232782,0.0,0.002105663,0.0,0.0,-0.4762817294136551,-0.4615770223647597,-0.8131659786216338
