seed,rho,a_seed,eta,gamma,init_rho,valid_obj,valid_prob,test_obj,test_prob,time,valid_cover,test_cover,valid_in,test_in,avg_val
50,1,50,0.05,1,1,-0.5300480392176719,0.0,-0.49812716821393316,0.0,0.002353496,0.0,0.0,-0.45100366933389313,-0.4153021318683451,-0.8186352676785403
