seed,rho,a_seed,eta,gamma,init_rho,valid_obj,valid_prob,test_obj,test_prob,time,valid_cover,test_cover,valid_in,test_in,avg_val
60,1,60,0.05,1,1,-0.5855626019133149,0.0,-0.5893956696981628,0.0,0.002160075,0.0,0.0,-0.5501214735015271,-0.5467914929935029,-0.8079012058217285
