context_val,seed,alpha,eps,test_lcx_prob,test_lcx_obj,valid_lcx_prob,valid_lcx_obj,time,in_val,test_avg,valid_avg
4,0,0.12,0.12,0.0,-0.5655369572172261,0.0,-0.5683558761535468,4054.212397813797,0.14348898633730595,-0.8605291157667831,-0.8876693471537078
