context_val,seed,alpha,eps,test_lcx_prob,test_lcx_obj,valid_lcx_prob,valid_lcx_obj,time,in_val,test_avg,valid_avg
4,40,0.12,0.12,0.045454545454545456,-0.1391122835194807,0.0,-0.2569250310162089,1600.4427752494812,0.2619479498301546,-0.8702514123903182,-0.7695579826249728
