context_val,seed,alpha,eps,test_lcx_prob,test_lcx_obj,valid_lcx_prob,valid_lcx_obj,time,in_val,test_avg,valid_avg
4,50,0.12,0.12,0.0,-0.3772574047094228,0.08333333333333333,0.21667300288940522,3821.3082687854767,0.4192209455412428,-0.8746702653915556,-0.6034210595699722
