context_val,seed,alpha,eps,test_lcx_prob,test_lcx_obj,valid_lcx_prob,valid_lcx_obj,time,in_val,test_avg,valid_avg
4,30,0.08,0.08,0.0,-0.12724059738821017,0.08333333333333333,0.07571181329645421,2443.1525597572327,0.27405304419550575,-0.7588974433292748,-0.706718489664961
