context_val,seed,alpha,eps,test_lcx_prob,test_lcx_obj,valid_lcx_prob,valid_lcx_obj,time,in_val,test_avg,valid_avg
4,50,0.08,0.08,0.0,-0.33513894779481923,0.08333333333333333,0.2859234260048019,2596.264452457428,0.39802410193561244,-0.8591254631575331,-0.5717378324589252
