context_val,seed,alpha,eps,test_lcx_prob,test_lcx_obj,valid_lcx_prob,valid_lcx_obj,time,in_val,test_avg,valid_avg
4,70,0.08,0.08,0.0,-0.2880472588320209,0.0,-0.33594755962383577,2756.6255321502686,0.1820502050742549,-0.7607497319530224,-0.8084398399244362
