seed,rho,a_seed,eta,gamma,init_rho,valid_obj,valid_prob,test_obj,test_prob,time,valid_cover,test_cover,valid_in,test_in,valid_avg,avg_val,valid_cvar,test_cvar
20,1,20,0.1,1,1,-0.6636970283485515,0.0,-0.6673160032168904,0.0,0.00037898,0.0,0.0,0.016556259546568152,0.014294174187053916,-0.8222197321462414,-0.8200686456422961,-0.5896341703167316,-0.5701571168796917
