seed,rho,a_seed,eta,gamma,init_rho,valid_obj,valid_prob,test_obj,test_prob,time,valid_cover,test_cover,valid_in,test_in,avg_val
0,1,0,0.15,1,1,-0.5435589277981585,0.0,-0.5495216057815191,0.0,0.002163144,0.0,0.0,-0.5872188674949042,-0.588340476535938,-0.8582125318915278
