seed,rho,a_seed,eta,gamma,init_rho,valid_obj,valid_prob,test_obj,test_prob,time,valid_cover,test_cover,valid_in,test_in,avg_val
50,1,50,0.15,1,1,-0.5425203566402934,0.005,-0.46154924334555264,0.004,0.002158014,0.0,0.0,-0.5932195802186823,-0.5265616167255857,-0.8554190780796992
