seed,rho,a_seed,eta,gamma,init_rho,valid_obj,valid_prob,test_obj,test_prob,time,valid_cover,test_cover,valid_in,test_in,avg_val
90,1,90,0.15,1,1,-0.5312194640396622,0.0,-0.5296466010731039,0.0,0.002308764,0.0,0.0,-0.5814909407109321,-0.5795154522328958,-0.8593384879739907
