seed,rho,a_seed,eta,gamma,init_rho,valid_obj,valid_prob,test_obj,test_prob,time,valid_cover,test_cover,valid_in,test_in,valid_avg,avg_val,valid_cvar,test_cvar
50,1,50,0.12,1,1,-0.499621038549892,0.005,-0.4697219100890798,0.005,0.000781043,0.0,0.0,0.0691544434624836,0.06915444346248885,-0.7781442672744694,-0.7669294566362153,-0.34588489902830954,-0.3007795515932182
