seed,rho,a_seed,eta,gamma,init_rho,valid_obj,valid_prob,test_obj,test_prob,time,valid_cover,test_cover,valid_in,test_in,valid_avg,avg_val,valid_cvar,test_cvar
70,1,70,0.12,1,1,-0.5200953243630907,0.005,-0.49618220486897424,0.003,0.000726747,0.0,0.0,0.06649080104740018,0.06649080104741083,-0.7935564843687927,-0.7940900271544257,-0.3472154843471192,-0.32696977282865725
