seed,rho,a_seed,eta,gamma,init_rho,valid_obj,valid_prob,test_obj,test_prob,time,valid_cover,test_cover,valid_in,test_in,valid_avg,avg_val,valid_cvar,test_cvar
90,1,90,0.12,1,1,-0.536517607376189,0.0025,-0.5180334034271439,0.002,0.000838302,0.0,0.0,0.06579033044770229,0.06579033044770352,-0.8112130517367703,-0.8074465871921073,-0.3913611598010935,-0.39743350519047427
