seed,rho,a_seed,eta,gamma,init_rho,valid_obj,valid_prob,test_obj,test_prob,time,valid_cover,test_cover,valid_in,test_in,avg_val
30,1,30,0.2,1,1,-0.47993312920305237,0.0,-0.5359268084108135,0.0,0.002300064,0.0,0.0,-0.5765002189106213,-0.6070800458654202,-0.8496649519206401
