seed,rho,a_seed,eta,gamma,init_rho,valid_obj,valid_prob,test_obj,test_prob,time,valid_cover,test_cover,valid_in,test_in,avg_val
40,1,40,0.2,1,1,-0.5351062805742494,0.0,-0.5383471201765022,0.0,0.002359944,0.0,0.0,-0.6083055101550402,-0.6035953524531894,-0.8136315153333132
