seed,rho,a_seed,eta,gamma,init_rho,valid_obj,valid_prob,test_obj,test_prob,time,valid_cover,test_cover,valid_in,test_in,valid_avg,avg_val,valid_cvar,test_cvar
30,1,30,0.15,1,1,-0.6427880394624415,0.0,-0.6505489052334685,0.0,0.002214008,0.0,0.0,0.00403861320517669,0.0038100295581568718,-0.8484547411569178,-0.8640807933364092,-0.5458148616760817,-0.5564989275086498
