seed,rho,a_seed,eta,gamma,init_rho,valid_obj,valid_prob,test_obj,test_prob,time,valid_cover,test_cover,valid_in,test_in,valid_avg,avg_val,valid_cvar,test_cvar
90,1,90,0.2,1,1,-0.6970913605310184,0.0,-0.662104135195827,0.0,0.002332266,0.0,0.0,0.02825258276132647,0.028252582761324502,-0.8466323344353575,-0.8436884103787038,-0.584320285392329,-0.5694562005736132
