seed,rho,a_seed,eta,gamma,init_rho,valid_obj,valid_prob,test_obj,test_prob,time,valid_cover,test_cover,valid_in,test_in,avg_val
20,1,20,0.1,1,1,-0.5783864861804862,0.0,-0.5362908260185614,0.0,0.002246344,0.0,0.0,-0.5783864861804862,-0.5362908260185614,-0.8429855033816344
