seed,rho,a_seed,eta,gamma,init_rho,valid_obj,valid_prob,test_obj,test_prob,time,valid_cover,test_cover,valid_in,test_in,avg_val
50,1,50,0.1,1,1,-0.5568031089323514,0.005,-0.40857254299002627,0.006,0.002106114,0.0,0.0,-0.5568031089323514,-0.40857254299002627,-0.8423008125542261
