seed,rho,a_seed,eta,gamma,init_rho,valid_obj,valid_prob,test_obj,test_prob,time,valid_cover,test_cover,valid_in,test_in,avg_val
60,1,60,0.1,1,1,-0.5086795801845729,0.0,-0.5520316864065358,0.0,0.002145013,0.0,0.0,-0.5086795801845729,-0.5520316864065358,-0.8208718142551077
