seed,a_seed,nonrob_prob,nonrob_obj,scenario_probs,scenario_obj
20,20,0.56638423497911,-0.9231686377729827,0.31215374380405614,-0.8287336221641948
