seed,rho,a_seed,eta,gamma,init_rho,valid_obj,valid_prob,test_obj,test_prob,time,valid_cover,test_cover,valid_in,test_in,avg_val
0,1,0,0.12,1,1,-0.5235647737387591,0.0,-0.5516045432426447,0.0,0.002220894,0.0,0.0,-0.5465524697166968,-0.5673553738435174,-0.8560989902480353
