seed,rho,a_seed,eta,gamma,init_rho,valid_obj,valid_prob,test_obj,test_prob,time,valid_cover,test_cover,valid_in,test_in,avg_val
60,1,60,0.12,1,1,-0.49676849887373165,0.0,-0.5441040885565422,0.0,0.002377974,0.0,0.0,-0.5090382307808603,-0.5597463139860275,-0.7963872839452896
