seed,rho,a_seed,eta,gamma,init_rho,valid_obj,valid_prob,test_obj,test_prob,time,valid_cover,test_cover,valid_in,test_in,valid_avg,avg_val,valid_cvar,test_cvar
0,1,0,0.1,1,1,-0.6008652917932167,0.0,-0.5972391783032343,0.0,0.00046289,0.0,0.0,0.04720276391382484,0.04740692390471127,-0.8499661798156107,-0.8409510902928232,-0.46401818860182276,-0.4321029435145507
