seed,rho,a_seed,eta,gamma,init_rho,valid_obj,valid_prob,test_obj,test_prob,time,valid_cover,test_cover,valid_in,test_in,valid_avg,avg_val,valid_cvar,test_cvar
30,1,30,0.1,1,1,-0.49499399383486414,0.005,-0.4942398892644375,0.004,0.00041847,0.0,0.0,0.03739752699805954,0.03739752699748895,-0.8183033067536135,-0.8038652635020441,-0.33451453111312246,-0.34864299304300933
