seed,rho,a_seed,eta,gamma,init_rho,valid_obj,valid_prob,test_obj,test_prob,time,valid_cover,test_cover,valid_in,test_in,valid_avg,avg_val,valid_cvar,test_cvar
80,1,80,0.15,1,1,-0.5543399813853791,0.0,-0.6179200576056293,0.0,0.00039943,0.0,0.0,0.03564689506222812,0.035191102223598655,-0.80494883649959,-0.8136503269893947,-0.46085641323139986,-0.5176462898159808
