seed,rho,a_seed,eta,gamma,init_rho,valid_obj,valid_prob,test_obj,test_prob,time,valid_cover,test_cover,valid_in,test_in,avg_val
0,1,0,0.3,1,1,-0.37355656785106567,0.0025,-0.3836870964387249,0.0,0.000425313,0.0,0.0,-0.5495593595224711,-0.5506335167595033,-0.8256043507506796
