seed,rho,a_seed,eta,gamma,init_rho,valid_obj,valid_prob,test_obj,test_prob,time,valid_cover,test_cover,valid_in,test_in,avg_val
30,1,30,0.3,1,1,-0.3124406631136992,0.0025,-0.37317138049887655,0.002,0.000404201,0.0,0.0,-0.50342826471124,-0.5331287856273504,-0.8288783326226297
