seed,rho,a_seed,eta,gamma,init_rho,valid_obj,valid_prob,test_obj,test_prob,time,valid_cover,test_cover,valid_in,test_in,avg_val
40,1,40,0.3,1,1,-0.3078591304226042,0.0075,-0.33592511564077704,0.004,0.000460244,0.0,0.0,-0.5155039978501594,-0.5184345193189024,-0.8083607557976229
