seed,rho,a_seed,eta,gamma,init_rho,valid_obj,valid_prob,test_obj,test_prob,time,valid_cover,test_cover,valid_in,test_in,avg_val
50,1,50,0.3,1,1,-0.2652622626996552,0.005,-0.2842725495981009,0.005,0.000386893,0.0,0.0,-0.4625855248208811,-0.4769644281336561,-0.7767076023087374
