seed,rho,a_seed,eta,gamma,init_rho,valid_obj,valid_prob,test_obj,test_prob,time,valid_cover,test_cover,valid_in,test_in,avg_val
60,1,60,0.3,1,1,-0.4054524292287026,0.0,-0.38855767727825924,0.001,0.000408723,0.0,0.0,-0.563743323580692,-0.5512602253496117,-0.8174853537742486
