seed,rho,a_seed,eta,gamma,init_rho,valid_obj,valid_prob,test_obj,test_prob,time,valid_cover,test_cover,valid_in,test_in,avg_val
90,1,90,0.3,1,1,-0.3776050145184116,0.0025,-0.37823822603808516,0.002,0.000382602,0.0,0.0,-0.5415101905835187,-0.5361585136237833,-0.8114863508615758
