seed,rho,a_seed,eta,gamma,init_rho,valid_obj,valid_prob,test_obj,test_prob,time,valid_cover,test_cover,valid_in,test_in,avg_val,valid_cvar,test_cvar
20,1,20,0.15,1,1,-0.5144399367815942,0.0,-0.5412332085442595,0.0,0.000354851,0.0,0.0,0.07288633930349597,0.0728863392984903,-0.8479408821006896,-0.34587736089769155,-0.39784889884560165
