seed,rho,a_seed,eta,gamma,init_rho,valid_obj,valid_prob,test_obj,test_prob,time,valid_cover,test_cover,valid_in,test_in,valid_avg,avg_val,valid_cvar,test_cvar
30,1,30,0.15,1,1,-0.5141413238138087,0.0,-0.552645355192963,0.003,0.000381131,0.0,0.0,0.05485625304428339,0.05485625304432831,-0.7916854633304213,-0.8117271927626789,-0.38709249284158787,-0.3699317859066045
