seed,rho,a_seed,eta,gamma,init_rho,valid_obj,valid_prob,test_obj,test_prob,time,valid_cover,test_cover,valid_in,test_in,avg_val,valid_cvar,test_cvar
40,1,40,0.15,1,1,-0.553310451232503,0.005,-0.5436321841559556,0.006,0.00036126,0.0,0.0,0.018251001401438868,0.018251001401419584,-0.924596097345759,-0.37015561159660376,-0.3724568472686148
