seed,rho,a_seed,eta,gamma,init_rho,valid_obj,valid_prob,test_obj,test_prob,time,valid_cover,test_cover,valid_in,test_in,valid_avg,avg_val,valid_cvar,test_cvar
40,1,40,0.15,1,1,-0.6865284895431243,0.005,-0.6732917476419558,0.0,0.000369101,0.0,0.0,0.031269537983006516,0.030869975849979893,-0.8002166534562041,-0.801071037237702,-0.5714219042436199,-0.5835528202086911
