seed,rho,a_seed,eta,gamma,init_rho,valid_obj,valid_prob,test_obj,test_prob,time,valid_cover,test_cover,valid_in,test_in,valid_avg,avg_val,valid_cvar,test_cvar
50,1,50,0.15,1,1,-0.4905001890575247,0.01,-0.4980365878640853,0.007,0.000434531,0.0,0.0,0.03903311121883272,0.039033111218820596,-0.8119344786553222,-0.8050747096079454,-0.28942268181137126,-0.30070451475770943
