seed,rho,a_seed,eta,gamma,init_rho,valid_obj,valid_prob,test_obj,test_prob,time,valid_cover,test_cover,valid_in,test_in,valid_avg,avg_val,valid_cvar,test_cvar
60,1,60,0.15,1,1,-0.5634861259376425,0.0025,-0.5494303513796486,0.002,0.000373711,0.0,0.0,0.05598147662443895,0.05598147662442611,-0.8265480319323251,-0.8172872550969865,-0.43143478602205876,-0.42536575203725946
