seed,rho,a_seed,eta,gamma,init_rho,valid_obj,valid_prob,test_obj,test_prob,time,valid_cover,test_cover,valid_in,test_in,avg_val,valid_cvar,test_cvar
60,1,60,0.15,1,1,-0.5892781709219331,0.0075,-0.5763485669463968,0.0,0.00038522,0.0,0.0,0.06261127817086522,0.06261127817090074,-0.8855250751403447,-0.404348024053031,-0.4279134784915576
