seed,rho,a_seed,eta,gamma,init_rho,valid_obj,valid_prob,test_obj,test_prob,time,valid_cover,test_cover,valid_in,test_in,avg_val
60,1,60,0.3,1,1,-0.225263287889282,0.02,-0.2387330206540292,0.012,0.00037798,0.0,0.0,-0.49617430328055556,-0.4803078565181282,-0.8250175541475019
