seed,rho,a_seed,eta,gamma,init_rho,valid_obj,valid_prob,test_obj,test_prob,time,valid_cover,test_cover,valid_in,test_in,avg_val
90,1,90,0.3,1,1,-0.22307908967866275,0.01,-0.29080217218733234,0.004,0.00036449,0.0,0.0,-0.44916525853639616,-0.48640579695600916,-0.8276309727080564
