seed,rho,a_seed,eta,gamma,init_rho,valid_obj,valid_prob,test_obj,test_prob,time,valid_cover,test_cover,valid_in,test_in,avg_val
0,1,0,0.12,1,1,-0.5131002923697516,0.0,-0.5390084636370064,0.0,0.002228815,0.0,0.0,-0.5325560857785946,-0.5550795646987124,-0.8640442909245792
