seed,rho,a_seed,eta,gamma,init_rho,valid_obj,valid_prob,test_obj,test_prob,time,valid_cover,test_cover,valid_in,test_in,avg_val
10,1,10,0.12,1,1,-0.5917052878485501,0.0,-0.6194317371587308,0.0,0.002378056,0.0,0.0,-0.6087509133844707,-0.6314850781384822,-0.8690756345272654
