seed,rho,a_seed,eta,gamma,init_rho,valid_obj,valid_prob,test_obj,test_prob,time,valid_cover,test_cover,valid_in,test_in,avg_val
20,1,20,0.12,1,1,-0.5425461873871119,0.0,-0.5079433383427021,0.0,0.002540077,0.0,0.0,-0.5608788298362328,-0.5277370973922838,-0.839503912235082
