seed,rho,a_seed,eta,gamma,init_rho,valid_obj,valid_prob,test_obj,test_prob,time,valid_cover,test_cover,valid_in,test_in,avg_val
60,1,60,0.12,1,1,-0.5829109934169042,0.0,-0.6081087914134011,0.0,0.002342865,0.0,0.0,-0.5991449572480977,-0.6217361129058127,-0.8586239753664929
