seed,rho,a_seed,eta,gamma,init_rho,valid_obj,valid_prob,test_obj,test_prob,time,valid_cover,test_cover,valid_in,test_in,valid_avg,avg_val,valid_cvar,test_cvar
50,1,50,0.1,1,1,-0.7430040477719229,0.0,-0.7564198001984369,0.0,0.002329846,0.0,0.0,-0.004071850332985083,-0.003338693549916211,-0.8505149538360685,-0.8551518404862786,-0.694495085078121,-0.6759907801207442
