seed,rho,a_seed,eta,gamma,init_rho,valid_obj,valid_prob,test_obj,test_prob,time,valid_cover,test_cover,valid_in,test_in,valid_avg,avg_val,valid_cvar,test_cvar
80,1,80,0.1,1,1,-0.7214975323261726,0.0,-0.7639611133928824,0.0,0.002062755,0.0,0.0,0.005310374608978754,0.004898534976213363,-0.8645203061543586,-0.8612892372458373,-0.6395839478793386,-0.6655098404843108
