seed,rho,a_seed,eta,gamma,init_rho,valid_obj,valid_prob,test_obj,test_prob,time,valid_cover,test_cover,valid_in,test_in,avg_val
20,1,20,0.3,1,1,-0.5952235295537462,0.0,-0.5351540064038639,0.0,0.002827525,0.0,0.0,-0.6914832335915576,-0.6589042008860954,-0.8465943064853494
