seed,rho,a_seed,eta,gamma,init_rho,valid_obj,valid_prob,test_obj,test_prob,time,valid_cover,test_cover,valid_in,test_in,avg_val
50,1,50,0.3,1,1,-0.5605824389100684,0.0,-0.5075398243983463,0.0,0.002342515,0.0,0.0,-0.6716171391588277,-0.6335831396321637,-0.8356867379086654
