seed,rho,a_seed,eta,gamma,init_rho,valid_obj,valid_prob,test_obj,test_prob,time,valid_cover,test_cover,valid_in,test_in,avg_val
60,1,60,0.3,1,1,-0.5380467530941171,0.0,-0.5714005115437958,0.0,0.002278074,0.0,0.0,-0.6380493039302404,-0.6696736515198455,-0.8225417049973077
