seed,rho,a_seed,eta,gamma,init_rho,valid_obj,valid_prob,test_obj,test_prob,time,valid_cover,test_cover,valid_in,test_in,avg_val
70,1,70,0.3,1,1,-0.4900459764175662,0.0,-0.4779503500653992,0.0,0.002294724,0.0,0.0,-0.6237652040684054,-0.6152009903593091,-0.8142091460171321
