seed,rho,a_seed,eta,gamma,init_rho,valid_obj,valid_prob,test_obj,test_prob,time,valid_cover,test_cover,valid_in,test_in,avg_val
80,1,80,0.3,1,1,-0.544021377624141,0.0,-0.5625254402344836,0.0,0.002361385,0.0,0.0,-0.6555315134448191,-0.6612362810065306,-0.8355089433200266
