seed,rho,a_seed,eta,gamma,init_rho,valid_obj,valid_prob,test_obj,test_prob,time,valid_cover,test_cover,valid_in,test_in,valid_avg,avg_val,valid_cvar,test_cvar
60,1,60,0.05,1,1,-0.7478745992720619,0.0,-0.7389154639398668,0.0,0.002084615,0.0,0.0,0.0019646886784028205,0.0015104881411859706,-0.8561149134592086,-0.8496622982881967,-0.678822112742209,-0.6573575642297844
