seed,a_seed,nonrob_prob,nonrob_obj,scenario_probs,scenario_obj
90,90,0.6156714191711332,-0.8190640765988771,0.24055520429333352,-0.786915674378667
