context_val,seed,alpha,eps,test_lcx_prob,test_lcx_obj,valid_lcx_prob,valid_lcx_obj,time,in_val,test_avg,valid_avg
18,0,0.08,0.1,0.0,-0.3067930648629767,0.0,-0.45592709390251723,1157.3295316696167,0.23714947880408627,-0.8044003987637572,-0.878940975634786
