context_val,seed,alpha,eps,test_lcx_prob,test_lcx_obj,valid_lcx_prob,valid_lcx_obj,time,in_val,test_avg,valid_avg
19,0,0.08,0.1,0.0,-0.13585260992813727,0.0,-0.4617479730203907,1952.563462972641,0.26231831831149827,-0.7504409178176925,-0.9562292367918843
