context_val,seed,alpha,eps,test_lcx_prob,test_lcx_obj,valid_lcx_prob,valid_lcx_obj,time,in_val,test_avg,valid_avg
6,0,0.08,0.1,0.03225806451612903,-0.25310506453133774,0.0,-0.31870553608041974,228.821923494339,0.1523577982848613,-0.8690669049136033,-0.7710929690275777
