context_val,seed,alpha,eps,test_lcx_prob,test_lcx_obj,valid_lcx_prob,valid_lcx_obj,time,in_val,test_avg,valid_avg
14,10,0.08,0.1,0.08695652173913043,0.27434118101345834,0.0,-0.4556365389970541,3659.599812746048,0.31992427651010424,-0.6985851315896895,-0.8798179091581366
