context_val,seed,alpha,eps,test_lcx_prob,test_lcx_obj,valid_lcx_prob,valid_lcx_obj,time,in_val,test_avg,valid_avg
17,10,0.08,0.1,0.0,-0.22103308472214314,0.0,-0.3351021655381213,2045.6185643672943,0.13614356508820324,-0.836466742797104,-0.7832067363683696
