context_val,seed,alpha,eps,test_lcx_prob,test_lcx_obj,valid_lcx_prob,valid_lcx_obj,time,in_val,test_avg,valid_avg
18,10,0.08,0.1,0.0,-0.035792618173386144,0.0,0.0933354692821731,4359.4785788059235,0.2573757950533962,-0.7617972518293133,-0.5761757600125643
