context_val,seed,alpha,eps,test_lcx_prob,test_lcx_obj,valid_lcx_prob,valid_lcx_obj,time,in_val,test_avg,valid_avg
16,10,0.08,0.1,0.0,-0.2822883478182085,0.0,-0.5053576978323007,2536.5373322963715,0.3337001501072969,-0.7722258820369534,-0.7886511095079691
