context_val,seed,alpha,eps,test_lcx_prob,test_lcx_obj,valid_lcx_prob,valid_lcx_obj,time,in_val,test_avg,valid_avg
5,10,0.08,0.1,0.038461538461538464,0.05058561412932586,0.0,-0.5695451110257439,5573.516796350479,0.36680268020282375,-0.8390318899845755,-1.1242270133944976
