context_val,seed,alpha,eps,test_lcx_prob,test_lcx_obj,valid_lcx_prob,valid_lcx_obj,time,in_val,test_avg,valid_avg
6,10,0.08,0.1,0.03225806451612903,-0.14612783078163472,0.0,-0.5684905135572977,314.24342250823975,0.05327357726519784,-0.8073981647168743,-0.985397879577324
