context_val,seed,alpha,eps,test_lcx_prob,test_lcx_obj,valid_lcx_prob,valid_lcx_obj,time,in_val,test_avg,valid_avg
0,20,0.08,0.1,0.0,-0.14989505471873033,0.0,-0.24081647209878843,1559.2177109718323,0.20800786317441594,-0.8734471395648992,-0.837288807298864
