context_val,seed,alpha,eps,test_lcx_prob,test_lcx_obj,valid_lcx_prob,valid_lcx_obj,time,in_val,test_avg,valid_avg
11,20,0.08,0.1,0.0,-0.2918159254119684,0.0,-0.35727956130414296,364.719446182251,0.08931826741739243,-0.7121897939553331,-0.7430902109723874
