context_val,seed,alpha,eps,test_lcx_prob,test_lcx_obj,valid_lcx_prob,valid_lcx_obj,time,in_val,test_avg,valid_avg
2,20,0.08,0.1,0.0,-0.26857605648519417,0.0,-0.008407433097254835,2393.2360677719116,0.3806501211881501,-0.8397706937884155,-0.8210834503775263
