context_val,seed,alpha,eps,test_lcx_prob,test_lcx_obj,valid_lcx_prob,valid_lcx_obj,time,in_val,test_avg,valid_avg
13,30,0.08,0.1,0.0,-0.14604114992963688,0.07692307692307693,0.21650676916102937,1606.90873670578,0.41535229711407423,-0.966345413448651,-0.7966314645585943
