context_val,seed,alpha,eps,test_lcx_prob,test_lcx_obj,valid_lcx_prob,valid_lcx_obj,time,in_val,test_avg,valid_avg
15,30,0.08,0.1,0.043478260869565216,-0.1978458821369904,0.0,-0.5051186416446178,3150.9700605869293,0.16465869749418285,-0.8332507870212101,-0.9351933363909274
