context_val,seed,alpha,eps,test_lcx_prob,test_lcx_obj,valid_lcx_prob,valid_lcx_obj,time,in_val,test_avg,valid_avg
10,30,0.08,0.1,0.0,-0.35586720911538383,0.0,-0.5148551951541918,4518.110635280609,0.32939928027704557,-0.7872276825452684,-0.8826100072586933
