context_val,seed,alpha,eps,test_lcx_prob,test_lcx_obj,valid_lcx_prob,valid_lcx_obj,time,in_val,test_avg,valid_avg
13,40,0.08,0.1,0.041666666666666664,0.20855709416071752,0.0,-0.5704434045171175,1243.934449672699,0.40618718519098784,-0.6963223265309398,-0.8512323757477918
