context_val,seed,alpha,eps,test_lcx_prob,test_lcx_obj,valid_lcx_prob,valid_lcx_obj,time,in_val,test_avg,valid_avg
19,40,0.08,0.1,0.0,-0.253708137117814,0.0,-0.5836289006804433,1382.2840962409973,0.24621960794464803,-0.7021898344508039,-0.8900032869907483
