context_val,seed,alpha,eps,test_lcx_prob,test_lcx_obj,valid_lcx_prob,valid_lcx_obj,time,in_val,test_avg,valid_avg
6,40,0.08,0.1,0.03225806451612903,0.3087199625972681,0.08333333333333333,0.3678802591155278,954.226215839386,0.363919076033896,-0.556269603032722,-0.5403589206309767
