context_val,seed,alpha,eps,test_lcx_prob,test_lcx_obj,valid_lcx_prob,valid_lcx_obj,time,in_val,test_avg,valid_avg
0,50,0.08,0.1,0.0,-0.3027101496420547,0.0,-0.3174312408090262,2135.9454939365387,0.3263358870341782,-0.7508776047872762,-0.8012299810765301
