context_val,seed,alpha,eps,test_lcx_prob,test_lcx_obj,valid_lcx_prob,valid_lcx_obj,time,in_val,test_avg,valid_avg
17,50,0.08,0.1,0.0,-0.24922346304742152,0.0,-0.43690047951576144,1547.6561210155487,0.1424118241779304,-0.7729187983999792,-0.8077966932189619
