context_val,seed,alpha,eps,test_lcx_prob,test_lcx_obj,valid_lcx_prob,valid_lcx_obj,time,in_val,test_avg,valid_avg
3,50,0.08,0.1,0.0,-0.3337006996106009,0.0,-0.1970568908518571,1445.0123069286346,0.3488523383447484,-0.6669690011401405,-0.7615839953670486
