context_val,seed,alpha,eps,test_lcx_prob,test_lcx_obj,valid_lcx_prob,valid_lcx_obj,time,in_val,test_avg,valid_avg
6,50,0.08,0.1,0.03225806451612903,-0.11480318091233191,0.0,-0.3963908139996257,664.1760330200195,0.14424992359074823,-0.7046070735661766,-0.7915393510044239
