context_val,seed,alpha,eps,test_lcx_prob,test_lcx_obj,valid_lcx_prob,valid_lcx_obj,time,in_val,test_avg,valid_avg
7,50,0.08,0.1,0.0,-0.29773303090866166,0.0,-0.1502026744054769,1991.0548932552338,0.3529257291883327,-0.8279481401762355,-0.8153320964550408
