context_val,seed,alpha,eps,test_lcx_prob,test_lcx_obj,valid_lcx_prob,valid_lcx_obj,time,in_val,test_avg,valid_avg
8,50,0.08,0.1,0.0,-0.4134396977138823,0.0,0.32566837481951993,2879.349892139435,0.3383406837586284,-0.8061966373177433,-0.676834783742006
