context_val,seed,alpha,eps,test_lcx_prob,test_lcx_obj,valid_lcx_prob,valid_lcx_obj,time,in_val,test_avg,valid_avg
9,50,0.08,0.1,0.03571428571428571,-0.21033651351795188,0.18181818181818182,0.17301401954068563,628.654438495636,0.10549527569082587,-0.7642633284393082,-0.55153394913298
