context_val,seed,alpha,eps,test_lcx_prob,test_lcx_obj,valid_lcx_prob,valid_lcx_obj,time,in_val,test_avg,valid_avg
19,60,0.08,0.1,0.03571428571428571,-0.043274205956007485,0.0,-0.39280385763557224,1720.006803035736,0.2766722351345794,-0.6694763564089626,-0.705397493687779
