context_val,seed,alpha,eps,test_lcx_prob,test_lcx_obj,valid_lcx_prob,valid_lcx_obj,time,in_val,test_avg,valid_avg
17,60,0.08,0.1,0.0,-0.34025372906950163,0.0,-0.5462652686548444,1329.9351205825806,0.39234344729478376,-0.8817309514115568,-0.9250846333629574
