context_val,seed,alpha,eps,test_lcx_prob,test_lcx_obj,valid_lcx_prob,valid_lcx_obj,time,in_val,test_avg,valid_avg
10,60,0.08,0.1,0.0,-0.2027573704476089,0.0,-0.5230564585254343,4373.4322514534,0.2571400962636252,-0.9015381738169455,-0.7548736125398269
