context_val,seed,alpha,eps,test_lcx_prob,test_lcx_obj,valid_lcx_prob,valid_lcx_obj,time,in_val,test_avg,valid_avg
3,60,0.08,0.1,0.0,-0.4470554669267007,0.0,-0.18872474320425423,1365.2216124534607,0.38409295150631034,-0.8306864379015605,-0.6559739320904594
