context_val,seed,alpha,eps,test_lcx_prob,test_lcx_obj,valid_lcx_prob,valid_lcx_obj,time,in_val,test_avg,valid_avg
7,60,0.08,0.1,0.0,-0.41156425711614636,0.0,-0.35168556226817876,3895.339042901993,0.31970923172692156,-0.7883460000262473,-0.6918453038092042
