context_val,seed,alpha,eps,test_lcx_prob,test_lcx_obj,valid_lcx_prob,valid_lcx_obj,time,in_val,test_avg,valid_avg
8,60,0.08,0.1,0.0,-0.1311257728799006,0.0,-0.550382107986815,1753.3317184448242,0.27315548337657125,-0.7351930765693232,-0.9661589285328278
