context_val,seed,alpha,eps,test_lcx_prob,test_lcx_obj,valid_lcx_prob,valid_lcx_obj,time,in_val,test_avg,valid_avg
9,60,0.08,0.1,0.03571428571428571,-0.006492715685914992,0.0,-0.4656645787927116,829.2880365848541,0.20779852549796482,-0.8812196267833459,-0.8252185274510783
