context_val,seed,alpha,eps,test_lcx_prob,test_lcx_obj,valid_lcx_prob,valid_lcx_obj,time,in_val,test_avg,valid_avg
17,70,0.08,0.1,0.0,-0.3311618745156213,0.125,0.5237231267803304,1328.5456712245941,0.16923348378647993,-0.833790515211833,-0.5136587018790905
