context_val,seed,alpha,eps,test_lcx_prob,test_lcx_obj,valid_lcx_prob,valid_lcx_obj,time,in_val,test_avg,valid_avg
12,70,0.08,0.1,0.0,-0.19748406428310586,0.0,-0.21391514610766257,2602.3453295230865,0.37082389800873,-0.9499190165377348,-0.5323136681545855
