context_val,seed,alpha,eps,test_lcx_prob,test_lcx_obj,valid_lcx_prob,valid_lcx_obj,time,in_val,test_avg,valid_avg
10,70,0.08,0.1,0.0,-0.21499458117860828,0.0,-0.1677993232062111,2548.7146327495575,0.39350324948094334,-0.8214450330126056,-0.702358109980395
