context_val,seed,alpha,eps,test_lcx_prob,test_lcx_obj,valid_lcx_prob,valid_lcx_obj,time,in_val,test_avg,valid_avg
6,70,0.08,0.1,0.0967741935483871,-0.2615555510376229,0.16666666666666666,0.3352680673806672,946.9959659576416,-0.3551954490877579,-0.8832312247878563,-0.6748542650121704
