context_val,seed,alpha,eps,test_lcx_prob,test_lcx_obj,valid_lcx_prob,valid_lcx_obj,time,in_val,test_avg,valid_avg
7,70,0.08,0.1,0.03571428571428571,-0.229265466380236,0.0,-0.16238577696464906,3497.0001611709595,0.257494166509352,-0.8488363150408159,-0.8451984373641951
