context_val,seed,alpha,eps,test_lcx_prob,test_lcx_obj,valid_lcx_prob,valid_lcx_obj,time,in_val,test_avg,valid_avg
11,80,0.08,0.1,0.0,-0.3421821416156116,0.0,-0.16665955793914589,1075.7298319339752,0.19189561896725174,-0.8956731789961134,-0.7086576483883956
