context_val,seed,alpha,eps,test_lcx_prob,test_lcx_obj,valid_lcx_prob,valid_lcx_obj,time,in_val,test_avg,valid_avg
10,80,0.08,0.1,0.0,-0.2148167655522856,0.0,-0.34361674223486843,1465.4914269447327,0.27835186404084034,-0.8117840930667958,-0.7205258164685471
