context_val,seed,alpha,eps,test_lcx_prob,test_lcx_obj,valid_lcx_prob,valid_lcx_obj,time,in_val,test_avg,valid_avg
13,80,0.08,0.1,0.0,-0.30293753116276845,0.0,0.03244949034734508,1591.8892719745636,0.19451919938820184,-0.8661876535123981,-0.6167970389458209
