context_val,seed,alpha,eps,test_lcx_prob,test_lcx_obj,valid_lcx_prob,valid_lcx_obj,time,in_val,test_avg,valid_avg
19,80,0.08,0.1,0.0,-0.3193266173564553,0.0,-0.470502947268212,1826.7424178123474,0.28491790442088966,-0.8170177372799959,-0.8232528359797315
