context_val,seed,alpha,eps,test_lcx_prob,test_lcx_obj,valid_lcx_prob,valid_lcx_obj,time,in_val,test_avg,valid_avg
2,80,0.08,0.1,0.0,-0.2621960662880523,0.0,-0.2901765700070692,2551.49680519104,0.3277185912037066,-0.7480179124056754,-0.7953028706100204
