context_val,seed,alpha,eps,test_lcx_prob,test_lcx_obj,valid_lcx_prob,valid_lcx_obj,time,in_val,test_avg,valid_avg
7,80,0.08,0.1,0.0,-0.3279766318472243,0.0,-0.3656562173490413,1000.1357364654541,0.3457542384344743,-1.1305252771805878,-0.759105423770807
