context_val,seed,alpha,eps,test_lcx_prob,test_lcx_obj,valid_lcx_prob,valid_lcx_obj,time,in_val,test_avg,valid_avg
12,90,0.08,0.1,0.0,-0.32841319360888793,0.0,-0.321746242337007,2484.037088871002,0.36347098183035353,-0.7876249251285617,-0.7841774058527557
