context_val,seed,alpha,eps,test_lcx_prob,test_lcx_obj,valid_lcx_prob,valid_lcx_obj,time,in_val,test_avg,valid_avg
19,90,0.08,0.1,0.0,-0.08004248942138824,0.0,-0.1402373813377495,1768.9694299697876,0.24799515618053625,-0.795541006050915,-0.779842928667043
