context_val,seed,alpha,eps,test_lcx_prob,test_lcx_obj,valid_lcx_prob,valid_lcx_obj,time,in_val,test_avg,valid_avg
17,90,0.08,0.1,0.0,-0.34677507646896455,0.0,-0.3461300548057067,2251.0727043151855,0.26870941681103766,-0.9154591050182439,-0.7612203406954567
