context_val,seed,alpha,eps,test_lcx_prob,test_lcx_obj,valid_lcx_prob,valid_lcx_obj,time,in_val,test_avg,valid_avg
2,90,0.08,0.1,0.0,-0.28371639532948945,0.0,-0.6335013462126292,2634.0965733528137,0.4021546434455023,-0.826898849372616,-1.096041861733222
