context_val,seed,alpha,eps,test_lcx_prob,test_lcx_obj,valid_lcx_prob,valid_lcx_obj,time,in_val,test_avg,valid_avg
3,90,0.08,0.1,0.0,-0.26345877842429655,0.0,-0.52354515845316,4869.543570518494,0.19233936011858352,-0.7108341330843216,-0.7151771261696921
