context_val,seed,alpha,eps,test_lcx_prob,test_lcx_obj,valid_lcx_prob,valid_lcx_obj,time,in_val,test_avg,valid_avg
9,90,0.08,0.1,0.0,-0.43523269455337243,0.0,-0.2859344183354436,2173.0619943141937,0.3196721584998472,-0.8061615728084598,-0.9004373928429081
