seed,rho,a_seed,eta,gamma,init_rho,valid_obj,valid_prob,test_obj,test_prob,time,valid_cover,test_cover,valid_in,test_in,valid_avg,avg_val,valid_cvar,test_cvar
30,1,30,0.15,1,1,-0.48335183684435123,0.01,-0.4977343522981795,0.004,0.000440149,0.0,0.0,0.044901186558439464,0.04490118655842943,-0.8159926174010791,-0.8037640475419822,-0.28039772028899623,-0.3430958529449534
