seed,rho,a_seed,eta,gamma,init_rho,valid_obj,valid_prob,test_obj,test_prob,time,valid_cover,test_cover,valid_in,test_in,valid_avg,avg_val,valid_cvar,test_cvar
70,1,70,0.12,1,1,-0.4951172089340067,0.015,-0.48688474046945696,0.006,0.0004294,0.0,0.0,0.06271315751941325,0.0627131575194022,-0.7721398476102663,-0.8286663738552023,-0.22949358069341486,-0.2867983327778895
