seed,a_seed,nonrob_prob,nonrob_obj,scenario_probs,scenario_obj
80,80,1.0,-428.94076983431904,0.4525702927807682,-394.94255490976514
