seed,rho,a_seed,eta,gamma,init_rho,valid_obj,valid_prob,test_obj,test_prob,time,valid_cover,test_cover,valid_in,test_in,valid_avg,avg_val,valid_cvar,test_cvar
30,1,30,0.05,1,1,-0.5340573901011629,0.0,-0.5341118932707827,0.002,0.0004417,0.0,0.0,0.06317832129944188,0.0631783212994438,-0.8004794031769034,-0.7905997854714722,-0.3566017240697415,-0.3766403581877797
