seed,rho,a_seed,eta,gamma,init_rho,valid_obj,valid_prob,test_obj,test_prob,time,valid_cover,test_cover,valid_in,test_in,valid_avg,avg_val,valid_cvar,test_cvar
40,1,40,0.05,1,1,-0.502827877777532,0.0,-0.4675595194553732,0.004,0.00037995,0.0,0.0,0.057944158368376415,0.0579441583683761,-0.7986474854989453,-0.7961225228394936,-0.3038540904849411,-0.310468863422758
