seed,rho,a_seed,eta,gamma,init_rho,valid_obj,valid_prob,test_obj,test_prob,time,valid_cover,test_cover,valid_in,test_in,valid_avg,avg_val,valid_cvar,test_cvar
80,1,80,0.05,1,1,-0.47460335718144586,0.0,-0.516895457187299,0.002,0.00037212,0.0,0.0,0.056488483113852565,0.05648848311383982,-0.7799967856599505,-0.8177515178221024,-0.31120593385742373,-0.37624003099205916
