seed,rho,a_seed,eta,gamma,init_rho,valid_obj,valid_prob,test_obj,test_prob,time,valid_cover,test_cover,valid_in,test_in,avg_val
0,1,0,0.12,1,1,-0.3438522087855424,0.0075,-0.37782156239867365,0.0,0.000440413,0.0,0.0,-0.38417456564082186,-0.40436491990870904,-0.8325492121504053
