seed,rho,a_seed,eta,gamma,init_rho,valid_obj,valid_prob,test_obj,test_prob,time,valid_cover,test_cover,valid_in,test_in,avg_val
10,1,10,0.12,1,1,-0.36115962445242394,0.005,-0.3641857921457758,0.006,0.000370622,0.0,0.0,-0.3978892083797514,-0.39681501721171825,-0.8193885584130485
