seed,rho,a_seed,eta,gamma,init_rho,valid_obj,valid_prob,test_obj,test_prob,time,valid_cover,test_cover,valid_in,test_in,avg_val
30,1,30,0.12,1,1,-0.336460526023546,0.0,-0.4006076050568158,0.001,0.000374622,0.0,0.0,-0.3645732257951871,-0.4266378365063981,-0.8364703803367824
