seed,rho,a_seed,eta,gamma,init_rho,valid_obj,valid_prob,test_obj,test_prob,time,valid_cover,test_cover,valid_in,test_in,avg_val
40,1,40,0.12,1,1,-0.3828570161778703,0.0025,-0.43408913530220306,0.0,0.000378503,0.0,0.0,-0.41051196029538,-0.45478060075520077,-0.8024383729544202
