seed,rho,a_seed,eta,gamma,init_rho,valid_obj,valid_prob,test_obj,test_prob,time,valid_cover,test_cover,valid_in,test_in,avg_val
70,1,70,0.12,1,1,-0.38007675815641345,0.0,-0.36301836312010166,0.003,0.000358462,0.0,0.0,-0.4092297321401972,-0.3890841442462676,-0.7981172871858697
