seed,rho,a_seed,eta,gamma,init_rho,valid_obj,valid_prob,test_obj,test_prob,time,valid_cover,test_cover,valid_in,test_in,valid_avg,avg_val,valid_cvar,test_cvar
30,1,30,0.05,1,1,-0.4267985755049646,0.0025,-0.4808244752348404,0.005,0.000756126,0.0,0.0,0.045882827950456964,0.045882827950519046,-0.792737324610748,-0.8315187027572892,-0.27133350052732935,-0.312246070487086
