seed,rho,a_seed,eta,gamma,init_rho,valid_obj,valid_prob,test_obj,test_prob,time,valid_cover,test_cover,valid_in,test_in,valid_avg,avg_val,valid_cvar,test_cvar
60,1,60,0.05,1,1,-0.540739527946449,0.0025,-0.5070317366770604,0.005,0.000744837,0.0,0.0,0.08734040979673746,0.08734040979667117,-0.8052646509834044,-0.7899358866547186,-0.3819441553457481,-0.34671097520055344
