seed,rho,a_seed,eta,gamma,init_rho,valid_obj,valid_prob,test_obj,test_prob,time,valid_cover,test_cover,valid_in,test_in,valid_avg,avg_val,valid_cvar,test_cvar
90,1,90,0.05,1,1,-0.5180988922186072,0.0025,-0.5064347222947777,0.003,0.000862106,0.0,0.0,0.0645839217112686,0.06458392171126616,-0.8301013941396519,-0.8242634179272861,-0.3744361881207399,-0.36948329642346434
