seed,rho,a_seed,eta,gamma,init_rho,valid_obj,valid_prob,test_obj,test_prob,time,valid_cover,test_cover,valid_in,test_in,valid_avg,avg_val,valid_cvar,test_cvar
70,1,70,0.2,1,1,-0.49532280150214386,0.015,-0.49703156840148544,0.006,0.00040404,0.0,0.0,0.055486204272449775,0.05548620427244715,-0.7831094915992277,-0.833086716028719,-0.22299675575406888,-0.2833309142328893
