seed,rho,a_seed,eta,gamma,init_rho,valid_obj,valid_prob,test_obj,test_prob,time,valid_cover,test_cover,valid_in,test_in,avg_val,valid_cvar,test_cvar
0,1,0,0.12,1,1,-0.6744187633419723,0.0,-0.6825578455008294,0.0,0.002697833,0.0,0.0,0.004703403203527181,0.004703403203522103,-0.9344625134784883,-0.5377925910827124,-0.5761222587280976
