seed,rho,a_seed,eta,gamma,init_rho,valid_obj,valid_prob,test_obj,test_prob,time,valid_cover,test_cover,valid_in,test_in,valid_avg,avg_val,valid_cvar,test_cvar
20,1,20,0.12,1,1,-0.6739608596177651,0.0,-0.6905296713789041,0.0,0.002234572,0.0,0.0,0.005331774828231526,0.005331774828223297,-0.8204906129995204,-0.8293538898885517,-0.5585575508413343,-0.6042256686104354
