seed,rho,a_seed,eta,gamma,init_rho,valid_obj,valid_prob,test_obj,test_prob,time,valid_cover,test_cover,valid_in,test_in,avg_val,valid_cvar,test_cvar
20,1,20,0.12,1,1,-0.6290786735400155,0.0,-0.6740471116705429,0.0,0.002182852,0.0,0.0,0.007536198152125052,0.0075361981521315565,-0.8769686807331258,-0.5407962537057059,-0.5809080406275924
