seed,rho,a_seed,eta,gamma,init_rho,valid_obj,valid_prob,test_obj,test_prob,time,valid_cover,test_cover,valid_in,test_in,avg_val,valid_cvar,test_cvar
30,1,30,0.12,1,1,-0.6818423303507283,0.0,-0.6736731670656968,0.0,0.002228233,0.0,0.0,0.009829609298104553,0.009829609298102348,-0.8827785757120377,-0.5821262941902153,-0.5530656695541163
