seed,rho,a_seed,eta,gamma,init_rho,valid_obj,valid_prob,test_obj,test_prob,time,valid_cover,test_cover,valid_in,test_in,valid_avg,avg_val,valid_cvar,test_cvar
40,1,40,0.12,1,1,-0.6656294066187829,0.0,-0.6595876315982934,0.0,0.002416812,0.0,0.0,0.00788214652083928,0.007882146520837876,-0.8211233080316902,-0.8188626457669401,-0.567458755508823,-0.5599925472286272
