seed,rho,a_seed,eta,gamma,init_rho,valid_obj,valid_prob,test_obj,test_prob,time,valid_cover,test_cover,valid_in,test_in,avg_val,valid_cvar,test_cvar
70,1,70,0.12,1,1,-0.6846720990672933,0.0,-0.6840946636438343,0.0,0.002208723,0.0,0.0,0.006801249797109708,0.006801249797084336,-0.8935632458301246,-0.5701860739600114,-0.5870840791865063
