context_val,seed,alpha,eps,test_lcx_prob,test_lcx_obj,valid_lcx_prob,valid_lcx_obj,time,in_val,test_avg,valid_avg
11,0,0.12,0.12,0.0,-0.21255955367891674,0.0,-0.23656336005422918,475.702189207077,0.05157086666101893,-0.9462042025339177,-0.9075634109754402
