context_val,seed,alpha,eps,test_lcx_prob,test_lcx_obj,valid_lcx_prob,valid_lcx_obj,time,in_val,test_avg,valid_avg
5,0,0.12,0.12,0.0,-0.29795387947478547,0.0,-0.5514876719963187,2809.56041431427,0.3103187411140556,-0.8122552894488856,-0.9229607865374136
