context_val,seed,alpha,eps,test_lcx_prob,test_lcx_obj,valid_lcx_prob,valid_lcx_obj,time,in_val,test_avg,valid_avg
7,0,0.12,0.12,0.0,-0.4245201452878326,0.0,-0.3517176114135951,3280.7297496795654,0.44095242045772115,-0.7795834890935236,-0.7621382269460827
