context_val,seed,alpha,eps,test_lcx_prob,test_lcx_obj,valid_lcx_prob,valid_lcx_obj,time,in_val,test_avg,valid_avg
14,10,0.12,0.12,0.08695652173913043,0.27223779553582506,0.0,-0.4568536163187793,4003.8606650829315,0.3390932447526503,-0.6987889314753651,-0.8795610465465665
