context_val,seed,alpha,eps,test_lcx_prob,test_lcx_obj,valid_lcx_prob,valid_lcx_obj,time,in_val,test_avg,valid_avg
18,10,0.12,0.12,0.0,-0.03582188430936178,0.0,0.09313581295485943,2704.8069903850555,0.2788312999809953,-0.7618011626374952,-0.5762289093898895
