context_val,seed,alpha,eps,test_lcx_prob,test_lcx_obj,valid_lcx_prob,valid_lcx_obj,time,in_val,test_avg,valid_avg
17,10,0.12,0.12,0.0,-0.22103304895979856,0.0,-0.3351021653302516,1856.9574286937714,0.15437819507458503,-0.8364667373880501,-0.7832067229989359
