context_val,seed,alpha,eps,test_lcx_prob,test_lcx_obj,valid_lcx_prob,valid_lcx_obj,time,in_val,test_avg,valid_avg
3,10,0.12,0.12,0.045454545454545456,-0.14238454774421674,0.0,-0.63708067551793,3736.800793647766,0.23556810223544003,-0.8326177366990745,-1.0347495717683515
