context_val,seed,alpha,eps,test_lcx_prob,test_lcx_obj,valid_lcx_prob,valid_lcx_obj,time,in_val,test_avg,valid_avg
6,10,0.12,0.12,0.03225806451612903,-0.14646505568839127,0.0,-0.5685738732302626,392.91535782814026,0.11149407386716481,-0.8073834444628541,-0.9854198510837926
