context_val,seed,alpha,eps,test_lcx_prob,test_lcx_obj,valid_lcx_prob,valid_lcx_obj,time,in_val,test_avg,valid_avg
0,20,0.12,0.12,0.0,-0.15161874128880193,0.0,-0.24207584984433567,1662.4255516529083,0.2308400539423245,-0.8724306515154089,-0.8367130599686556
