context_val,seed,alpha,eps,test_lcx_prob,test_lcx_obj,valid_lcx_prob,valid_lcx_obj,time,in_val,test_avg,valid_avg
7,20,0.12,0.12,0.0,-0.23671118824372614,0.0,-0.07797568491830473,1322.3692133426666,0.27330442721260906,-0.7536651141502044,-0.9133140820857834
