context_val,seed,alpha,eps,test_lcx_prob,test_lcx_obj,valid_lcx_prob,valid_lcx_obj,time,in_val,test_avg,valid_avg
12,30,0.12,0.12,0.03571428571428571,0.3016787728560318,0.0,-0.4800902315102359,1681.6861782073975,0.3279519842538142,-0.7069458753482037,-0.9015185767019082
