context_val,seed,alpha,eps,test_lcx_prob,test_lcx_obj,valid_lcx_prob,valid_lcx_obj,time,in_val,test_avg,valid_avg
13,30,0.12,0.12,0.0,-0.14360926363077817,0.07692307692307693,0.22200315827876688,1062.45321059227,0.44411776232214983,-0.9670824894943504,-0.7969814108952409
