context_val,seed,alpha,eps,test_lcx_prob,test_lcx_obj,valid_lcx_prob,valid_lcx_obj,time,in_val,test_avg,valid_avg
17,30,0.12,0.12,0.0,-0.16405339472936806,0.0,-0.2870823931243247,1897.5821423530579,0.23858480434233723,-0.7894635431303032,-0.9949703790485133
