context_val,seed,alpha,eps,test_lcx_prob,test_lcx_obj,valid_lcx_prob,valid_lcx_obj,time,in_val,test_avg,valid_avg
14,30,0.12,0.12,0.043478260869565216,-0.07679919738037137,0.0,-0.38816366071738434,2091.534830093384,0.4414633943978655,-0.7434751656431647,-0.7469155334975429
