context_val,seed,alpha,eps,test_lcx_prob,test_lcx_obj,valid_lcx_prob,valid_lcx_obj,time,in_val,test_avg,valid_avg
2,30,0.12,0.12,0.0,-0.18858863759766575,0.0,-0.5929210637209446,5653.877998113632,0.4163208001093911,-0.728656560991214,-0.8982101145802194
