context_val,seed,alpha,eps,test_lcx_prob,test_lcx_obj,valid_lcx_prob,valid_lcx_obj,time,in_val,test_avg,valid_avg
9,30,0.12,0.12,0.0,-0.40239205601508266,0.09090909090909091,-0.004975451991815483,902.3893189430237,0.13646660227143062,-0.7476436404137461,-0.8248851414775278
