context_val,seed,alpha,eps,test_lcx_prob,test_lcx_obj,valid_lcx_prob,valid_lcx_obj,time,in_val,test_avg,valid_avg
0,40,0.12,0.12,0.0,0.005014007556048222,0.07142857142857142,0.15492270633773078,2567.4566917419434,0.23172356929183316,-0.6623135592263076,-0.7383851754279602
