context_val,seed,alpha,eps,test_lcx_prob,test_lcx_obj,valid_lcx_prob,valid_lcx_obj,time,in_val,test_avg,valid_avg
17,40,0.12,0.12,0.0,-0.44030534968901575,0.0,0.05932748299906432,2390.03662109375,0.3634979430263757,-0.9577352650556428,-0.4198451556652764
