context_val,seed,alpha,eps,test_lcx_prob,test_lcx_obj,valid_lcx_prob,valid_lcx_obj,time,in_val,test_avg,valid_avg
10,40,0.12,0.12,0.0,-0.2617775958768978,0.0,-0.22435551493356348,3950.5577495098114,0.36521329931162283,-0.7785483768932748,-0.9648763790383761
