context_val,seed,alpha,eps,test_lcx_prob,test_lcx_obj,valid_lcx_prob,valid_lcx_obj,time,in_val,test_avg,valid_avg
13,40,0.12,0.12,0.041666666666666664,0.20855542329618912,0.0,-0.5704403723765445,1495.5001440048218,0.4261344395593799,-0.6963382678881688,-0.8512828074146868
