context_val,seed,alpha,eps,test_lcx_prob,test_lcx_obj,valid_lcx_prob,valid_lcx_obj,time,in_val,test_avg,valid_avg
12,40,0.12,0.12,0.0,-0.4175224983348234,0.0,-0.16893291703814042,1945.0346839427948,0.38261681392960606,-0.8280894345760437,-0.7416327351758522
