context_val,seed,alpha,eps,test_lcx_prob,test_lcx_obj,valid_lcx_prob,valid_lcx_obj,time,in_val,test_avg,valid_avg
1,40,0.12,0.12,0.0,-0.33328327086014253,0.0,-0.2495336124022187,3914.601387023926,0.37044327564027485,-0.9711870936947884,-0.8381757441034494
