context_val,seed,alpha,eps,test_lcx_prob,test_lcx_obj,valid_lcx_prob,valid_lcx_obj,time,in_val,test_avg,valid_avg
6,40,0.12,0.12,0.03225806451612903,0.30871979187654985,0.08333333333333333,0.3678800630144379,1152.2327063083649,0.3891422202535774,-0.5562695946432449,-0.5403589113006704
