context_val,seed,alpha,eps,test_lcx_prob,test_lcx_obj,valid_lcx_prob,valid_lcx_obj,time,in_val,test_avg,valid_avg
16,50,0.12,0.12,0.037037037037037035,0.14166395911248253,0.0,-0.35545508442337126,1891.366146326065,0.2636091898131864,-0.7424379512435259,-0.7813293821966106
