context_val,seed,alpha,eps,test_lcx_prob,test_lcx_obj,valid_lcx_prob,valid_lcx_obj,time,in_val,test_avg,valid_avg
10,50,0.12,0.12,0.0,-0.3854704188390949,0.0,-0.6549557914620804,3102.5756249427795,0.29423482323027594,-0.8746966989640451,-0.8234984131702312
