context_val,seed,alpha,eps,test_lcx_prob,test_lcx_obj,valid_lcx_prob,valid_lcx_obj,time,in_val,test_avg,valid_avg
13,50,0.12,0.12,0.0,-0.15183708520556052,0.07692307692307693,0.037548840977497305,3101.9256958961487,0.3091078231565941,-0.7291349628309428,-0.7578532256047625
