context_val,seed,alpha,eps,test_lcx_prob,test_lcx_obj,valid_lcx_prob,valid_lcx_obj,time,in_val,test_avg,valid_avg
19,50,0.12,0.12,0.03571428571428571,-0.003005533986230676,0.0,-0.691519957906275,2176.4006700515747,0.4237678703210374,-0.8418448173131944,-1.0268509600059132
