context_val,seed,alpha,eps,test_lcx_prob,test_lcx_obj,valid_lcx_prob,valid_lcx_obj,time,in_val,test_avg,valid_avg
17,50,0.12,0.12,0.0,-0.2492235118850459,0.0,-0.4369004711321831,1546.9327991008759,0.16384854612086577,-0.7729188033533549,-0.8077966944105728
