context_val,seed,alpha,eps,test_lcx_prob,test_lcx_obj,valid_lcx_prob,valid_lcx_obj,time,in_val,test_avg,valid_avg
3,50,0.12,0.12,0.0,-0.33370072446084803,0.0,-0.19705691694301528,2071.443310022354,0.3694618299600847,-0.6669689958852337,-0.7615840005134422
