context_val,seed,alpha,eps,test_lcx_prob,test_lcx_obj,valid_lcx_prob,valid_lcx_obj,time,in_val,test_avg,valid_avg
14,60,0.12,0.12,0.0,-0.037914899223553684,0.0,-0.5825385923245883,2142.1594932079315,0.3476688645700538,-0.8686753049264936,-0.9298269647162303
