context_val,seed,alpha,eps,test_lcx_prob,test_lcx_obj,valid_lcx_prob,valid_lcx_obj,time,in_val,test_avg,valid_avg
19,60,0.12,0.12,0.03571428571428571,-0.03632575051848461,0.0,-0.41074774191360447,2673.87100148201,0.3103308673190745,-0.674775898351533,-0.7081911970478759
