context_val,seed,alpha,eps,test_lcx_prob,test_lcx_obj,valid_lcx_prob,valid_lcx_obj,time,in_val,test_avg,valid_avg
2,60,0.12,0.12,0.038461538461538464,-0.0034347391107956704,0.0,-0.6036701124780725,4188.579537391663,0.3626565690526817,-0.7564186571623193,-0.858578191836283
