context_val,seed,alpha,eps,test_lcx_prob,test_lcx_obj,valid_lcx_prob,valid_lcx_obj,time,in_val,test_avg,valid_avg
7,60,0.12,0.12,0.0,-0.4115641256957377,0.0,-0.3516876096696577,2893.7890479564667,0.3430472496270791,-0.7883456189801727,-0.6918456658336715
