context_val,seed,alpha,eps,test_lcx_prob,test_lcx_obj,valid_lcx_prob,valid_lcx_obj,time,in_val,test_avg,valid_avg
9,60,0.12,0.12,0.03571428571428571,-0.0064934748001296465,0.0,-0.46566363482518247,963.8564453125,0.23345700013451193,-0.8812197606629717,-0.8252188116161001
