context_val,seed,alpha,eps,test_lcx_prob,test_lcx_obj,valid_lcx_prob,valid_lcx_obj,time,in_val,test_avg,valid_avg
13,70,0.12,0.12,0.0,-0.366740633513694,0.0,-0.32244154414321713,1879.0385992527008,0.4529493260212197,-0.7966017310175326,-0.7261393443451875
