context_val,seed,alpha,eps,test_lcx_prob,test_lcx_obj,valid_lcx_prob,valid_lcx_obj,time,in_val,test_avg,valid_avg
11,70,0.12,0.12,0.034482758620689655,-0.13008045856279757,0.0,-0.21549729846132698,1157.0474529266357,0.06870469827165557,-0.8053565384205708,-0.8337031451308581
