context_val,seed,alpha,eps,test_lcx_prob,test_lcx_obj,valid_lcx_prob,valid_lcx_obj,time,in_val,test_avg,valid_avg
17,70,0.12,0.12,0.0,-0.3311619199071434,0.125,0.5237231095621734,1762.8806223869324,0.198192098170442,-0.8337905377952036,-0.5136587927666314
