context_val,seed,alpha,eps,test_lcx_prob,test_lcx_obj,valid_lcx_prob,valid_lcx_obj,time,in_val,test_avg,valid_avg
2,70,0.12,0.12,0.0,-0.26116883436226873,0.0,-0.4312201174370803,4112.627616882324,0.3826029994027858,-0.8004797631832843,-0.9553735077821827
