context_val,seed,alpha,eps,test_lcx_prob,test_lcx_obj,valid_lcx_prob,valid_lcx_obj,time,in_val,test_avg,valid_avg
5,70,0.12,0.12,0.0,-0.10469148744689283,0.0,-0.49011680857442785,3439.9355969429016,0.38633517861610533,-0.7190277430195875,-0.7418877842714721
