context_val,seed,alpha,eps,test_lcx_prob,test_lcx_obj,valid_lcx_prob,valid_lcx_obj,time,in_val,test_avg,valid_avg
9,70,0.12,0.12,0.0,-0.11917870850644825,0.09090909090909091,0.057875319449305296,2022.7742278575897,0.2569442854829862,-0.8427693705098367,-0.6822866396823891
