context_val,seed,alpha,eps,test_lcx_prob,test_lcx_obj,valid_lcx_prob,valid_lcx_obj,time,in_val,test_avg,valid_avg
11,80,0.12,0.12,0.0,-0.34201684406848526,0.0,-0.16654806013724627,729.8823368549347,0.23072677240167586,-0.8957683752774535,-0.7085769890641577
