context_val,seed,alpha,eps,test_lcx_prob,test_lcx_obj,valid_lcx_prob,valid_lcx_obj,time,in_val,test_avg,valid_avg
5,80,0.12,0.12,0.0,-0.433678771016101,0.0,-0.4576155725171398,3534.727176427841,0.2768387747390595,-0.8281878109798166,-0.8579725523485335
