context_val,seed,alpha,eps,test_lcx_prob,test_lcx_obj,valid_lcx_prob,valid_lcx_obj,time,in_val,test_avg,valid_avg
8,80,0.12,0.12,0.038461538461538464,0.04391060775370176,0.0,0.14249685283097535,4714.846834182739,0.34904790928546287,-0.8401155368893986,-0.7081948154541837
