context_val,seed,alpha,eps,test_lcx_prob,test_lcx_obj,valid_lcx_prob,valid_lcx_obj,time,in_val,test_avg,valid_avg
1,90,0.12,0.12,0.0,-0.42901760559957725,0.0,-0.5884523694393664,5426.6538944244385,0.3818365296537523,-0.940615176833883,-0.8992060667816844
