context_val,seed,alpha,eps,test_lcx_prob,test_lcx_obj,valid_lcx_prob,valid_lcx_obj,time,in_val,test_avg,valid_avg
13,90,0.12,0.12,0.0,-0.40179511843714016,0.0,-0.34090629561128316,1851.3910756111145,0.2764976417646447,-0.790663662810774,-0.7913830528778211
