context_val,seed,alpha,eps,test_lcx_prob,test_lcx_obj,valid_lcx_prob,valid_lcx_obj,time,in_val,test_avg,valid_avg
11,90,0.12,0.12,0.0,-0.07939751387924841,0.0,-0.454494033063337,111.80573415756226,0.3684178246520889,-0.9046589681972415,-0.9544816576600371
