context_val,seed,alpha,eps,test_lcx_prob,test_lcx_obj,valid_lcx_prob,valid_lcx_obj,time,in_val,test_avg,valid_avg
17,90,0.12,0.12,0.0,-0.3467755009499916,0.0,-0.34613041344150963,2128.2302117347717,0.2958255524791689,-0.9154591399028388,-0.761220636534357
