context_val,seed,alpha,eps,test_lcx_prob,test_lcx_obj,valid_lcx_prob,valid_lcx_obj,time,in_val,test_avg,valid_avg
6,90,0.12,0.12,0.0,-0.3651727723263161,0.0,-0.16517146434640584,710.6382014751434,0.19511879682745203,-0.8827705512863311,-0.7096652979941583
