context_val,seed,alpha,eps,test_lcx_prob,test_lcx_obj,valid_lcx_prob,valid_lcx_obj,time,in_val,test_avg,valid_avg
7,90,0.12,0.12,0.0,-0.3994016920459031,0.0,-0.36427154245756876,1851.8811988830566,0.3247337753720452,-0.7546680648154879,-0.646812978511816
