context_val,seed,alpha,eps,test_lcx_prob,test_lcx_obj,valid_lcx_prob,valid_lcx_obj,time,in_val,test_avg,valid_avg
9,90,0.12,0.12,0.0,-0.4352326225684622,0.0,-0.2859341519656652,2005.9417159557343,0.35052615159484074,-0.8061615588124597,-0.9004374417866244
