seed,rho,a_seed,eta,gamma,init_rho,valid_obj,valid_prob,test_obj,test_prob,time,valid_cover,test_cover,valid_in,test_in,avg_val
0,1,0,0.3,1,1,-0.5293229388730648,0.0,-0.5356231878342739,0.0,0.002623087,0.0,0.0,-0.6511852170357247,-0.6444252107674807,-0.8480255886281086
