seed,rho,a_seed,eta,gamma,init_rho,valid_obj,valid_prob,test_obj,test_prob,time,valid_cover,test_cover,valid_in,test_in,avg_val
20,1,20,0.3,1,1,-0.5100452904400056,0.0,-0.5108411328710163,0.0,0.002356865,0.0,0.0,-0.6283780990626072,-0.64015903608368,-0.8283481507864462
