seed,rho,a_seed,eta,gamma,init_rho,valid_obj,valid_prob,test_obj,test_prob,time,valid_cover,test_cover,valid_in,test_in,avg_val
50,1,50,0.3,1,1,-0.5383196891675687,0.0,-0.5118580223197355,0.0,0.002428516,0.0,0.0,-0.653520742502397,-0.6420186307119127,-0.8494623161985777
