seed,rho,a_seed,eta,gamma,init_rho,valid_obj,valid_prob,test_obj,test_prob,time,valid_cover,test_cover,valid_in,test_in,avg_val
60,1,60,0.3,1,1,-0.5835816466464084,0.0,-0.5719881874584296,0.0,0.002421735,0.0,0.0,-0.6716641116220333,-0.6740483349746856,-0.847659181010925
