seed,rho,a_seed,eta,gamma,init_rho,valid_obj,valid_prob,test_obj,test_prob,time,valid_cover,test_cover,valid_in,test_in,avg_val
90,1,90,0.3,1,1,-0.4044325590944231,0.005,-0.44731929742178,0.003,0.002318645,0.0,0.0,-0.6020041568670096,-0.6168176771334198,-0.8710249578887639
