seed,rho,a_seed,eta,gamma,init_rho,valid_obj,valid_prob,test_obj,test_prob,time,valid_cover,test_cover,valid_in,test_in,avg_val,valid_cvar,test_cvar
0,1,0,0.15,1,1,-0.6182352050026573,0.0,-0.6018170750115268,0.001,0.00047142,0.0,0.0,0.04122024921511878,0.04017770473769267,-0.9029754113054309,-0.4696113001935632,-0.44982808738251506
