seed,rho,a_seed,eta,gamma,init_rho,valid_obj,valid_prob,test_obj,test_prob,time,valid_cover,test_cover,valid_in,test_in,valid_avg,avg_val,valid_cvar,test_cvar
10,1,10,0.15,1,1,-0.6547937691312137,0.0,-0.6543025813859883,0.002,0.000356141,0.0,0.0,0.009677456133385859,0.009264200312519545,-0.8258198430303623,-0.8239697401686351,-0.4983043088220691,-0.49252885617877684
