seed,rho,a_seed,eta,gamma,init_rho,valid_obj,valid_prob,test_obj,test_prob,time,valid_cover,test_cover,valid_in,test_in,avg_val,valid_cvar,test_cvar
20,1,20,0.15,1,1,-0.4988347757539521,0.0,-0.5269145404439902,0.0,0.00039044,0.0,0.0,0.08000646875629534,0.08000642201711884,-0.8499907004894158,-0.33736140157707417,-0.39161058118403197
