seed,rho,a_seed,eta,gamma,init_rho,valid_obj,valid_prob,test_obj,test_prob,time,valid_cover,test_cover,valid_in,test_in,valid_avg,avg_val,valid_cvar,test_cvar
30,1,30,0.15,1,1,-0.6569734229437307,0.0,-0.6569246184625063,0.0,0.000376851,0.0,0.0,0.037917093961492634,0.03780111735457215,-0.8109897998675089,-0.8168514845636019,-0.5506030437637102,-0.5332935706833888
