seed,rho,a_seed,eta,gamma,init_rho,valid_obj,valid_prob,test_obj,test_prob,time,valid_cover,test_cover,valid_in,test_in,avg_val,valid_cvar,test_cvar
40,1,40,0.15,1,1,-0.5961163608611986,0.0025,-0.5824622598412245,0.0,0.00035728,0.0,0.0,0.021471353490722062,0.02175529622724424,-0.8739395127361029,-0.4787508407151519,-0.4612030881537943
