seed,rho,a_seed,eta,gamma,init_rho,valid_obj,valid_prob,test_obj,test_prob,time,valid_cover,test_cover,valid_in,test_in,valid_avg,avg_val,valid_cvar,test_cvar
80,1,80,0.15,1,1,-0.6359741477721831,0.0,-0.6289006867184523,0.001,0.000352641,0.0,0.0,0.022005053044243626,0.022636888686874704,-0.8249628657274124,-0.8145472400599575,-0.47839024041290873,-0.4801258054023743
