seed,rho,a_seed,eta,gamma,init_rho,valid_obj,valid_prob,test_obj,test_prob,time,valid_cover,test_cover,valid_in,test_in,valid_avg,avg_val,valid_cvar,test_cvar
10,1,10,0.3,1,1,-0.5685644895295972,0.005,-0.5571247281578058,0.005,0.000370731,0.0,0.0,0.05624430200254721,0.056244302002547104,-0.8245965869015491,-0.822449182843218,-0.38969495181076036,-0.3706156518917478
