seed,rho,a_seed,eta,gamma,init_rho,valid_obj,valid_prob,test_obj,test_prob,time,valid_cover,test_cover,valid_in,test_in,avg_val,valid_cvar,test_cvar
20,1,20,0.3,1,1,-0.48352026843771667,0.0025,-0.5319174307501189,0.0,0.000397161,0.0,0.0,0.05688087086670977,0.05688087086727676,-0.8550790530050184,-0.3268084648406412,-0.3840852403231663
