seed,rho,a_seed,eta,gamma,init_rho,valid_obj,valid_prob,test_obj,test_prob,time,valid_cover,test_cover,valid_in,test_in,valid_avg,avg_val,valid_cvar,test_cvar
60,1,60,0.3,1,1,-0.565800735264542,0.0025,-0.5476608254246962,0.001,0.000392931,0.0,0.0,0.057410180265742204,0.05741018026644808,-0.8238232077131703,-0.8183055983724015,-0.41804662980905505,-0.42464826951077966
