seed,rho,a_seed,eta,gamma,init_rho,valid_obj,valid_prob,test_obj,test_prob,time,valid_cover,test_cover,valid_in,test_in,valid_avg,avg_val,valid_cvar,test_cvar
90,1,90,0.3,1,1,-0.557512556115348,0.0,-0.5562634560390751,0.001,0.000381881,0.0,0.0,0.05184001315862373,0.051840013158636976,-0.8284569549084406,-0.8204668136607368,-0.3897830277568954,-0.4099971835369912
