seed,rho,a_seed,eta,gamma,init_rho,valid_obj,valid_prob,test_obj,test_prob,time,valid_cover,test_cover,valid_in,test_in,valid_avg,avg_val,valid_cvar,test_cvar
0,1,0,0.05,1,1,-0.6666121820903863,0.0,-0.6438803085580502,0.0,0.002361645,0.0,0.0,0.023874613818587395,0.023874613818587454,-0.8241558770506142,-0.8241069448367637,-0.6026515190425972,-0.5839453858915895
