seed,rho,a_seed,eta,gamma,init_rho,valid_obj,valid_prob,test_obj,test_prob,time,valid_cover,test_cover,valid_in,test_in,valid_avg,avg_val,valid_cvar,test_cvar
30,1,30,0.05,1,1,-0.6308330162475327,0.0,-0.6403970868258043,0.0,0.002437665,0.0,0.0,0.028095405241706582,0.02809540524170421,-0.8202538159648146,-0.8178071333433207,-0.5336701168471739,-0.5742267601812289
