seed,rho,a_seed,eta,gamma,init_rho,valid_obj,valid_prob,test_obj,test_prob,time,valid_cover,test_cover,valid_in,test_in,valid_avg,avg_val,valid_cvar,test_cvar
50,1,50,0.05,1,1,-0.6870753514268507,0.0,-0.6690362075743703,0.0,0.002122095,0.0,0.0,0.020148792280141305,0.019945478008647086,-0.8304420642991847,-0.8310969809905375,-0.6048918055164453,-0.5911575528840138
