seed,rho,a_seed,eta,gamma,init_rho,valid_obj,valid_prob,test_obj,test_prob,time,valid_cover,test_cover,valid_in,test_in,avg_val,valid_cvar,test_cvar
0,1,0,0.3,1,1,-0.5983595348201399,0.0,-0.5698029763654793,0.0,0.000418,0.0,0.0,0.05846971808356615,0.05846971808357057,-0.8820223554477059,-0.4216156067263253,-0.43617059675386205
