seed,rho,a_seed,eta,gamma,init_rho,valid_obj,valid_prob,test_obj,test_prob,time,valid_cover,test_cover,valid_in,test_in,valid_avg,avg_val,valid_cvar,test_cvar
20,1,20,0.3,1,1,-0.6487289415173485,0.0,-0.6467882458394035,0.004,0.000395311,0.0,0.0,0.025282990307669097,0.025792276739410324,-0.8412603661344186,-0.8437392264542702,-0.48205175789087673,-0.47033973720771605
