seed,rho,a_seed,eta,gamma,init_rho,valid_obj,valid_prob,test_obj,test_prob,time,valid_cover,test_cover,valid_in,test_in,valid_avg,avg_val,valid_cvar,test_cvar
30,1,30,0.3,1,1,-0.5199566841540287,0.0,-0.5459846937258139,0.001,0.000362081,0.0,0.0,0.05257104657191745,0.05257104657192863,-0.793986131327575,-0.815136424160461,-0.3950112068651005,-0.38448630737117023
