seed,rho,a_seed,eta,gamma,init_rho,valid_obj,valid_prob,test_obj,test_prob,time,valid_cover,test_cover,valid_in,test_in,avg_val,valid_cvar,test_cvar
40,1,40,0.3,1,1,-0.5462112692380067,0.0025,-0.5494477299053218,0.002,0.00037106,0.0,0.0,-0.007241284655281739,-0.007088839039983451,-0.9249764347652556,-0.37946672088639916,-0.39141798185183607
