seed,rho,a_seed,eta,gamma,init_rho,valid_obj,valid_prob,test_obj,test_prob,time,valid_cover,test_cover,valid_in,test_in,avg_val,valid_cvar,test_cvar
60,1,60,0.3,1,1,-0.5931407370095882,0.0075,-0.5582741612605966,0.005,0.00040255,0.0,0.0,0.052764414286714134,0.0527644142867152,-0.9054314194098804,-0.36607208166874283,-0.3665259667456122
