context_val,seed,alpha,eps,test_lcx_prob,test_lcx_obj,valid_lcx_prob,valid_lcx_obj,time,in_val,test_avg,valid_avg
11,0,0.08,0.08,0.0,-0.15593855964641545,0.07142857142857142,0.15532904721830926,36603.13891196251,0.4084819773536472,-0.7937543710049217,-0.7040417377832316
