context_val,seed,alpha,eps,test_lcx_prob,test_lcx_obj,valid_lcx_prob,valid_lcx_obj,time,in_val,test_avg,valid_avg
5,0,0.08,0.08,0.0,-0.49588195676771357,0.0,-0.634152957762768,43259.59827566147,0.4824562532760396,-0.8697893968676234,-0.9272869443279428
