context_val,seed,alpha,eps,test_lcx_prob,test_lcx_obj,valid_lcx_prob,valid_lcx_obj,time,in_val,test_avg,valid_avg
7,0,0.08,0.08,0.0,-0.5546924712118706,0.0,-0.4516245592206752,35652.806814193726,0.41411586398692335,-1.0030122556179706,-0.7877186972983277
