context_val,seed,alpha,eps,test_lcx_prob,test_lcx_obj,valid_lcx_prob,valid_lcx_obj,time,in_val,test_avg,valid_avg
13,10,0.08,0.08,0.0,-0.2920967085276956,0.0,-0.48508412997829914,13881.393492221832,0.5339811610953779,-0.8829738193191695,-0.8971626091776573
