context_val,seed,alpha,eps,test_lcx_prob,test_lcx_obj,valid_lcx_prob,valid_lcx_obj,time,in_val,test_avg,valid_avg
18,10,0.08,0.08,0.037037037037037035,0.23804632410266116,0.1,0.7935188411048049,13645.946356534958,0.412977715524039,-0.905731519211745,-0.6428771158452913
