context_val,seed,alpha,eps,test_lcx_prob,test_lcx_obj,valid_lcx_prob,valid_lcx_obj,time,in_val,test_avg,valid_avg
4,10,0.08,0.08,0.0,-0.3835329911431123,0.0,-0.386574330685114,45167.20776629448,0.33795004631365017,-0.8726172537260344,-0.7586237123426051
