context_val,seed,alpha,eps,test_lcx_prob,test_lcx_obj,valid_lcx_prob,valid_lcx_obj,time,in_val,test_avg,valid_avg
19,20,0.08,0.08,0.0,-0.41490326741320316,0.0,-0.3893468369563718,35829.46657586098,0.42193903960347745,-0.7679460013158493,-0.7867311475362075
