context_val,seed,alpha,eps,test_lcx_prob,test_lcx_obj,valid_lcx_prob,valid_lcx_obj,time,in_val,test_avg,valid_avg
10,20,0.08,0.08,0.0,-0.5122683508429255,0.0,-0.6246062510937381,35543.78023791313,0.48573216694968363,-0.9134650206895147,-0.8327961161005563
