context_val,seed,alpha,eps,test_lcx_prob,test_lcx_obj,valid_lcx_prob,valid_lcx_obj,time,in_val,test_avg,valid_avg
17,20,0.08,0.08,0.0,-0.5918117289536875,0.0,-0.6391116566533045,35474.806777477264,0.4165590144219811,-0.7834921275867022,-0.7947607687932147
