context_val,seed,alpha,eps,test_lcx_prob,test_lcx_obj,valid_lcx_prob,valid_lcx_obj,time,in_val,test_avg,valid_avg
2,20,0.08,0.08,0.0,-0.38169123000048777,0.0,-0.4241081167754617,42769.74218034744,0.5858347092973347,-0.8388964087141678,-0.9114457067787476
