context_val,seed,alpha,eps,test_lcx_prob,test_lcx_obj,valid_lcx_prob,valid_lcx_obj,time,in_val,test_avg,valid_avg
3,20,0.08,0.08,0.0,-0.6004535817779959,0.0,-0.6413185974565025,40822.70671415329,0.4394118998225067,-0.862579371696847,-0.8647405876552535
