context_val,seed,alpha,eps,test_lcx_prob,test_lcx_obj,valid_lcx_prob,valid_lcx_obj,time,in_val,test_avg,valid_avg
10,30,0.08,0.08,0.0,-0.4158330754892399,0.0,-0.46767836806572816,37617.424921274185,0.2825262702212524,-0.762898069031592,-0.7767704999403744
