context_val,seed,alpha,eps,test_lcx_prob,test_lcx_obj,valid_lcx_prob,valid_lcx_obj,time,in_val,test_avg,valid_avg
13,30,0.08,0.08,0.0,-0.3465881502789266,0.0,-0.5462220991755264,40701.6586561203,0.34153244715462805,-0.7681406248598415,-0.8390424036399492
