context_val,seed,alpha,eps,test_lcx_prob,test_lcx_obj,valid_lcx_prob,valid_lcx_obj,time,in_val,test_avg,valid_avg
15,30,0.08,0.08,0.0,-0.3869508478721673,0.0,-0.48717399293442365,35287.15013384819,0.3403073851750668,-0.7293989287946921,-0.7645424469095641
