context_val,seed,alpha,eps,test_lcx_prob,test_lcx_obj,valid_lcx_prob,valid_lcx_obj,time,in_val,test_avg,valid_avg
18,30,0.08,0.08,0.0,-0.3691043735440767,0.0,-0.1654007966524138,33670.528894901276,0.3824429426249234,-0.7687273500678218,-0.6608606576328705
