context_val,seed,alpha,eps,test_lcx_prob,test_lcx_obj,valid_lcx_prob,valid_lcx_obj,time,in_val,test_avg,valid_avg
7,30,0.08,0.08,0.0,-0.24705157099129385,0.0,-0.7042632277328805,35619.10715532303,0.4233640529599213,-0.7668713546755945,-0.9237137251855195
