context_val,seed,alpha,eps,test_lcx_prob,test_lcx_obj,valid_lcx_prob,valid_lcx_obj,time,in_val,test_avg,valid_avg
0,40,0.08,0.08,0.0,-0.450944772146672,0.0,-0.39597257785415535,52082.852194070816,0.42604929772214617,-0.8743287875180932,-0.8249118201342516
