context_val,seed,alpha,eps,test_lcx_prob,test_lcx_obj,valid_lcx_prob,valid_lcx_obj,time,in_val,test_avg,valid_avg
12,40,0.08,0.08,0.0,-0.4558587551625826,0.0,0.413921070775481,42354.9122838974,0.4207430650776997,-0.8135128459327197,-0.7954913678953026
