context_val,seed,alpha,eps,test_lcx_prob,test_lcx_obj,valid_lcx_prob,valid_lcx_obj,time,in_val,test_avg,valid_avg
3,40,0.08,0.08,0.0,-0.5081717072980908,0.0,-0.40800512248658816,41896.70420265198,0.4254416999177141,-0.9454161295485679,-0.8215122821667459
