context_val,seed,alpha,eps,test_lcx_prob,test_lcx_obj,valid_lcx_prob,valid_lcx_obj,time,in_val,test_avg,valid_avg
12,50,0.08,0.08,0.0,-0.5901687397961123,0.0,-0.7516776011869042,40724.78589439392,0.4016020212933269,-0.919003266680589,-0.9218077098795968
