context_val,seed,alpha,eps,test_lcx_prob,test_lcx_obj,valid_lcx_prob,valid_lcx_obj,time,in_val,test_avg,valid_avg
4,50,0.08,0.08,0.0,-0.4750959090556272,0.0,-0.6138861728292462,46151.2033469677,0.41464854152669683,-0.8378832798607214,-0.9287019633919557
