context_val,seed,alpha,eps,test_lcx_prob,test_lcx_obj,valid_lcx_prob,valid_lcx_obj,time,in_val,test_avg,valid_avg
7,50,0.08,0.08,0.0,-0.3822510309364621,0.0,-0.47841520108437063,34538.631271362305,0.43816304175264215,-0.8740247004855127,-0.8941966854381234
