context_val,seed,alpha,eps,test_lcx_prob,test_lcx_obj,valid_lcx_prob,valid_lcx_obj,time,in_val,test_avg,valid_avg
0,60,0.08,0.08,0.0,-0.4814760765223951,0.0,-0.5345302486911534,49855.008818387985,0.34862649818969393,-0.7974739660030893,-0.746484270664834
