context_val,seed,alpha,eps,test_lcx_prob,test_lcx_obj,valid_lcx_prob,valid_lcx_obj,time,in_val,test_avg,valid_avg
15,60,0.08,0.08,0.0,-0.2365259299026501,0.0,-0.3188168562061424,34715.21707868576,0.36163746810404357,-0.7587737544207905,-0.7060890585176294
