context_val,seed,alpha,eps,test_lcx_prob,test_lcx_obj,valid_lcx_prob,valid_lcx_obj,time,in_val,test_avg,valid_avg
19,60,0.08,0.08,0.0,-0.2730973888398947,0.1111111111111111,1.7946581696210198,33851.672716379166,0.46348477462243126,-0.8689641869255971,-0.5166245459012985
