context_val,seed,alpha,eps,test_lcx_prob,test_lcx_obj,valid_lcx_prob,valid_lcx_obj,time,in_val,test_avg,valid_avg
7,60,0.08,0.08,0.0,-0.3516772578452119,0.0,-0.6261951164479056,35283.46010565758,0.3895496555864542,-0.8001064790795349,-0.8679081257666247
