context_val,seed,alpha,eps,test_lcx_prob,test_lcx_obj,valid_lcx_prob,valid_lcx_obj,time,in_val,test_avg,valid_avg
19,70,0.08,0.08,0.0,-0.10516275944639347,0.0,-0.23018293888442395,33170.54051947594,0.4284883167293177,-0.7751655440453863,-0.7107092766220187
