context_val,seed,alpha,eps,test_lcx_prob,test_lcx_obj,valid_lcx_prob,valid_lcx_obj,time,in_val,test_avg,valid_avg
14,70,0.08,0.08,0.0,-0.4094524648989211,0.0,-0.7569533209373193,35698.05032658577,0.37186635022694453,-0.8113006131826915,-0.9305238789414352
