context_val,seed,alpha,eps,test_lcx_prob,test_lcx_obj,valid_lcx_prob,valid_lcx_obj,time,in_val,test_avg,valid_avg
6,70,0.08,0.08,0.0,-0.2904553856442624,0.0,-0.08780746923648759,30242.290915966034,0.380339532980141,-0.775650184911449,-0.664544519704116
