context_val,seed,alpha,eps,test_lcx_prob,test_lcx_obj,valid_lcx_prob,valid_lcx_obj,time,in_val,test_avg,valid_avg
7,70,0.08,0.08,0.0,-0.21578593626726336,0.0,-0.6573335204388522,34668.775326013565,0.4438328663777489,-0.8117582400594269,-0.9252115201250609
