context_val,seed,alpha,eps,test_lcx_prob,test_lcx_obj,valid_lcx_prob,valid_lcx_obj,time,in_val,test_avg,valid_avg
14,80,0.08,0.08,0.0,-0.3086063942059904,0.0,-0.5683148444069556,34689.05792593956,0.4327733747999498,-0.7860242110680405,-0.9057314433330245
