context_val,seed,alpha,eps,test_lcx_prob,test_lcx_obj,valid_lcx_prob,valid_lcx_obj,time,in_val,test_avg,valid_avg
19,80,0.08,0.08,0.0,-0.3452000863810145,0.0,-0.3709925584347365,29061.898478746414,0.360869826043955,-0.7715689360990649,-0.8411715062260214
