context_val,seed,alpha,eps,test_lcx_prob,test_lcx_obj,valid_lcx_prob,valid_lcx_obj,time,in_val,test_avg,valid_avg
4,80,0.08,0.08,0.0,-0.4513336604516726,0.0,-0.6656357546597587,45242.24039196968,0.2900693909068238,-0.78852476867804,-0.8566232169122494
