context_val,seed,alpha,eps,test_lcx_prob,test_lcx_obj,valid_lcx_prob,valid_lcx_obj,time,in_val,test_avg,valid_avg
5,80,0.08,0.08,0.0,-0.5459762754353031,0.0,0.11903230316737716,42569.15255737305,0.3923468658968833,-0.9362931070541218,-0.8907276210174437
