context_val,seed,alpha,eps,test_lcx_prob,test_lcx_obj,valid_lcx_prob,valid_lcx_obj,time,in_val,test_avg,valid_avg
6,80,0.08,0.08,0.0,-0.4236665281529494,0.0,-0.6819377237530388,28655.503600120544,0.4393787205351473,-0.8505099160785092,-0.9417558256761468
