context_val,seed,alpha,eps,test_lcx_prob,test_lcx_obj,valid_lcx_prob,valid_lcx_obj,time,in_val,test_avg,valid_avg
7,80,0.08,0.08,0.0,-0.3537236640545471,0.0,-0.5477595930024894,34675.37251520157,0.44229899367035524,-0.8524240659286327,-1.0960746955942184
