context_val,seed,alpha,eps,test_lcx_prob,test_lcx_obj,valid_lcx_prob,valid_lcx_obj,time,in_val,test_avg,valid_avg
17,90,0.08,0.08,0.0,-0.21203212340785385,0.0,-0.6087200383320479,35488.28164124489,0.3645521734649586,-0.8281968971253436,-0.9395742382109832
