context_val,seed,alpha,eps,test_lcx_prob,test_lcx_obj,valid_lcx_prob,valid_lcx_obj,time,in_val,test_avg,valid_avg
18,90,0.08,0.08,0.0,-0.5443783258766115,0.0,-0.7327401579139173,34374.23275065422,0.377878353293164,-0.8239955856834693,-0.8985063242593704
