context_val,seed,alpha,eps,test_lcx_prob,test_lcx_obj,valid_lcx_prob,valid_lcx_obj,time,in_val,test_avg,valid_avg
3,90,0.08,0.08,0.0,-0.6029710507392453,0.0,-0.4129521639292303,41682.60083317757,0.39705245866881134,-0.8853556349744732,-0.7969470941220149
