context_val,seed,alpha,eps,test_lcx_prob,test_lcx_obj,valid_lcx_prob,valid_lcx_obj,time,in_val,test_avg,valid_avg
5,90,0.08,0.08,0.0,-0.5689497700973624,0.0,-0.7497118850761157,44423.97775030136,0.4007617637555511,-0.8677296345660803,-0.8884759216272995
