context_val,seed,alpha,eps,test_lcx_prob,test_lcx_obj,valid_lcx_prob,valid_lcx_obj,time,in_val,test_avg,valid_avg
7,90,0.08,0.08,0.0,-0.307850604069209,0.0,-0.5077579844437374,35245.31745958328,0.2860005904807293,-0.7558375555661725,-0.7938339102073092
