context_val,seed,alpha,eps,test_lcx_prob,test_lcx_obj,valid_lcx_prob,valid_lcx_obj,time,in_val,test_avg,valid_avg
9,90,0.08,0.08,0.0,-0.33903115562033465,0.0,-0.6663848430031187,34732.809750795364,0.267906657623396,-0.8627920791710417,-1.0017904355801444
