seed,rho,a_seed,eta,gamma,init_rho,valid_obj,valid_prob,test_obj,test_prob,time,valid_cover,test_cover,valid_in,test_in,valid_avg,avg_val,valid_cvar,test_cvar
30,1,30,0.1,1,1,-0.5210464603747613,0.0,-0.569736939680808,0.002,0.000398921,0.0,0.0,0.05015600753944125,0.05015600753945519,-0.7934505688033235,-0.8122752660997744,-0.392649985476189,-0.3805099930384791
