seed,rho,a_seed,eta,gamma,init_rho,valid_obj,valid_prob,test_obj,test_prob,time,valid_cover,test_cover,valid_in,test_in,avg_val,valid_cvar,test_cvar
70,1,70,0.1,1,1,-0.5350405674091405,0.005,-0.5065987712044596,0.001,0.000364271,0.0,0.0,0.07307331042281288,0.07307331042285094,-0.8266858131481777,-0.3653504510064367,-0.3561379304556956
