seed,rho,a_seed,eta,gamma,init_rho,valid_obj,valid_prob,test_obj,test_prob,time,valid_cover,test_cover,valid_in,test_in,valid_avg,avg_val,valid_cvar,test_cvar
30,1,30,0.1,1,1,-0.6689111649500658,0.0,-0.6919063161924905,0.0,0.002199237,0.0,0.0,0.005503859441933171,0.006014646952684659,-0.8454167090655546,-0.8547188772811286,-0.5849612328505369,-0.6160664362976711
