seed,rho,a_seed,eta,gamma,init_rho,valid_obj,valid_prob,test_obj,test_prob,time,valid_cover,test_cover,valid_in,test_in,valid_avg,avg_val,valid_cvar,test_cvar
70,1,70,0.1,1,1,-0.6942975224819732,0.0,-0.7050216796041955,0.0,0.002153207,0.0,0.0,0.01648502592688974,0.015932616363051263,-0.8511297234067495,-0.8541883908371196,-0.6368691418646542,-0.6341691255921206
