seed,rho,a_seed,eta,gamma,init_rho,valid_obj,valid_prob,test_obj,test_prob,time,valid_cover,test_cover,valid_in,test_in,valid_avg,avg_val,valid_cvar,test_cvar
60,1,60,0.3,1,1,-0.6369639184995743,0.0,-0.6600911555408399,0.0,0.002359806,0.0,0.0,0.021943029693981212,0.021943029693981004,-0.8365604955786611,-0.8422145738577614,-0.5685878465920426,-0.5795003063486215
