outer_iter,context_val,seed,alpha,eps,test_lcx_prob,test_lcx_obj,valid_lcx_prob,valid_lcx_obj,time,in_val,test_avg,valid_avg
23,0,0,0.1,0.1,0.0,-0.1766371669384154,0.0,-0.5209971172088815,8041.855072021484,0.3964900628486234,-0.824614558949146,-0.9468388999359904
