outer_iter,context_val,seed,alpha,eps,test_lcx_prob,test_lcx_obj,valid_lcx_prob,valid_lcx_obj,time,in_val,test_avg,valid_avg
27,10,0,0.1,0.1,0.0,-0.395023065255342,0.0,-0.14601261012484912,8882.5076110363,0.32284619766795786,-0.8243366263558761,-0.7737765232618864
