outer_iter,context_val,seed,alpha,eps,test_lcx_prob,test_lcx_obj,valid_lcx_prob,valid_lcx_obj,time,in_val,test_avg,valid_avg
15,11,0,0.1,0.1,0.0,-0.2384603329850674,0.0,-0.414168502115621,4678.260258674622,-0.0339813080351963,-0.8834798732261626,-0.909289099491739
