outer_iter,context_val,seed,alpha,eps,test_lcx_prob,test_lcx_obj,valid_lcx_prob,valid_lcx_obj,time,in_val,test_avg,valid_avg,test_lcx_cvar,valid_lcx_cvar
23,14,0,0.1,0.1,0.0,-0.6299902831542069,0.0,-0.3171602207134635,8674.18519115448,0.25100382525786574,-0.8750783780870204,-0.8497074787263763,-0.42076402381736605,-0.3171602207134635
