outer_iter,context_val,seed,alpha,eps,test_lcx_prob,test_lcx_obj,valid_lcx_prob,valid_lcx_obj,time,in_val,test_avg,valid_avg
26,1,0,0.1,0.1,0.0,-0.40043906109932864,0.0,-0.4017987391535471,9215.392478942871,0.39778102905130286,-0.8107906773692432,-0.8461499946767248
