outer_iter,context_val,seed,alpha,eps,test_lcx_prob,test_lcx_obj,valid_lcx_prob,valid_lcx_obj,time,in_val,test_avg,valid_avg
35,3,0,0.1,0.1,0.0,-0.41535970543795525,0.0,-0.6001972313248677,10709.34831738472,0.42059157650148316,-0.803646934949738,-0.9352368463904608
