outer_iter,context_val,seed,alpha,eps,test_lcx_prob,test_lcx_obj,valid_lcx_prob,valid_lcx_obj,time,in_val,test_avg,valid_avg
28,19,10,0.1,0.1,0.0,-0.5992794768838631,0.0,-0.6961716834555416,6149.925887346268,0.17907349110141302,-0.8229030259552194,-0.9152452020260302
