outer_iter,context_val,seed,alpha,eps,test_lcx_prob,test_lcx_obj,valid_lcx_prob,valid_lcx_obj,time,in_val,test_avg,valid_avg
26,4,10,0.1,0.1,0.0,-0.5607808039118781,0.0,-0.4670048787885462,8404.814697265625,0.4256611217870382,-1.0538478287381599,-0.7957854462091073
