outer_iter,context_val,seed,alpha,eps,test_lcx_prob,test_lcx_obj,valid_lcx_prob,valid_lcx_obj,time,in_val,test_avg,valid_avg
19,9,10,0.1,0.1,0.0,-0.3361607380086484,0.0,-0.3269999227345409,5581.308599472046,0.3339661252353138,-0.7807720139033794,-0.8860141755919845
