outer_iter,context_val,seed,alpha,eps,test_lcx_prob,test_lcx_obj,valid_lcx_prob,valid_lcx_obj,time,in_val,test_avg,valid_avg
32,11,20,0.1,0.1,0.0,-0.29915633124816,0.0,-0.6495451187062727,5306.025059700012,0.0745288846372094,-0.7822087701438782,-0.8318017092673861
