outer_iter,context_val,seed,alpha,eps,test_lcx_prob,test_lcx_obj,valid_lcx_prob,valid_lcx_obj,time,in_val,test_avg,valid_avg
24,9,20,0.1,0.1,0.0,-0.10484316564432498,0.0,-0.09075817930628823,5670.280236959457,0.39887398997679036,-0.7574519857232673,-0.783680629290431
