outer_iter,context_val,seed,alpha,eps,test_lcx_prob,test_lcx_obj,valid_lcx_prob,valid_lcx_obj,time,in_val,test_avg,valid_avg,test_lcx_cvar,valid_lcx_cvar
25,16,30,0.1,0.1,0.0,-0.5313939178102417,0.0,-0.5596960313342899,6977.825587272644,0.2984053561283887,-0.8025222615815303,-0.8074184191002907,-0.3472843042990563,-0.5596960313342899
