outer_iter,context_val,seed,alpha,eps,test_lcx_prob,test_lcx_obj,valid_lcx_prob,valid_lcx_obj,time,in_val,test_avg,valid_avg,test_lcx_cvar,valid_lcx_cvar
11,12,30,0.1,0.1,0.03571428571428571,-0.08490395171669128,0.0,-0.6206045446205681,5480.101967573166,0.32344559130622114,-0.7591935168501877,-0.8892524049693928,0.16528346281694634,-0.6206045446205681
