outer_iter,context_val,seed,alpha,eps,test_lcx_prob,test_lcx_obj,valid_lcx_prob,valid_lcx_obj,time,in_val,test_avg,valid_avg
34,2,30,0.1,0.1,0.0,-0.41542043795596184,0.0,-0.5389691372219119,9139.367876768112,0.43289166030637155,-0.8130199230451969,-0.7577878592395336
