outer_iter,context_val,seed,alpha,eps,test_lcx_prob,test_lcx_obj,valid_lcx_prob,valid_lcx_obj,time,in_val,test_avg,valid_avg
22,3,30,0.1,0.1,0.0,-0.3562683401375118,0.0,0.11290913087176976,7190.923302412033,0.43183635646095764,-0.7586511424541608,-0.6861882016717892
