outer_iter,context_val,seed,alpha,eps,test_lcx_prob,test_lcx_obj,valid_lcx_prob,valid_lcx_obj,time,in_val,test_avg,valid_avg,test_lcx_cvar,valid_lcx_cvar
21,5,30,0.1,0.1,0.0,-0.33350548252934537,0.0,-0.4065656341485283,7236.55322933197,0.2916343730058715,-0.6821847279185137,-0.7368367488513571,-0.31340652114612805,-0.4065656341485283
