outer_iter,context_val,seed,alpha,eps,test_lcx_prob,test_lcx_obj,valid_lcx_prob,valid_lcx_obj,time,in_val,test_avg,valid_avg,test_lcx_cvar,valid_lcx_cvar
32,7,30,0.1,0.1,0.0,-0.2725310879149658,0.0,-0.24062732479071702,8096.139275074005,0.14201606591531957,-0.764119899191077,-0.7081776304313744,-0.20927987711820129,-0.24062732479071702
