outer_iter,context_val,seed,alpha,eps,test_lcx_prob,test_lcx_obj,valid_lcx_prob,valid_lcx_obj,time,in_val,test_avg,valid_avg,test_lcx_cvar,valid_lcx_cvar
24,9,30,0.1,0.1,0.0,-0.5431101642698475,0.09090909090909091,0.037847070758932864,6688.686536073685,0.22820777778196225,-0.7921469440836971,-0.8293283547725242,-0.40773963980571803,0.14288005647841187
