outer_iter,context_val,seed,alpha,eps,test_lcx_prob,test_lcx_obj,valid_lcx_prob,valid_lcx_obj,time,in_val,test_avg,valid_avg,test_lcx_cvar,valid_lcx_cvar
28,0,40,0.1,0.1,0.0,-0.5914022505322186,0.0,-0.43036623971795557,8311.887919664383,0.316935715049461,-0.838990219127787,-0.8302222039484743,-0.5256965031364016,-0.41660362576557697
