outer_iter,context_val,seed,alpha,eps,test_lcx_prob,test_lcx_obj,valid_lcx_prob,valid_lcx_obj,time,in_val,test_avg,valid_avg
28,0,40,0.1,0.1,0.0,-0.5256965031364016,0.0,-0.41660362576557697,8273.422154903412,0.316935715049461,-0.838990219127787,-0.8302222039484743
