outer_iter,context_val,seed,alpha,eps,test_lcx_prob,test_lcx_obj,valid_lcx_prob,valid_lcx_obj,time,in_val,test_avg,valid_avg,test_lcx_cvar,valid_lcx_cvar
20,16,40,0.1,0.1,0.0,-0.16625503327228464,0.0,-0.3854237602167913,5662.638949871063,0.359371916132457,-0.7946270180674321,-0.719845823156885,-0.13191737514983437,-0.3854237602167913
