outer_iter,context_val,seed,alpha,eps,test_lcx_prob,test_lcx_obj,valid_lcx_prob,valid_lcx_obj,time,in_val,test_avg,valid_avg,test_lcx_cvar,valid_lcx_cvar
17,19,40,0.1,0.1,0.0,-0.04948224387947692,0.0,-0.4888085895602886,5645.792019128799,0.3382655172087299,-0.7777290443020687,-0.8366780402178458,-0.029680380371137835,-0.4888085895602886
