outer_iter,context_val,seed,alpha,eps,test_lcx_prob,test_lcx_obj,valid_lcx_prob,valid_lcx_obj,time,in_val,test_avg,valid_avg
23,14,40,0.1,0.1,0.0,-0.17654633875125825,0.0,-0.1294829583059471,8266.029285669327,0.26058637933983736,-0.7277494657278989,-0.7574607564108962
