outer_iter,context_val,seed,alpha,eps,test_lcx_prob,test_lcx_obj,valid_lcx_prob,valid_lcx_obj,time,in_val,test_avg,valid_avg,test_lcx_cvar,valid_lcx_cvar
13,18,40,0.1,0.1,0.0,-0.13480092604509314,0.1,0.27497791094384977,5138.699719429016,0.21449492883210303,-0.8272602645036338,-0.7425623047984125,-0.05947020452136923,0.27497791094384977
