outer_iter,context_val,seed,alpha,eps,test_lcx_prob,test_lcx_obj,valid_lcx_prob,valid_lcx_obj,time,in_val,test_avg,valid_avg,test_lcx_cvar,valid_lcx_cvar
24,2,40,0.1,0.1,0.0,-0.6250522503431095,0.0,-0.44312816546721434,8387.242464065552,0.4549175793353844,-0.8451818891140355,-0.8622176817872413,-0.21939171286048678,-0.44312816546721434
