outer_iter,context_val,seed,alpha,eps,test_lcx_prob,test_lcx_obj,valid_lcx_prob,valid_lcx_obj,time,in_val,test_avg,valid_avg
25,7,40,0.1,0.1,0.0,-0.18321977454736416,0.0,-0.6559139738837775,7240.817249536514,0.2485255844846153,-0.6947756461110751,-0.9212082498768668
