outer_iter,context_val,seed,alpha,eps,test_lcx_prob,test_lcx_obj,valid_lcx_prob,valid_lcx_obj,time,in_val,test_avg,valid_avg,test_lcx_cvar,valid_lcx_cvar
31,8,40,0.1,0.1,0.0,-0.43246537729346624,0.0,-0.5167922797624367,9097.72222828865,0.26214619038789155,-0.759684969495999,-0.738745350499155,-0.2739467401074145,-0.5167922797624367
