outer_iter,context_val,seed,alpha,eps,test_lcx_prob,test_lcx_obj,valid_lcx_prob,valid_lcx_obj,time,in_val,test_avg,valid_avg,test_lcx_cvar,valid_lcx_cvar
9,11,50,0.1,0.1,0.0,-0.23755896922827133,0.07142857142857142,-0.11803244612696623,4255.4207808971405,0.26508469338833324,-0.9052455951655738,-0.801575185711951,-0.12541790757694546,0.10222136555414466
