outer_iter,context_val,seed,alpha,eps,test_lcx_prob,test_lcx_obj,valid_lcx_prob,valid_lcx_obj,time,in_val,test_avg,valid_avg,test_lcx_cvar,valid_lcx_cvar
31,16,50,0.1,0.1,0.037037037037037035,-0.4225893483696478,0.0,-0.5965430468578593,6990.55472111702,0.22884940715663002,-0.842870834041934,-0.9589516902888369,-0.049378874803314744,-0.5965430468578593
