outer_iter,context_val,seed,alpha,eps,test_lcx_prob,test_lcx_obj,valid_lcx_prob,valid_lcx_obj,time,in_val,test_avg,valid_avg
16,6,50,0.1,0.1,0.06451612903225806,0.04120325252328777,0.0,-0.46508920578478186,4333.605926275253,0.011415071234250077,-0.7753526613072154,-0.9137343648901051
