outer_iter,context_val,seed,alpha,eps,test_lcx_prob,test_lcx_obj,valid_lcx_prob,valid_lcx_obj,time,in_val,test_avg,valid_avg,test_lcx_cvar,valid_lcx_cvar
9,11,60,0.1,0.1,0.20689655172413793,0.757779128201066,0.0,-0.264146045801485,4302.106590747833,0.14452502628455038,-0.5666527377486488,-0.7576133547401882,0.9175290865629222,-0.1555400038765499
