outer_iter,context_val,seed,alpha,eps,test_lcx_prob,test_lcx_obj,valid_lcx_prob,valid_lcx_obj,time,in_val,test_avg,valid_avg,test_lcx_cvar,valid_lcx_cvar
26,19,60,0.1,0.1,0.03571428571428571,0.004565280420393947,0.0,-0.20024861792670076,6964.967714071274,0.29754458261729033,-0.7590890711426651,-0.802898602857666,0.35897222981318183,-0.20024861792670076
