outer_iter,context_val,seed,alpha,eps,test_lcx_prob,test_lcx_obj,valid_lcx_prob,valid_lcx_obj,time,in_val,test_avg,valid_avg
18,13,60,0.1,0.1,0.0,-0.37631616611997626,0.0,-0.32388978615938235,6705.253206014633,0.3534411359580858,-0.758425276880696,-0.7897276521184924
