outer_iter,context_val,seed,alpha,eps,test_lcx_prob,test_lcx_obj,valid_lcx_prob,valid_lcx_obj,time,in_val,test_avg,valid_avg,test_lcx_cvar,valid_lcx_cvar
28,18,60,0.1,0.1,0.0,-0.5826775313637877,0.0,-0.2628927998092972,6573.669659137726,0.2784512746704127,-0.9791957124902514,-0.7605953920770864,-0.4990242022398239,-0.2628927998092972
