outer_iter,context_val,seed,alpha,eps,test_lcx_prob,test_lcx_obj,valid_lcx_prob,valid_lcx_obj,time,in_val,test_avg,valid_avg
22,2,60,0.1,0.1,0.0,-0.23214000843190208,0.0,0.25925000783813446,7839.487770080566,0.3928679886584322,-0.8172568907076326,-0.6683380004252484
