outer_iter,context_val,seed,alpha,eps,test_lcx_prob,test_lcx_obj,valid_lcx_prob,valid_lcx_obj,time,in_val,test_avg,valid_avg,test_lcx_cvar,valid_lcx_cvar
27,3,60,0.1,0.1,0.0,-0.3110864707905233,0.0,-0.1860821598104106,7630.778716087341,0.4456883491607418,-0.7584973674637729,-0.6848035293132433,-0.27133138433412896,-0.0888728237954141
