outer_iter,context_val,seed,alpha,eps,test_lcx_prob,test_lcx_obj,valid_lcx_prob,valid_lcx_obj,time,in_val,test_avg,valid_avg
16,6,60,0.1,0.1,0.0,-0.35729082991339817,0.0,-0.19826997131626772,4657.521216869354,0.30034324749327485,-0.859805169715259,-0.7284547900978606
