outer_iter,context_val,seed,alpha,eps,test_lcx_prob,test_lcx_obj,valid_lcx_prob,valid_lcx_obj,time,in_val,test_avg,valid_avg
24,0,70,0.1,0.1,0.0,-0.4527344131436307,0.0,-0.04476872590897273,7515.652822494507,0.41373757797564387,-0.8097097033346824,-0.6269163063891251
