outer_iter,context_val,seed,alpha,eps,test_lcx_prob,test_lcx_obj,valid_lcx_prob,valid_lcx_obj,time,in_val,test_avg,valid_avg,test_lcx_cvar,valid_lcx_cvar
30,14,70,0.1,0.1,0.0,-0.5148587963171314,0.0,-0.622090924474631,9903.095021009445,0.4547458233959095,-0.8389365768653047,-0.9639599052330826,-0.32900621661931057,-0.622090924474631
