outer_iter,context_val,seed,alpha,eps,test_lcx_prob,test_lcx_obj,valid_lcx_prob,valid_lcx_obj,time,in_val,test_avg,valid_avg,test_lcx_cvar,valid_lcx_cvar
17,2,70,0.1,0.1,0.038461538461538464,-0.44453876793541935,0.0,-0.414594561583293,6695.395193338394,0.4057740970142576,-0.7940793615329103,-0.7874924558796214,-0.12290279017094013,-0.414594561583293
