outer_iter,context_val,seed,alpha,eps,test_lcx_prob,test_lcx_obj,valid_lcx_prob,valid_lcx_obj,time,in_val,test_avg,valid_avg
22,3,70,0.1,0.1,0.0,-0.41462876148285366,0.0,-0.16941784722139916,7157.4150977134705,0.35245053676564736,-0.8518090781293118,-0.7134522174215477
