outer_iter,context_val,seed,alpha,eps,test_lcx_prob,test_lcx_obj,valid_lcx_prob,valid_lcx_obj,time,in_val,test_avg,valid_avg,test_lcx_cvar,valid_lcx_cvar
22,6,70,0.1,0.1,0.16129032258064516,-0.3363599632857245,0.16666666666666666,-0.13102189001811565,9015.831799268723,-0.38095971934908307,-0.8535786513534002,-0.71248030734488,-0.18360049837842637,-0.03150867768697427
