outer_iter,context_val,seed,alpha,eps,test_lcx_prob,test_lcx_obj,valid_lcx_prob,valid_lcx_obj,time,in_val,test_avg,valid_avg,test_lcx_cvar,valid_lcx_cvar
30,9,70,0.1,0.1,0.0,-0.189743514763566,0.09090909090909091,-0.5401890446128571,7184.614665985107,0.25782247103752853,-0.8190269618691304,-0.7293647484643688,-0.13134879088139625,-0.10087787379071714
