outer_iter,context_val,seed,alpha,eps,test_lcx_prob,test_lcx_obj,valid_lcx_prob,valid_lcx_obj,time,in_val,test_avg,valid_avg,test_lcx_cvar,valid_lcx_cvar
30,19,80,0.1,0.1,0.0,-0.4569787928316078,0.0,-0.017208149877988854,7384.565410614014,0.27538373792806164,-0.7748340393625891,-0.7182216990348179,-0.28997944652826985,-0.017208149877988854
