outer_iter,context_val,seed,alpha,eps,test_lcx_prob,test_lcx_obj,valid_lcx_prob,valid_lcx_obj,time,in_val,test_avg,valid_avg
23,12,90,0.1,0.1,0.0,-0.3332484391674752,0.0,0.21849485842945296,7567.228067874908,0.3418108514091383,-0.7757304282614313,-0.6500995950354135
