outer_iter,context_val,seed,alpha,eps,test_lcx_prob,test_lcx_obj,valid_lcx_prob,valid_lcx_obj,time,in_val,test_avg,valid_avg,test_lcx_cvar,valid_lcx_cvar
29,1,90,0.1,0.1,0.0,-0.3082461875878308,0.0,-0.6371173005194986,8606.941433906555,0.4592828057462636,-0.9526553610045099,-0.9009168004114134,-0.28149764615524064,-0.49913593581610316
