outer_iter,context_val,seed,alpha,eps,test_lcx_prob,test_lcx_obj,valid_lcx_prob,valid_lcx_obj,time,in_val,test_avg,valid_avg
39,19,90,0.1,0.1,0.0,-0.39157806386082167,0.0,-0.24526342369381482,7298.723918914795,0.2289494841435796,-0.7878910867901862,-0.825900047293239
