outer_iter,context_val,seed,alpha,eps,test_lcx_prob,test_lcx_obj,valid_lcx_prob,valid_lcx_obj,time,in_val,test_avg,valid_avg
10,14,90,0.1,0.1,0.0,-0.20659356489588485,0.125,0.8241712380704734,7088.10739159584,0.2804900194371096,-0.8580740973826222,-0.7344145306821261
