outer_iter,context_val,seed,alpha,eps,test_lcx_prob,test_lcx_obj,valid_lcx_prob,valid_lcx_obj,time,in_val,test_avg,valid_avg
20,3,90,0.1,0.1,0.0,-0.3474492194063347,0.0,-0.26119888447242623,6985.778966188431,0.23298717921830864,-0.7355039235473503,-0.6811399291092907
