outer_iter,context_val,seed,alpha,eps,test_lcx_prob,test_lcx_obj,valid_lcx_prob,valid_lcx_obj,time,in_val,test_avg,valid_avg,test_lcx_cvar,valid_lcx_cvar
20,3,90,0.1,0.1,0.0,-0.5549544326563493,0.0,-0.5236956862068092,6775.513569355011,0.23298717921830864,-0.7355039235473503,-0.6811399291092907,-0.3474492194063347,-0.26119888447242623
