outer_iter,context_val,seed,alpha,eps,test_lcx_prob,test_lcx_obj,valid_lcx_prob,valid_lcx_obj,time,in_val,test_avg,valid_avg,test_lcx_cvar,valid_lcx_cvar
31,4,90,0.1,0.1,0.0,-0.6335007427192325,0.0,-0.5391931237979591,9804.925194263458,0.3482439247124111,-1.0133915246409766,-0.9664000444741693,-0.560676994182894,-0.2369360842073531
