outer_iter,context_val,seed,alpha,eps,test_lcx_prob,test_lcx_obj,valid_lcx_prob,valid_lcx_obj,time,in_val,test_avg,valid_avg,test_lcx_cvar,valid_lcx_cvar
7,6,90,0.1,0.1,0.03225806451612903,-0.316395593412635,0.0,-0.23395478462696137,8891.676623821259,0.5776578736736813,-0.9362512823915775,-0.9819868524254615,0.17198982378865102,0.08853357978282834
