seed,rho,a_seed,eta,gamma,init_rho,valid_obj,valid_prob,test_obj,test_prob,time,valid_cover,test_cover,valid_in,test_in,avg_val
20,1,20,0.2,1,1,-0.5469581723641687,0.0,-0.5825870120702237,0.0,0.002596758,0.0,0.0,-0.6163149560600978,-0.642772203823013,-0.8360638541554694
