seed,rho,a_seed,eta,gamma,init_rho,valid_obj,valid_prob,test_obj,test_prob,time,valid_cover,test_cover,valid_in,test_in,avg_val
40,1,40,0.2,1,1,-0.5033378505292356,0.0,-0.5215190905436149,0.002,0.002464346,0.0,0.0,-0.5940902468590058,-0.6010802356223148,-0.8418889041676084
