seed,a_seed,nonrob_prob,nonrob_obj,scenario_probs,scenario_obj
30,30,0.6141843437064376,-0.8300964497441014,0.14682628706403383,-0.7952713498604705
