seed,a_seed,nonrob_prob,nonrob_obj,scenario_probs,scenario_obj
40,40,0.5629876720409004,-0.878997212498747,0.16141005682854778,-0.8055746207471366
