seed,a_seed,nonrob_prob,nonrob_obj,scenario_probs,scenario_obj
60,60,0.5624240548530067,-0.9242288705632908,0.19905125421368655,-0.801090978418995
