seed,a_seed,nonrob_prob,nonrob_obj,scenario_probs,scenario_obj
70,70,0.6023779071799265,-0.8756979133228017,0.13623916127509483,-0.8059572535421898
