seed,rho,a_seed,eta,gamma,init_rho,valid_obj,valid_prob,test_obj,test_prob,time,valid_cover,test_cover,valid_in,test_in,avg_val
10,1,10,0.1,1,1,-0.5750751948796204,0.0,-0.5847408556280435,0.0,0.002403655,0.0,0.0,-0.5750751948796204,-0.5847408556280435,-0.8395009916503924
