seed,rho,a_seed,eta,gamma,init_rho,valid_obj,valid_prob,test_obj,test_prob,time,valid_cover,test_cover,valid_in,test_in,avg_val
40,1,40,0.1,1,1,-0.5411765390425386,0.0,-0.5071126212286544,0.0,0.002346295,0.0,0.0,-0.5411765390425386,-0.5071126212286544,-0.8385949449735657
