seed,rho,a_seed,eta,gamma,init_rho,valid_obj,valid_prob,test_obj,test_prob,time,valid_cover,test_cover,valid_in,test_in,avg_val
50,1,50,0.1,1,1,-0.5257583131891906,0.0,-0.530913166207168,0.0,0.002181944,0.0,0.0,-0.5257583131891906,-0.530913166207168,-0.8630515984955194
