seed,rho,a_seed,eta,gamma,init_rho,valid_obj,valid_prob,test_obj,test_prob,time,valid_cover,test_cover,valid_in,test_in,avg_val
70,1,70,0.1,1,1,-0.4886849512279294,0.0,-0.5158324919491084,0.0,0.002153774,0.0,0.0,-0.4886849512279294,-0.5158324919491084,-0.8214199104061841
