seed,a_seed,nonrob_prob,nonrob_obj,scenario_probs,scenario_obj
20,20,0.5718195373371253,-0.9089545445903676,0.2871543646955824,-0.8390237505155447
