seed,a_seed,nonrob_prob,nonrob_obj,scenario_probs,scenario_obj
30,30,0.6396122709788709,-0.8446987995038542,0.37933156426143766,-0.8160047567512795
