seed,a_seed,nonrob_prob,nonrob_obj,scenario_probs,scenario_obj
90,90,0.6055557179509273,-0.8805152239561547,0.2995512058873825,-0.8427624674786094
