seed,rho,a_seed,eta,gamma,init_rho,valid_obj,valid_prob,test_obj,test_prob,time,valid_cover,test_cover,valid_in,test_in,valid_avg,avg_val,valid_cvar,test_cvar
0,1,0,0.15,1,1,-0.5348955414781869,0.0,-0.5784514841129401,0.0,0.000704239,0.0,0.0,0.06643910213006626,0.06643910213009195,-0.849556373157694,-0.849256901920964,-0.4234771857201901,-0.45107322978552444
