seed,rho,a_seed,eta,gamma,init_rho,valid_obj,valid_prob,test_obj,test_prob,time,valid_cover,test_cover,valid_in,test_in,valid_avg,avg_val,valid_cvar,test_cvar
10,1,10,0.15,1,1,-0.5301451164011765,0.0,-0.5030361071062056,0.0,0.000727868,0.0,0.0,0.06576044076622206,0.06576044076624317,-0.8336695832151648,-0.8302368673602716,-0.39471144465166724,-0.3789996482665525
