seed,rho,a_seed,eta,gamma,init_rho,valid_obj,valid_prob,test_obj,test_prob,time,valid_cover,test_cover,valid_in,test_in,valid_avg,avg_val,valid_cvar,test_cvar
60,1,60,0.15,1,1,-0.5123840264763926,0.0,-0.5164782436784224,0.004,0.000707412,0.0,0.0,0.0701307304933076,0.07013073049331192,-0.7979618205147793,-0.8040187623891082,-0.39242692072746066,-0.3405312783196224
