seed,rho,a_seed,eta,gamma,init_rho,valid_obj,valid_prob,test_obj,test_prob,time,valid_cover,test_cover,valid_in,test_in,valid_avg,avg_val,valid_cvar,test_cvar
20,1,20,0.3,1,1,-0.5525728143599719,0.0,-0.5435583612965598,0.002,0.00042799,0.0,0.0,0.0505072429406966,0.05050724294068358,-0.832152678110093,-0.808491751015718,-0.4545444637874358,-0.3713212793392806
