seed,rho,a_seed,eta,gamma,init_rho,valid_obj,valid_prob,test_obj,test_prob,time,valid_cover,test_cover,valid_in,test_in,valid_avg,avg_val,valid_cvar,test_cvar
50,1,50,0.3,1,1,-0.5221486706802517,0.0,-0.5187796133200733,0.004,0.00036872,0.0,0.0,0.0638567788445306,0.06385677884451314,-0.8077085118148211,-0.7999257185878649,-0.38577453348548324,-0.36786378768215494
