seed,rho,a_seed,eta,gamma,init_rho,valid_obj,valid_prob,test_obj,test_prob,time,valid_cover,test_cover,valid_in,test_in,valid_avg,avg_val,valid_cvar,test_cvar
60,1,60,0.3,1,1,-0.49521682356729924,0.015,-0.5003888492022116,0.01,0.00041707,0.0,0.0,0.0411563714012169,0.041156371401187115,-0.8389670648001263,-0.8583165588119692,-0.26149919831487667,-0.2731654453442004
