seed,rho,a_seed,eta,gamma,init_rho,valid_obj,valid_prob,test_obj,test_prob,time,valid_cover,test_cover,valid_in,test_in,valid_avg,avg_val,valid_cvar,test_cvar
70,1,70,0.3,1,1,-0.49465847461433377,0.015,-0.5089223095984499,0.014,0.000394449,0.0,0.0,0.04367789478257301,0.04367789478254596,-0.8022728517279725,-0.8378163996689333,-0.15559585416734012,-0.2255945163214726
