seed,rho,a_seed,eta,gamma,init_rho,valid_obj,valid_prob,test_obj,test_prob,time,valid_cover,test_cover,valid_in,test_in,avg_val
0,1,0,0.3,1,1,-0.39390431154156574,0.005,-0.45139555589833946,0.0,0.00037079,0.0,0.0,-0.55109178680714,-0.5918073997282035,-0.8509586918566296
