seed,rho,a_seed,eta,gamma,init_rho,valid_obj,valid_prob,test_obj,test_prob,time,valid_cover,test_cover,valid_in,test_in,avg_val
10,1,10,0.3,1,1,-0.3589173191174203,0.0,-0.3201603580050615,0.0,0.00038641,0.0,0.0,-0.5663066357627975,-0.5244287102117311,-0.8526737340674211
