seed,rho,a_seed,eta,gamma,init_rho,valid_obj,valid_prob,test_obj,test_prob,time,valid_cover,test_cover,valid_in,test_in,avg_val
30,1,30,0.3,1,1,-0.38055067584381336,0.0,-0.3425125393277232,0.006,0.00033642,0.0,0.0,-0.5367863255581233,-0.5121594598090171,-0.8262265530437253
