seed,rho,a_seed,eta,gamma,init_rho,valid_obj,valid_prob,test_obj,test_prob,time,valid_cover,test_cover,valid_in,test_in,avg_val
40,1,40,0.3,1,1,-0.2531054916800867,0.005,-0.20129197436393811,0.006,0.00040037,0.0,0.0,-0.44885162817162655,-0.43996057798157956,-0.8520450817050933
