,mean_eta,mean_init_rho,mean_valid_obj,mean_valid_prob,mean_test_obj,mean_test_prob,0.25_eta,0.25_init_rho,0.25_valid_obj,0.25_valid_prob,0.25_test_obj,0.25_test_prob,0.75_eta,0.75_init_rho,0.75_valid_obj,0.75_valid_prob,0.75_test_obj,0.75_test_prob
0,0.05,1.0,-0.8171988776354154,0.06644,-0.8171526647330652,0.06674533333333332,0.05,1.0,-0.8693991860139322,0.0025,-0.8670823070451363,0.004,0.05,1.0,-0.7798557352615577,0.0825,-0.7744532142897151,0.077
1,0.1,1.0,-0.8367635953589044,0.08096333333333333,-0.8290184393044551,0.080836,0.1,1.0,-0.8801968088553703,0.005,-0.8746278146754484,0.004,0.1,1.0,-0.7964948628599573,0.12,-0.8000464190770487,0.1125
2,0.15,1.0,-0.8362410282249981,0.11196666666666666,-0.827813160062901,0.10970666666666667,0.15,1.0,-0.8932249138410804,0.0075,-0.8872128555658518,0.011,0.15,1.0,-0.7807442751754032,0.155,-0.77648663211274,0.1595
3,0.2,1.0,-0.8172142914222568,0.12577,-0.8047047084323758,0.12714666666666666,0.2,1.0,-0.8850486613383863,0.025,-0.8661978873950489,0.032,0.2,1.0,-0.7545704638337798,0.19437500000000002,-0.7359816332630116,0.184
4,0.23,1.0,-0.8309788628887883,0.13299,-0.8298235651781546,0.133628,0.23,1.0,-0.8887563256978901,0.015,-0.8805899714963605,0.02,0.23,1.0,-0.7599952565698451,0.2175,-0.7847767540553912,0.21975
5,0.25,1.0,-0.8332781024204781,0.13736666666666666,-0.8306246822320613,0.14027733333333334,0.25,1.0,-0.8926035477156147,0.0225,-0.8892999066987229,0.026,0.25,1.0,-0.7779204095710913,0.2125,-0.7734285514399302,0.20875
6,0.3,1.0,-0.8272452956971666,0.15409333333333333,-0.8223898428746498,0.15274666666666667,0.3,1.0,-0.8936969622917059,0.03,-0.8853456150852886,0.03325,0.3,1.0,-0.7635361140891628,0.244375,-0.7619689566930581,0.235
7,0.33,1.0,-0.8206381262758402,0.16379,-0.8209185948869717,0.16477333333333333,0.33,1.0,-0.8963115849186511,0.0325,-0.885129759209812,0.03025,0.33,1.0,-0.7522062744174715,0.254375,-0.7620512835634474,0.26575000000000004
8,0.35,1.0,-0.8256764611360272,0.17981333333333335,-0.8323973726427378,0.17845866666666665,0.35,1.0,-0.8837117804144606,0.040625,-0.8812866954340144,0.039,0.35,1.0,-0.7649074802012727,0.289375,-0.773911026812134,0.2915
