,mean_eta,mean_init_rho,mean_valid_obj,mean_valid_prob,mean_test_obj,mean_test_prob,0.25_eta,0.25_init_rho,0.25_valid_obj,0.25_valid_prob,0.25_test_obj,0.25_test_prob,0.75_eta,0.75_init_rho,0.75_valid_obj,0.75_valid_prob,0.75_test_obj,0.75_test_prob
0,0.05,1.0,-0.8514590610363914,0.07495,-0.8403643889009844,0.073948,0.05,1.0,-0.889461943906583,0.0,-0.8787531240863361,0.0,0.05,1.0,-0.8206519587756398,0.0875,-0.803783828815242,0.087
1,0.1,1.0,-0.831329138630509,0.10774666666666667,-0.8230165724793136,0.10723600000000001,0.1,1.0,-0.9007785362873898,0.000625,-0.8821692154894127,0.002,0.1,1.0,-0.7756319234412479,0.1625,-0.768709044543021,0.159
2,0.15,1.0,-0.8288010629956849,0.13821333333333333,-0.8172230376196027,0.13841066666666665,0.15,1.0,-0.9012114121787612,0.005625,-0.8818264155299349,0.008,0.15,1.0,-0.7698796627706578,0.21437499999999998,-0.7605633678557866,0.21425
3,0.2,1.0,-0.8189338874690593,0.15357666666666667,-0.8247346870298029,0.151,0.2,1.0,-0.8873895261668416,0.01,-0.8973675141144284,0.007,0.2,1.0,-0.7455613988653178,0.255,-0.74425174194597,0.2525
4,0.23,1.0,-0.8356591242408424,0.16732666666666668,-0.8262792255185328,0.170368,0.23,1.0,-0.9010175277598521,0.0075,-0.8951350411116406,0.008,0.23,1.0,-0.784934642836855,0.2825,-0.7846062261891367,0.286
5,0.25,1.0,-0.8297320921391317,0.16809333333333332,-0.8270235614841948,0.16320133333333334,0.25,1.0,-0.8939162204567135,0.01,-0.8965050694333202,0.011,0.25,1.0,-0.7536430934698701,0.265,-0.7539457623556154,0.26275000000000004
6,0.3,1.0,-0.8456440245918272,0.19125,-0.8355540269397089,0.190832,0.3,1.0,-0.8975335516965302,0.015,-0.8951384253491106,0.016,0.3,1.0,-0.8114444328499274,0.3125,-0.7809178433843149,0.313
7,0.33,1.0,-0.8290381944185641,0.21160333333333337,-0.8238949822078944,0.212944,0.33,1.0,-0.8924769515978132,0.0325,-0.8893904774957587,0.034,0.33,1.0,-0.7638842126482684,0.35,-0.756342241946627,0.34875
8,0.35,1.0,-0.8123878810346008,0.21928666666666666,-0.8138430797481955,0.222072,0.35,1.0,-0.896178641896015,0.035,-0.8864903952818184,0.031,0.35,1.0,-0.7544385535505622,0.359375,-0.7572669974339435,0.37625
