,mean_eta,mean_init_rho,mean_valid_obj,mean_valid_prob,mean_test_obj,mean_test_prob,0.25_eta,0.25_init_rho,0.25_valid_obj,0.25_valid_prob,0.25_test_obj,0.25_test_prob,0.75_eta,0.75_init_rho,0.75_valid_obj,0.75_valid_prob,0.75_test_obj,0.75_test_prob
0,0.05,1.0,-0.8156638215678875,0.35875416666666665,-0.8190244410228907,0.35916833333333337,0.05,1.0,-0.8420068827144708,0.03,-0.8440477870653613,0.026,0.05,1.0,-0.7977184207505965,0.83875,-0.7965412573664848,0.838
1,0.1,1.0,-0.8256558182668858,0.42769583333333333,-0.8211195597810779,0.42715166666666665,0.1,1.0,-0.8673367722218394,0.07,-0.8539380031031791,0.073,0.1,1.0,-0.7996194565801962,0.9,-0.7949161356297444,0.905
2,0.15,1.0,-0.8264574724073244,0.43878749999999994,-0.8309776829042483,0.4336216666666667,0.15,1.0,-0.8727578602953957,0.0625,-0.8721741882477333,0.059,0.15,1.0,-0.7915059702919036,0.898125,-0.7986842827688443,0.899
3,0.2,1.0,-0.8502340159648828,0.45167916666666663,-0.8504836409470653,0.45324666666666663,0.2,1.0,-0.8801256460390864,0.065,-0.8898902456727863,0.075,0.2,1.0,-0.8254973376649565,0.8975,-0.8200108093191808,0.89225
4,0.23,1.0,-0.8577667105151958,0.44841250000000005,-0.8604398396746219,0.4468483333333333,0.23,1.0,-0.8899157832019726,0.075,-0.8969599305855815,0.076,0.23,1.0,-0.8358394754808848,0.89,-0.8299307338047541,0.89
5,0.25,1.0,-0.8644908432007865,0.4554333333333333,-0.8592113496182585,0.45728499999999994,0.25,1.0,-0.9011042664181784,0.0925,-0.8911812369067769,0.09175,0.25,1.0,-0.8292795118442974,0.88,-0.8339503903838753,0.887
6,0.3,1.0,-0.8662565197122738,0.4497333333333333,-0.8612756770285868,0.45423166666666664,0.3,1.0,-0.9039455738756457,0.0675,-0.8998955146394938,0.077,0.3,1.0,-0.8249669289488513,0.8725,-0.8327222039978461,0.87725
