,mean_eta,mean_init_rho,mean_valid_obj,mean_valid_prob,mean_test_obj,mean_test_prob,0.25_eta,0.25_init_rho,0.25_valid_obj,0.25_valid_prob,0.25_test_obj,0.25_test_prob,0.75_eta,0.75_init_rho,0.75_valid_obj,0.75_valid_prob,0.75_test_obj,0.75_test_prob
0,0.15,1.0,-0.8462453638269422,0.07441874999999999,-0.8441869371321141,0.07187,0.15,1.0,-0.85810419243954,0.0125,-0.8531459724125375,0.009,0.15,1.0,-0.8353813894454309,0.090625,-0.8368636913040406,0.09
1,0.2,1.0,-0.8493254142580415,0.07585833333333333,-0.8486570593927236,0.07593333333333334,0.2,1.0,-0.8576568015057165,0.0075,-0.8548541166983558,0.01,0.2,1.0,-0.8419905771275601,0.088125,-0.8388775515037274,0.09225
2,0.23,1.0,-0.8506457099699551,0.08425833333333334,-0.8500866393130558,0.08263666666666666,0.23,1.0,-0.8563382948344783,0.01,-0.8557502774025936,0.013,0.23,1.0,-0.8416634106094685,0.1025,-0.8437412388126724,0.097
3,0.25,1.0,-0.8550238505208027,0.08246666666666666,-0.8530317021417354,0.08447583333333333,0.25,1.0,-0.8638927548070284,0.01,-0.858924747258375,0.011,0.25,1.0,-0.8449545966824091,0.1025,-0.8460765016204594,0.102
4,0.3,1.0,-0.8539496443687631,0.08050416666666667,-0.8540067455014452,0.0764825,0.3,1.0,-0.8642490015573759,0.01,-0.8622500162778084,0.006,0.3,1.0,-0.8455815448027264,0.0925,-0.8444928882717301,0.08725
5,0.33,1.0,-0.8578174970869596,0.09902916666666667,-0.8572480222571691,0.09283333333333334,0.33,1.0,-0.8649071826703741,0.02,-0.8636210613288657,0.015,0.33,1.0,-0.8502590924851551,0.1225,-0.8489626829511223,0.117
6,0.35,1.0,-0.8554200817842447,0.08256041666666668,-0.8545727007848319,0.08523083333333334,0.35,1.0,-0.8651321599626528,0.0025,-0.8625421407563676,0.005,0.35,1.0,-0.8407012368301043,0.0975,-0.8458400696410395,0.104
7,0.4,1.0,-0.853687126908887,0.09533541666666667,-0.8526524235695366,0.09124,0.4,1.0,-0.8619103569851443,0.01,-0.8603293907555872,0.014,0.4,1.0,-0.8422215282486725,0.1225,-0.8424916432409444,0.1115
8,0.45,1.0,-0.8496940702150219,0.09720833333333334,-0.8529721005847481,0.09024499999999999,0.45,1.0,-0.8585436732655983,0.0075,-0.8615980726256813,0.008,0.45,1.0,-0.8367258209401209,0.1225,-0.8420941981223247,0.11025
