,mean_eta,mean_init_rho,mean_valid_obj,mean_valid_prob,mean_test_obj,mean_test_prob,mean_time,mean_valid_cover,mean_test_cover,0.25_eta,0.25_init_rho,0.25_valid_obj,0.25_valid_prob,0.25_test_obj,0.25_test_prob,0.25_time,0.25_valid_cover,0.25_test_cover,0.75_eta,0.75_init_rho,0.75_valid_obj,0.75_valid_prob,0.75_test_obj,0.75_test_prob,0.75_time,0.75_valid_cover,0.75_test_cover
0,0.05,1.0,-0.9002818242193859,0.31106,-0.8999809016871291,0.311044,0.0029402334,0.0,0.0,0.05,1.0,-0.9229160222593968,0.0,-0.9219042440416401,0.0,0.002722362,0.0,0.0,0.05,1.0,-0.8773471910239725,0.704375,-0.8733765414352601,0.705,0.003184623,0.0,0.0
1,0.1,1.0,-0.9018207288848833,0.3209866666666667,-0.8965955177094931,0.32238,0.0033577377,0.0,0.0,0.1,1.0,-0.9161956072915749,0.0,-0.9196998250316152,0.0,0.002654692,0.0,0.0,0.1,1.0,-0.8876058165078531,0.7462500000000001,-0.8755845012530565,0.7495,0.003395573,0.0,0.0
2,0.15,1.0,-0.9023054803796272,0.3322366666666667,-0.8904781563304476,0.33212533333333333,0.0040071593,0.0,0.0,0.15,1.0,-0.9193538969765,0.0,-0.9126052317695655,0.0,0.002608032,0.0,0.0,0.15,1.0,-0.8863918660725019,0.7525,-0.869229325520526,0.75625,0.003008103,0.0,0.0
3,0.2,1.0,-0.8999917087134125,0.32605999999999996,-0.8903171598842485,0.3307306666666667,0.0029714164000000003,0.0,0.0,0.2,1.0,-0.9141841241613409,0.0,-0.9141144269012575,0.0,0.002751042,0.0,0.0,0.2,1.0,-0.8922787145554594,0.75875,-0.8646277989731683,0.7675000000000001,0.002850892,0.0,0.0
4,0.23,1.0,-0.8908600080183607,0.32661666666666667,-0.8987871002539618,0.32722666666666667,0.0026594276,0.0,0.0,0.23,1.0,-0.9108366058441634,0.0,-0.920067161066134,0.0,0.002412201,0.0,0.0,0.23,1.0,-0.8797822293188589,0.705,-0.8757626577148635,0.7124999999999999,0.002853592,0.0,0.0
5,0.25,1.0,-0.8938223818966143,0.32275333333333334,-0.8904747686223131,0.32271066666666665,0.0029006594000000004,0.0,0.0,0.25,1.0,-0.9095128925497566,0.0,-0.9158527405675304,0.0,0.002452321,0.0,0.0,0.25,1.0,-0.8728942149771695,0.701875,-0.8698530890204962,0.70375,0.00332709,0.0,0.0
