,mean_eta,mean_init_rho,mean_valid_obj,mean_valid_prob,mean_test_obj,mean_test_prob,0.25_eta,0.25_init_rho,0.25_valid_obj,0.25_valid_prob,0.25_test_obj,0.25_test_prob,0.75_eta,0.75_init_rho,0.75_valid_obj,0.75_valid_prob,0.75_test_obj,0.75_test_prob
0,0.05,1.0,-0.8793529673270841,0.30574666666666667,-0.8849145547579527,0.30254933333333334,0.05,1.0,-0.8961639475761949,0.0,-0.909035917531076,0.0,0.05,1.0,-0.8587269355916033,0.709375,-0.850911547613065,0.70275
1,0.1,1.0,-0.8872077975790972,0.32027,-0.8921823431820664,0.3194013333333333,0.1,1.0,-0.9069473369672467,0.0,-0.9091214219886723,0.0,0.1,1.0,-0.8663892122155705,0.74875,-0.8742495348441286,0.74275
2,0.15,1.0,-0.8830959832039774,0.32830333333333334,-0.8743616608247948,0.3276226666666667,0.15,1.0,-0.9046402902625786,0.0,-0.896511124425723,0.0,0.15,1.0,-0.864636754386962,0.77875,-0.8421106402333026,0.78075
3,0.2,1.0,-0.8821825729009307,0.34009666666666666,-0.8909692671578999,0.335812,0.2,1.0,-0.9012445635750819,0.0,-0.9122714589310184,0.0,0.2,1.0,-0.8706250658534452,0.8025,-0.872963742658788,0.79425
4,0.23,1.0,-0.8845051929281865,0.35215,-0.8798667933099035,0.3514826666666667,0.23,1.0,-0.9136422037556309,0.0,-0.9059570864595038,0.0,0.23,1.0,-0.8576997427742209,0.851875,-0.8541100333548842,0.849
5,0.25,1.0,-0.8768730698460271,0.34580000000000005,-0.8843262789108465,0.34253466666666665,0.25,1.0,-0.8986316139285258,0.0,-0.9045364947075172,0.0,0.25,1.0,-0.8632097598385131,0.8600000000000001,-0.8605005560084791,0.83775
6,0.3,1.0,-0.8819199972850401,0.35894,-0.889081551521621,0.35483200000000004,0.3,1.0,-0.9019277182547507,0.0,-0.9202086335191948,0.0,0.3,1.0,-0.8659568967420339,0.8625,-0.8619979205495945,0.85275
7,0.33,1.0,-0.8727212962628382,0.3577133333333334,-0.8804122160609829,0.354516,0.33,1.0,-0.8979761595507169,0.0,-0.8945659291695084,0.0,0.33,1.0,-0.8523076782036436,0.859375,-0.866746898526624,0.852
8,0.35,1.0,-0.8863590333579916,0.35557666666666665,-0.8848900489484322,0.357144,0.35,1.0,-0.9043503743347132,0.0,-0.9104656394827221,0.0,0.35,1.0,-0.8687073982179923,0.8475,-0.8616569705384576,0.85625
