,mean_eta,mean_init_rho,mean_valid_obj,mean_valid_prob,mean_test_obj,mean_test_prob,0.25_eta,0.25_init_rho,0.25_valid_obj,0.25_valid_prob,0.25_test_obj,0.25_test_prob,0.75_eta,0.75_init_rho,0.75_valid_obj,0.75_valid_prob,0.75_test_obj,0.75_test_prob
0,0.05,1.0,-0.8634093272330635,0.25321333333333335,-0.8672835400407461,0.253776,0.05,1.0,-0.8917613599258157,0.0,-0.9020998265003057,0.0,0.05,1.0,-0.8453899970606906,0.511875,-0.8367867139707228,0.52375
1,0.1,1.0,-0.8691672356371462,0.27913,-0.8689019407376996,0.27649466666666667,0.1,1.0,-0.9089619627369376,0.0,-0.9037279907827641,0.0,0.1,1.0,-0.8391144017142911,0.579375,-0.8385523956652379,0.5752499999999999
2,0.15,1.0,-0.866220809602825,0.29003666666666666,-0.8737033150879973,0.286916,0.15,1.0,-0.9061153637346279,0.0,-0.919339504005069,0.0,0.15,1.0,-0.8533514151012485,0.624375,-0.8444640557728151,0.61575
3,0.2,1.0,-0.8347663441853671,0.3040366666666667,-0.8359052537416515,0.30126533333333333,0.2,1.0,-0.8902580048022533,0.0,-0.8948889421048293,0.0,0.2,1.0,-0.7974785150511419,0.646875,-0.7817321064306484,0.65075
4,0.23,1.0,-0.8496761899844173,0.30500333333333335,-0.8462783176346825,0.3021973333333333,0.23,1.0,-0.9055266034864072,0.0,-0.9012137631506005,0.0,0.23,1.0,-0.8029583566756547,0.6525,-0.7921887704571092,0.6405000000000001
5,0.25,1.0,-0.8412877108212775,0.31308,-0.8461119118309974,0.311552,0.25,1.0,-0.9013979485975802,0.0,-0.9013287522073575,0.0,0.25,1.0,-0.8194652807292563,0.696875,-0.8228954495530075,0.68625
6,0.3,1.0,-0.8268628217646866,0.31937333333333334,-0.8206585707448879,0.31986266666666663,0.3,1.0,-0.8957055603902216,0.0,-0.8910517678381492,0.0,0.3,1.0,-0.7557843589921996,0.7075,-0.7501399346885913,0.7064999999999999
7,0.33,1.0,-0.8120927589792422,0.3230866666666667,-0.8074822403025934,0.32146399999999997,0.33,1.0,-0.8984378316672923,0.0,-0.8984359120919609,0.0,0.33,1.0,-0.7302195254824999,0.700625,-0.718575492592178,0.6915
8,0.35,1.0,-0.8241310702782446,0.33127,-0.813686033408597,0.32904,0.35,1.0,-0.8947185031374356,0.0,-0.895454136370444,0.0,0.35,1.0,-0.7411841150257039,0.7275,-0.7267746277222803,0.727
