,mean_eta,mean_init_rho,mean_valid_obj,mean_valid_prob,mean_test_obj,mean_test_prob,0.25_eta,0.25_init_rho,0.25_valid_obj,0.25_valid_prob,0.25_test_obj,0.25_test_prob,0.75_eta,0.75_init_rho,0.75_valid_obj,0.75_valid_prob,0.75_test_obj,0.75_test_prob
0,0.05,1.0,-0.8225550642066609,0.31703749999999997,-0.8201078544290674,0.31767666666666666,0.05,1.0,-0.8521361941747427,0.015,-0.8453591059089768,0.013,0.05,1.0,-0.7956658916887287,0.77,-0.7995882580701561,0.762
1,0.1,1.0,-0.8164750184796861,0.3815125,-0.8152070418311453,0.37868666666666667,0.1,1.0,-0.8513387045035896,0.0525,-0.8530268257587411,0.058,0.1,1.0,-0.7850596208286533,0.83,-0.7966563610046387,0.828
2,0.15,1.0,-0.8221883356542562,0.3933,-0.8253060305798143,0.39045166666666664,0.15,1.0,-0.8617029432028265,0.06,-0.8639403907422535,0.058,0.15,1.0,-0.7735224430713662,0.845,-0.7705217182902584,0.8382499999999999
3,0.2,1.0,-0.8399433417815119,0.41720416666666665,-0.8358240447612469,0.41504,0.2,1.0,-0.8690681759233716,0.0525,-0.8654390149022411,0.051,0.2,1.0,-0.8067385993882271,0.8575,-0.8154030717322153,0.85825
4,0.23,1.0,-0.8584029941628234,0.41006666666666663,-0.8568981308612094,0.41302,0.23,1.0,-0.8846183649201435,0.06,-0.8845234725715971,0.068,0.23,1.0,-0.8360401615410347,0.8425,-0.8414160620204989,0.8282499999999999
5,0.25,1.0,-0.8612397125735487,0.4240583333333333,-0.8554804928508268,0.4234066666666667,0.25,1.0,-0.8953705253822642,0.07,-0.8827604755464575,0.068,0.25,1.0,-0.8349273913851452,0.865625,-0.8357975796869153,0.832
6,0.3,1.0,-0.8618893990280347,0.4226416666666667,-0.8562227220175235,0.42238166666666666,0.3,1.0,-0.8951687330732968,0.0625,-0.8875011110487149,0.064,0.3,1.0,-0.8380998596294598,0.8525,-0.8426645122192041,0.84525
