seed,rho,a_seed,eta,gamma,init_rho,valid_obj,valid_prob,test_obj,test_prob,time,valid_cover,test_cover,valid_in,test_in,valid_avg,avg_val,valid_cvar,test_cvar
30,1,30,0.2,1,1,-0.4864346984008392,0.0,-0.5404671644788621,0.0,0.000773814,0.0,0.0,0.059741456251879085,0.059741456251876116,-0.7897029519056329,-0.8203653975161268,-0.3500679104427019,-0.40770658231017426
