seed,rho,a_seed,eta,gamma,init_rho,valid_obj,valid_prob,test_obj,test_prob,time,valid_cover,test_cover,valid_in,test_in,valid_avg,avg_val,valid_cvar,test_cvar
40,1,40,0.2,1,1,-0.5044578726911935,0.005,-0.5168875106570361,0.003,0.000776167,0.0,0.0,0.0649047280781081,0.06490472807797058,-0.8046683782457715,-0.8161409295140224,-0.3358826704380651,-0.3512428483773915
