seed,rho,a_seed,eta,gamma,init_rho,valid_obj,valid_prob,test_obj,test_prob,time,valid_cover,test_cover,valid_in,test_in,valid_avg,avg_val,valid_cvar,test_cvar
50,1,50,0.2,1,1,-0.5036520122893754,0.0025,-0.5002731107696321,0.003,0.000801809,0.0,0.0,0.07136510365257248,0.07136510365258954,-0.7814913671567699,-0.7720164266774645,-0.3512585900160654,-0.32654177706226906
