seed,rho,a_seed,eta,gamma,init_rho,valid_obj,valid_prob,test_obj,test_prob,time,valid_cover,test_cover,valid_in,test_in,avg_val,valid_cvar,test_cvar
30,1,30,0.12,1,1,-0.7052337999195857,0.0,-0.6891583543694179,0.0,0.00222516,0.0,0.0,0.02201573290593828,0.02201573290594874,-0.8804001087794437,-0.6029875837441788,-0.5877144782772528
