seed,rho,a_seed,eta,gamma,init_rho,valid_obj,valid_prob,test_obj,test_prob,time,valid_cover,test_cover,valid_in,test_in,valid_avg,avg_val,valid_cvar,test_cvar
30,1,30,0.12,1,1,-0.7150956474990887,0.0,-0.7296582995337175,0.0,0.002389812,0.0,0.0,0.010097520118733614,0.009738271972050462,-0.8515082274632109,-0.8608889059670044,-0.6310401859011968,-0.6392630182365601
