seed,rho,a_seed,eta,gamma,init_rho,valid_obj,valid_prob,test_obj,test_prob,time,valid_cover,test_cover,valid_in,test_in,avg_val,valid_cvar,test_cvar
50,1,50,0.12,1,1,-0.6931348835233951,0.0,-0.6759750852435037,0.0,0.0022475,0.0,0.0,0.01569887062609311,0.01569887062609231,-0.869237277168779,-0.5873930694050881,-0.5808580398361922
