seed,rho,a_seed,eta,gamma,init_rho,valid_obj,valid_prob,test_obj,test_prob,time,valid_cover,test_cover,valid_in,test_in,valid_avg,avg_val,valid_cvar,test_cvar
70,1,70,0.12,1,1,-0.7143471854338644,0.0,-0.7101396400137012,0.0,0.002500703,0.0,0.0,0.012673333291595833,0.012673333291594467,-0.8571183011754797,-0.8486432646432527,-0.6303725696303878,-0.6084939559068495
