seed,rho,a_seed,eta,gamma,init_rho,valid_obj,valid_prob,test_obj,test_prob,time,valid_cover,test_cover,valid_in,test_in,avg_val,valid_cvar,test_cvar
70,1,70,0.12,1,1,-0.6611877321013482,0.0,-0.6865546140253125,0.0,0.00221435,0.0,0.0,0.014818065958831785,0.014818065958827027,-0.8818834194707545,-0.5675835469603202,-0.5927323939899389
