seed,a_seed,nonrob_prob,nonrob_obj,scenario_probs,scenario_obj
10,10,1.0,-428.3487277591844,0.4802328222032538,-398.1471775964636
