seed,a_seed,nonrob_prob,nonrob_obj,scenario_probs,scenario_obj
40,40,1.0,-428.5610645803432,0.532937553479269,-402.0969719702496
