seed,a_seed,nonrob_prob,nonrob_obj,scenario_probs,scenario_obj
0,0,1.0,-427.89547190032937,0.4732480002293055,-394.0571325186842
