context_val,seed,alpha,eps,test_lcx_prob,test_lcx_obj,valid_lcx_prob,valid_lcx_obj,time,in_val,test_avg,valid_avg
4,40,0.08,0.1,0.045454545454545456,-0.1391142319209083,0.0,-0.25692707708591495,1839.5683944225311,0.24908437383724638,-0.87025102290621,-0.7695587484750096
