context_val,seed,alpha,eps,test_lcx_prob,test_lcx_obj,valid_lcx_prob,valid_lcx_obj,time,in_val,test_avg,valid_avg
4,70,0.08,0.1,0.0,-0.28804686973886073,0.0,-0.33594725193116803,2566.0310459136963,0.182050231651179,-0.7607496811754562,-0.8084399539522353
