seed,a_seed,nonrob_prob,nonrob_obj,scenario_probs,scenario_obj
0,0,0.607026453337845,-0.9056872256975694,0.29302805151894934,-0.8376997969119119
