seed,a_seed,nonrob_prob,nonrob_obj,scenario_probs,scenario_obj
10,10,0.6094395761441924,-0.88300287147602,0.29130387052764667,-0.8257963807903858
