seed,a_seed,nonrob_prob,nonrob_obj,scenario_probs,scenario_obj
60,60,0.6254058217594388,-0.8914935893936933,0.2760879572800456,-0.844975981038066
