seed,a_seed,nonrob_prob,nonrob_obj,scenario_probs,scenario_obj
70,70,0.6114911426313038,-0.8824542516143647,0.3237915057090007,-0.8394861438990558
