seed,rho,a_seed,eta,gamma,init_rho,valid_obj,valid_prob,test_obj,test_prob,time,valid_cover,test_cover,valid_in,test_in,avg_val
10,1,10,0.05,1,1,-0.36292832266180514,0.0,-0.3344636639495098,0.002,0.000366051,0.0,0.0,-0.23969922321856485,-0.2136554130481841,-0.8132507504512805
