seed,rho,a_seed,eta,gamma,init_rho,valid_obj,valid_prob,test_obj,test_prob,time,valid_cover,test_cover,valid_in,test_in,avg_val
50,1,50,0.05,1,1,-0.3469383817928853,0.0,-0.32209609215487217,0.002,0.000335981,0.0,0.0,-0.26376152801643066,-0.1891034026479981,-0.7776609727086882
