seed,rho,a_seed,eta,gamma,init_rho,valid_obj,valid_prob,test_obj,test_prob,time,valid_cover,test_cover,valid_in,test_in,valid_avg,avg_val,valid_cvar,test_cvar
20,1,20,0.12,1,1,-0.6642307395801527,0.0,-0.6514232555647697,0.0,0.002283734,0.0,0.0,0.025911148721623256,0.02591114872162251,-0.8481556048606826,-0.824580666894708,-0.5797402391934839,-0.5585880572748873
