seed,rho,a_seed,eta,gamma,init_rho,valid_obj,valid_prob,test_obj,test_prob,time,valid_cover,test_cover,valid_in,test_in,valid_avg,avg_val,valid_cvar,test_cvar
40,1,40,0.12,1,1,-0.6540304496013696,0.0,-0.6660850007772847,0.0,0.002223365,0.0,0.0,0.025843072722784268,0.02584307272277265,-0.8228675757540032,-0.8342870721582253,-0.5530191225922864,-0.5618018589082502
