seed,rho,a_seed,eta,gamma,init_rho,valid_obj,valid_prob,test_obj,test_prob,time,valid_cover,test_cover,valid_in,test_in,valid_avg,avg_val,valid_cvar,test_cvar
50,1,50,0.12,1,1,-0.6985972892944379,0.0,-0.6952198996063026,0.0,0.002222965,0.0,0.0,0.011368387284238349,0.01022104531036578,-0.8495280779176039,-0.8493731583253564,-0.644358436919881,-0.6223092182629414
