seed,rho,a_seed,eta,gamma,init_rho,valid_obj,valid_prob,test_obj,test_prob,time,valid_cover,test_cover,valid_in,test_in,avg_val
10,1,10,0.15,1,1,-0.5643638169481505,0.0,-0.5584743867233581,0.0,0.002189844,0.0,0.0,-0.5967246840762158,-0.5938268965280151,-0.8155238740439024
