seed,rho,a_seed,eta,gamma,init_rho,valid_obj,valid_prob,test_obj,test_prob,time,valid_cover,test_cover,valid_in,test_in,avg_val
40,1,40,0.15,1,1,-0.5046401631600224,0.0,-0.5091857518116459,0.002,0.002407606,0.0,0.0,-0.5560929275879328,-0.557840272381881,-0.8392737743147405
