seed,rho,a_seed,eta,gamma,init_rho,valid_obj,valid_prob,test_obj,test_prob,time,valid_cover,test_cover,valid_in,test_in,avg_val
90,1,90,0.15,1,1,-0.49903254427863775,0.0,-0.5255036554915481,0.0,0.002208405,0.0,0.0,-0.5514498090400852,-0.5649861418052,-0.8367907870437226
