seed,rho,a_seed,eta,gamma,init_rho,valid_obj,valid_prob,test_obj,test_prob,time,valid_cover,test_cover,valid_in,test_in,avg_val
30,1,30,0.05,1,1,-0.3082457713317493,0.0025,-0.34111237070764827,0.004,0.000383033,0.0,0.0,-0.20781799307218876,-0.2281333111987761,-0.8124936551989154
