seed,rho,a_seed,eta,gamma,init_rho,valid_obj,valid_prob,test_obj,test_prob,time,valid_cover,test_cover,valid_in,test_in,avg_val
80,1,80,0.05,1,1,-0.1708523718355845,0.01,-0.20475639036549587,0.009,0.000424162,0.0,0.0,-0.012424488340668274,-0.07395191223597067,-0.7816958835861982
