seed,rho,a_seed,eta,gamma,init_rho,valid_obj,valid_prob,test_obj,test_prob,time,valid_cover,test_cover,valid_in,test_in,avg_val
20,1,20,0.1,1,1,-0.4780569740289838,0.0025,-0.5428570288340208,0.0,0.002401585,0.0,0.0,-0.4780569740289838,-0.5428570288340208,-0.8428993231532982
