seed,rho,a_seed,eta,gamma,init_rho,valid_obj,valid_prob,test_obj,test_prob,time,valid_cover,test_cover,valid_in,test_in,avg_val
30,1,30,0.1,1,1,-0.5259484160194022,0.0,-0.5642522282228702,0.0,0.002363335,0.0,0.0,-0.5259484160194022,-0.5642522282228702,-0.8461648043132982
