seed,rho,a_seed,eta,gamma,init_rho,valid_obj,valid_prob,test_obj,test_prob,time,valid_cover,test_cover,valid_in,test_in,avg_val
90,1,90,0.1,1,1,-0.517184791693005,0.0,-0.5052731166318231,0.0,0.002578586,0.0,0.0,-0.517184791693005,-0.5052731166318231,-0.8273077422956764
