seed,rho,a_seed,eta,gamma,init_rho,valid_obj,valid_prob,test_obj,test_prob,time,valid_cover,test_cover,valid_in,test_in,avg_val
90,1,90,0.05,1,1,-0.6277420229363763,0.0,-0.5852141718046465,0.0,0.002261744,0.0,0.0,-0.5691257170482854,-0.5272787281823689,-0.8355852680280409
