seed,rho,a_seed,eta,gamma,init_rho,valid_obj,valid_prob,test_obj,test_prob,time,valid_cover,test_cover,valid_in,test_in,avg_val
70,1,70,0.15,1,1,-0.3386479723447857,0.0,-0.3334501082487591,0.002,0.000412913,0.0,0.0,-0.4087578441743106,-0.4031260691336017,-0.8025197942368916
