seed,rho,a_seed,eta,gamma,init_rho,valid_obj,valid_prob,test_obj,test_prob,time,valid_cover,test_cover,valid_in,test_in,valid_avg,avg_val,valid_cvar,test_cvar
20,1,20,0.2,1,1,-0.6464556562633115,0.0,-0.6667993328891961,0.0,0.002264942,0.0,0.0,-0.004572621696844953,-0.004572621696774283,-0.8489468286941179,-0.8562328268113267,-0.4780144293490018,-0.5319329629081816
