seed,rho,a_seed,eta,gamma,init_rho,valid_obj,valid_prob,test_obj,test_prob,time,valid_cover,test_cover,valid_in,test_in,valid_avg,avg_val,valid_cvar,test_cvar
30,1,30,0.2,1,1,-0.6523258950761455,0.0,-0.6810412326660316,0.0,0.002498803,0.0,0.0,0.015159946578002974,0.01515994657800145,-0.8367107954557176,-0.8504565480983058,-0.548438570597198,-0.5439250229011399
