seed,rho,a_seed,eta,gamma,init_rho,valid_obj,valid_prob,test_obj,test_prob,time,valid_cover,test_cover,valid_in,test_in,avg_val,valid_cvar,test_cvar
90,1,90,0.2,1,1,-0.7064846542262878,0.0,-0.6981713820913908,0.0,0.002239912,0.0,0.0,0.0026120033649566898,0.0026120033649879516,-0.9104662966221515,-0.5834095743302387,-0.6036877443194171
