seed,rho,a_seed,eta,gamma,init_rho,valid_obj,valid_prob,test_obj,test_prob,time,valid_cover,test_cover,valid_in,test_in,avg_val
20,1,20,0.15,1,1,-0.3457658291656505,0.0025,-0.37763637525653054,0.0,0.000436553,0.0,0.0,-0.4171472723416232,-0.433956764068173,-0.8166368990025854
