seed,rho,a_seed,eta,gamma,init_rho,valid_obj,valid_prob,test_obj,test_prob,time,valid_cover,test_cover,valid_in,test_in,avg_val
30,1,30,0.15,1,1,-0.312303037895862,0.0,-0.344667951778006,0.0,0.000423562,0.0,0.0,-0.37701313946341003,-0.4065669902793522,-0.816363875032771
