seed,rho,a_seed,eta,gamma,init_rho,valid_obj,valid_prob,test_obj,test_prob,time,valid_cover,test_cover,valid_in,test_in,avg_val
60,1,60,0.15,1,1,-0.4013614972970447,0.0025,-0.37979913116728287,0.001,0.000392732,0.0,0.0,-0.46062449033585307,-0.4377183467367033,-0.816555373117578
