context_val,seed,alpha,eps,test_lcx_prob,test_lcx_obj,valid_lcx_prob,valid_lcx_obj,time,in_val,test_avg,valid_avg
4,30,0.12,0.08,0.0,-0.12724047528324975,0.08333333333333333,0.07571255617625341,1916.9468739032745,0.294684121313905,-0.7588972564225132,-0.7067183162440328
