context_val,seed,alpha,eps,test_lcx_prob,test_lcx_obj,valid_lcx_prob,valid_lcx_obj,time,in_val,test_avg,valid_avg
4,40,0.12,0.08,0.045454545454545456,-0.13921015016611296,0.0,-0.2566791656791659,1106.0212063789368,0.2619519807818859,-0.8702988832432709,-0.7694677819263226
