context_val,seed,alpha,eps,test_lcx_prob,test_lcx_obj,valid_lcx_prob,valid_lcx_obj,time,in_val,test_avg,valid_avg
4,70,0.12,0.08,0.0,-0.2880467982696364,0.0,-0.33594726548267284,2216.330738544464,0.20627489598397267,-0.7607496387247698,-0.8084399688198706
