context_val,seed,alpha,eps,test_lcx_prob,test_lcx_obj,valid_lcx_prob,valid_lcx_obj,time,in_val,test_avg,valid_avg
4,80,0.12,0.08,0.0,-0.5268291474460548,0.0,-0.3978465177554813,3383.459620952606,0.4889600274458219,-1.0877865409003542,-0.8052215044885886
