outer_iter,context_val,seed,alpha,eps,test_lcx_prob,test_lcx_obj,valid_lcx_prob,valid_lcx_obj,time,in_val,test_avg,valid_avg,test_lcx_cvar,valid_lcx_cvar
34,0,0,0.1,0.1,0.0,-0.5389279020278149,0.0,-0.7025349923033167,22790.921756267548,0.3549330999393674,-0.8030178743923063,-0.857942774741075,-0.3241258717419294,-0.6598771910037813
