outer_iter,context_val,seed,alpha,eps,test_lcx_prob,test_lcx_obj,valid_lcx_prob,valid_lcx_obj,time,in_val,test_avg,valid_avg,test_lcx_cvar,valid_lcx_cvar
24,11,0,0.1,0.1,0.0,-0.42704779160452966,0.0,-0.2096971397166033,15348.984794855118,0.3141537890274486,-0.8619136645905009,-0.658144370473786,-0.22399482183288497,-0.15468863276674882
