outer_iter,context_val,seed,alpha,eps,test_lcx_prob,test_lcx_obj,valid_lcx_prob,valid_lcx_obj,time,in_val,test_avg,valid_avg,test_lcx_cvar,valid_lcx_cvar
32,12,0,0.1,0.1,0.0,-0.40971751807784684,0.0,-0.5665645439489885,18210.978620290756,0.3685451613270905,-0.7389547018537462,-0.769238979003467,-0.2862036502072809,-0.4407634607770622
