outer_iter,context_val,seed,alpha,eps,test_lcx_prob,test_lcx_obj,valid_lcx_prob,valid_lcx_obj,time,in_val,test_avg,valid_avg,test_lcx_cvar,valid_lcx_cvar
33,18,0,0.1,0.1,0.0,-0.543310844940077,0.0,-0.5247993749732635,23881.506571769714,0.3131106974614523,-0.8495522768510856,-1.0010484829750914,-0.22316595853585317,-0.4875182835867136
