outer_iter,context_val,seed,alpha,eps,test_lcx_prob,test_lcx_obj,valid_lcx_prob,valid_lcx_obj,time,in_val,test_avg,valid_avg,test_lcx_cvar,valid_lcx_cvar
29,2,0,0.1,0.1,0.0,-0.5390417667057864,0.0,-0.3961911955836691,15242.592063903809,0.29147519270442035,-0.8211199681359428,-0.8118946745217049,-0.3145869826445479,-0.36533922143786357
