outer_iter,context_val,seed,alpha,eps,test_lcx_prob,test_lcx_obj,valid_lcx_prob,valid_lcx_obj,time,in_val,test_avg,valid_avg,test_lcx_cvar,valid_lcx_cvar
28,3,0,0.1,0.1,0.0,-0.4136374207415226,0.0,-0.6398278328503189,13864.343408346176,0.3958381653575037,-0.8406727832820146,-0.8797663462314598,-0.33187745992786855,-0.3930437782349352
