outer_iter,context_val,seed,alpha,eps,test_lcx_prob,test_lcx_obj,valid_lcx_prob,valid_lcx_obj,time,in_val,test_avg,valid_avg,test_lcx_cvar,valid_lcx_cvar
29,5,0,0.1,0.1,0.017857142857142856,-0.3482626667128842,0.0,-0.42402322911057966,10780.168226242065,0.2553799453005997,-0.7185922018925547,-0.7542017561903906,-0.08875994689681428,-0.4129492545499793
