outer_iter,context_val,seed,alpha,eps,test_lcx_prob,test_lcx_obj,valid_lcx_prob,valid_lcx_obj,time,in_val,test_avg,valid_avg,test_lcx_cvar,valid_lcx_cvar
40,7,0,0.1,0.1,0.0,-0.4556459027602942,0.0,-0.48074596261674596,13739.871502161026,0.29744580900439,-0.8286548031029,-0.7830276974025269,-0.40749042125682305,-0.2768473044593434
