outer_iter,context_val,seed,alpha,eps,test_lcx_prob,test_lcx_obj,valid_lcx_prob,valid_lcx_obj,time,in_val,test_avg,valid_avg,test_lcx_cvar,valid_lcx_cvar
30,8,0,0.1,0.1,0.0,-0.43169946158344186,0.0,-0.5081273865554333,16070.286558389664,0.3049696661121578,-0.8022799745020522,-0.8931217765949452,-0.17908619738467593,-0.30637498417342746
