outer_iter,context_val,seed,alpha,eps,test_lcx_prob,test_lcx_obj,valid_lcx_prob,valid_lcx_obj,time,in_val,test_avg,valid_avg,test_lcx_cvar,valid_lcx_cvar
25,15,10,0.1,0.1,0.0,-0.31073861032440275,0.0,-0.3217942544889052,18357.695232868195,0.40015830341843617,-0.8004175189363167,-0.7243113958754273,-0.2803842207011763,-0.12968750265000364
