outer_iter,context_val,seed,alpha,eps,test_lcx_prob,test_lcx_obj,valid_lcx_prob,valid_lcx_obj,time,in_val,test_avg,valid_avg,test_lcx_cvar,valid_lcx_cvar
28,1,10,0.1,0.1,0.0,-0.5638508321791922,0.0625,-0.08416879993379714,17458.911057710648,0.3235319833355466,-0.7860203498037288,-0.693309902350504,-0.3336463963508559,0.13975225055234947
