outer_iter,context_val,seed,alpha,eps,test_lcx_prob,test_lcx_obj,valid_lcx_prob,valid_lcx_obj,time,in_val,test_avg,valid_avg,test_lcx_cvar,valid_lcx_cvar
27,16,10,0.1,0.1,0.0,-0.5416997109927763,0.0,-0.46964294344558066,15956.410100460052,0.19155817750081874,-0.8185443045911469,-0.8471040939175557,-0.46071058066222204,-0.3316240082544098
