outer_iter,context_val,seed,alpha,eps,test_lcx_prob,test_lcx_obj,valid_lcx_prob,valid_lcx_obj,time,in_val,test_avg,valid_avg,test_lcx_cvar,valid_lcx_cvar
34,14,10,0.1,0.1,0.0,-0.4642089793414627,0.0,-0.5573095881488092,29508.365039110184,0.2830675056931003,-0.8441886711563317,-0.9501244852733319,-0.32017163690683204,-0.5286677412860714
