outer_iter,context_val,seed,alpha,eps,test_lcx_prob,test_lcx_obj,valid_lcx_prob,valid_lcx_obj,time,in_val,test_avg,valid_avg,test_lcx_cvar,valid_lcx_cvar
28,13,10,0.1,0.1,0.0,-0.349002468053913,0.0,-0.47129367199314076,7738.10351061821,0.24159702672685585,-0.7738702884154449,-0.7906391644598095,-0.26573703302543966,-0.23524791404115616
