outer_iter,context_val,seed,alpha,eps,test_lcx_prob,test_lcx_obj,valid_lcx_prob,valid_lcx_obj,time,in_val,test_avg,valid_avg,test_lcx_cvar,valid_lcx_cvar
34,2,10,0.1,0.1,0.0,-0.4232017579686686,0.0,-0.4392849725803119,16730.48544549942,0.43912829411654225,-0.9084354106828229,-0.8792699361206368,-0.22643759462884755,-0.3962571462131216
