outer_iter,context_val,seed,alpha,eps,test_lcx_prob,test_lcx_obj,valid_lcx_prob,valid_lcx_obj,time,in_val,test_avg,valid_avg,test_lcx_cvar,valid_lcx_cvar
20,3,10,0.1,0.1,0.0,-0.408311506610837,0.0,-0.5427085991775176,10359.07545542717,0.20679435975908939,-0.8376974020958383,-0.9767270278095047,-0.33432776788055746,-0.3484917268741284
