outer_iter,context_val,seed,alpha,eps,test_lcx_prob,test_lcx_obj,valid_lcx_prob,valid_lcx_obj,time,in_val,test_avg,valid_avg,test_lcx_cvar,valid_lcx_cvar
35,4,10,0.1,0.1,0.0,-0.25662286997595085,0.0,-0.5121160452936787,17233.5240316391,0.3894991250054669,-0.7125341324490625,-0.820587668497414,-0.06112550365277341,-0.3356703617427609
