outer_iter,context_val,seed,alpha,eps,test_lcx_prob,test_lcx_obj,valid_lcx_prob,valid_lcx_obj,time,in_val,test_avg,valid_avg,test_lcx_cvar,valid_lcx_cvar
20,5,10,0.1,0.1,0.0,-0.5225300404333056,0.0,-0.5681636805999286,10930.586665391922,0.3364722633529646,-0.8225247201941274,-0.7326911837704047,-0.43872659228754846,-0.26854811953948776
