outer_iter,context_val,seed,alpha,eps,test_lcx_prob,test_lcx_obj,valid_lcx_prob,valid_lcx_obj,time,in_val,test_avg,valid_avg,test_lcx_cvar,valid_lcx_cvar
22,6,10,0.1,0.1,0.0,-0.4974980731771433,0.0,-0.329686736402862,10577.963994979858,0.3510132117167708,-0.8772548156804321,-0.6965273342872342,-0.14557665249667742,-0.14880711745803143
