outer_iter,context_val,seed,alpha,eps,test_lcx_prob,test_lcx_obj,valid_lcx_prob,valid_lcx_obj,time,in_val,test_avg,valid_avg,test_lcx_cvar,valid_lcx_cvar
23,8,10,0.1,0.1,0.0,-0.5257145470708862,0.0,-0.2700414885619313,16561.675193309784,0.2236463989494778,-0.8998042586300418,-0.8948337376428309,-0.37701765344046895,-0.22705358832792952
