outer_iter,context_val,seed,alpha,eps,test_lcx_prob,test_lcx_obj,valid_lcx_prob,valid_lcx_obj,time,in_val,test_avg,valid_avg,test_lcx_cvar,valid_lcx_cvar
36,1,20,0.1,0.1,0.0,-0.47162100904394627,0.0,-0.43839418963098864,21495.013026714325,0.33560993612275986,-0.8399965967699531,-0.8265541743638473,-0.45203983534349607,-0.40520731459033
