outer_iter,context_val,seed,alpha,eps,test_lcx_prob,test_lcx_obj,valid_lcx_prob,valid_lcx_obj,time,in_val,test_avg,valid_avg,test_lcx_cvar,valid_lcx_cvar
27,17,20,0.1,0.1,0.0,-0.5549888040087456,0.0,-0.4934096885669992,26911.068423986435,0.2752682059210563,-0.8746033194906603,-0.8030256024451182,-0.3944781351261773,-0.3245071358358082
