outer_iter,context_val,seed,alpha,eps,test_lcx_prob,test_lcx_obj,valid_lcx_prob,valid_lcx_obj,time,in_val,test_avg,valid_avg,test_lcx_cvar,valid_lcx_cvar
27,15,20,0.1,0.1,0.02040816326530612,-0.3111589467135152,0.0,-0.37076124417306533,21199.364233255386,0.303870231028596,-0.7009725583440131,-0.792998100437777,-0.04041364547449629,-0.25063166793659186
