outer_iter,context_val,seed,alpha,eps,test_lcx_prob,test_lcx_obj,valid_lcx_prob,valid_lcx_obj,time,in_val,test_avg,valid_avg,test_lcx_cvar,valid_lcx_cvar
33,4,20,0.1,0.1,0.0,-0.5121382107071923,0.0,-0.3235018656875269,14938.030949115753,0.44500593549014994,-0.8005794300052104,-0.7381111688168096,-0.2931322950337892,-0.2844792042863026
