outer_iter,context_val,seed,alpha,eps,test_lcx_prob,test_lcx_obj,valid_lcx_prob,valid_lcx_obj,time,in_val,test_avg,valid_avg,test_lcx_cvar,valid_lcx_cvar
23,6,20,0.1,0.1,0.0,-0.46657152028618865,0.0,-0.4809086204557044,10193.919886827469,0.33421917844337834,-0.8159970729100915,-0.7773649031624753,-0.32521534642699945,-0.3790120579599699
