outer_iter,context_val,seed,alpha,eps,test_lcx_prob,test_lcx_obj,valid_lcx_prob,valid_lcx_obj,time,in_val,test_avg,valid_avg,test_lcx_cvar,valid_lcx_cvar
24,7,20,0.1,0.1,0.0,-0.3692376851469459,0.0,-0.2926447760608808,13171.158099889755,0.35622354199096307,-0.7878654264473347,-0.7501261296092485,-0.285873032489813,-0.24710540970960296
