outer_iter,context_val,seed,alpha,eps,test_lcx_prob,test_lcx_obj,valid_lcx_prob,valid_lcx_obj,time,in_val,test_avg,valid_avg,test_lcx_cvar,valid_lcx_cvar
26,8,20,0.1,0.1,0.0,-0.41606676339182497,0.0,-0.46043302783125617,21194.036945819855,0.3820616708486672,-0.794669949553654,-0.7363609587672018,-0.23005631148221634,-0.35827989705547436
