outer_iter,context_val,seed,alpha,eps,test_lcx_prob,test_lcx_obj,valid_lcx_prob,valid_lcx_obj,time,in_val,test_avg,valid_avg,test_lcx_cvar,valid_lcx_cvar
31,16,30,0.1,0.1,0.0,-0.44163056823683033,0.0,-0.4839581520837734,17282.55569267273,0.22945691309519903,-0.8482489656981472,-0.8079285305274322,-0.29985256901705715,-0.4169630599571904
