outer_iter,context_val,seed,alpha,eps,test_lcx_prob,test_lcx_obj,valid_lcx_prob,valid_lcx_obj,time,in_val,test_avg,valid_avg,test_lcx_cvar,valid_lcx_cvar
23,19,30,0.1,0.1,0.0,-0.5539757516558712,0.0,-0.5846337466768138,16487.53644514084,0.2449747401836316,-0.8299803549482798,-0.8202997268131851,-0.4548176924982273,-0.34586063437945014
