outer_iter,context_val,seed,alpha,eps,test_lcx_prob,test_lcx_obj,valid_lcx_prob,valid_lcx_obj,time,in_val,test_avg,valid_avg,test_lcx_cvar,valid_lcx_cvar
29,11,30,0.1,0.1,0.0,-0.43377740726497493,0.0,-0.5320243723926449,18312.93878340721,0.37406251939665414,-0.7518651065206595,-0.8197498601847703,-0.269256574676436,-0.3343918035739614
