outer_iter,context_val,seed,alpha,eps,test_lcx_prob,test_lcx_obj,valid_lcx_prob,valid_lcx_obj,time,in_val,test_avg,valid_avg,test_lcx_cvar,valid_lcx_cvar
27,2,30,0.1,0.1,0.0,-0.4349404965105655,0.0,-0.283323315672688,14888.111903905869,0.2886966909575301,-0.7503242702073506,-0.654635439344952,-0.3979424094957048,-0.20058657038675898
