outer_iter,context_val,seed,alpha,eps,test_lcx_prob,test_lcx_obj,valid_lcx_prob,valid_lcx_obj,time,in_val,test_avg,valid_avg,test_lcx_cvar,valid_lcx_cvar
27,4,30,0.1,0.1,0.0,-0.295331031741043,0.0,-0.24979171536908554,10714.196165323257,0.2894965077916978,-0.745168472996019,-0.7705664743088994,-0.22022333736365937,-0.07034181441717687
