outer_iter,context_val,seed,alpha,eps,test_lcx_prob,test_lcx_obj,valid_lcx_prob,valid_lcx_obj,time,in_val,test_avg,valid_avg,test_lcx_cvar,valid_lcx_cvar
43,5,30,0.1,0.1,0.0,-0.5472159834160424,0.0,-0.384171504135146,15279.41035079956,0.3175011631819872,-0.7864917799641684,-0.7099318331597033,-0.3938865174390349,-0.38384715501577954
