outer_iter,context_val,seed,alpha,eps,test_lcx_prob,test_lcx_obj,valid_lcx_prob,valid_lcx_obj,time,in_val,test_avg,valid_avg,test_lcx_cvar,valid_lcx_cvar
26,6,30,0.1,0.1,0.0,-0.6146556403140193,0.0,-0.5663574102987574,10697.032351255417,0.31557391296994775,-0.8964317968796657,-0.8056920900983645,-0.4873867921537429,-0.21304450026455965
