outer_iter,context_val,seed,alpha,eps,test_lcx_prob,test_lcx_obj,valid_lcx_prob,valid_lcx_obj,time,in_val,test_avg,valid_avg,test_lcx_cvar,valid_lcx_cvar
31,7,30,0.1,0.1,0.0,-0.32361679372447955,0.0,-0.5309552843223526,14033.205966234207,0.41660680221418345,-0.9021018517950276,-0.8948589069949504,-0.26385119542282154,-0.39284445024952114
