outer_iter,context_val,seed,alpha,eps,test_lcx_prob,test_lcx_obj,valid_lcx_prob,valid_lcx_obj,time,in_val,test_avg,valid_avg,test_lcx_cvar,valid_lcx_cvar
25,8,30,0.1,0.1,0.0,-0.5851748350484579,0.0,-0.41983512432993975,13723.758731365204,0.2107690812006844,-0.9027615758036474,-0.7870185735105621,-0.46848665892953195,-0.35017932029170246
