outer_iter,context_val,seed,alpha,eps,test_lcx_prob,test_lcx_obj,valid_lcx_prob,valid_lcx_obj,time,in_val,test_avg,valid_avg,test_lcx_cvar,valid_lcx_cvar
26,0,40,0.1,0.1,0.020833333333333332,-0.4726620166750275,0.0,-0.5472055537140508,16253.861909627914,0.2781117677723311,-0.8020726323399049,-0.8703527998390451,-0.05721393222111413,-0.49927081408428964
