outer_iter,context_val,seed,alpha,eps,test_lcx_prob,test_lcx_obj,valid_lcx_prob,valid_lcx_obj,time,in_val,test_avg,valid_avg,test_lcx_cvar,valid_lcx_cvar
29,12,40,0.1,0.1,0.0,-0.5607932971249686,0.0,-0.46857175756243025,15888.399730682373,0.2157339566846419,-0.8629627668350428,-0.7470639683311998,-0.46759631074972213,-0.4048744265092231
