outer_iter,context_val,seed,alpha,eps,test_lcx_prob,test_lcx_obj,valid_lcx_prob,valid_lcx_obj,time,in_val,test_avg,valid_avg,test_lcx_cvar,valid_lcx_cvar
24,3,40,0.1,0.1,0.0,-0.33451986670430756,0.0,-0.5267545736509465,12535.76267528534,0.24384995292368306,-0.7391728204463061,-0.7238292764189549,-0.14673717573423714,-0.4031386432035533
