outer_iter,context_val,seed,alpha,eps,test_lcx_prob,test_lcx_obj,valid_lcx_prob,valid_lcx_obj,time,in_val,test_avg,valid_avg,test_lcx_cvar,valid_lcx_cvar
28,4,40,0.1,0.1,0.0,-0.5644060955671353,0.0,-0.47252670864909446,14015.611267328262,0.2949546427563778,-0.8476473544013369,-0.8153954221331938,-0.42363823301183884,-0.42041606465010195
