outer_iter,context_val,seed,alpha,eps,test_lcx_prob,test_lcx_obj,valid_lcx_prob,valid_lcx_obj,time,in_val,test_avg,valid_avg,test_lcx_cvar,valid_lcx_cvar
19,6,40,0.1,0.1,0.017857142857142856,-0.22508705480532645,0.0,-0.5423657392498354,8954.141525506973,0.35357086718625225,-0.7038631056533956,-0.8454223575178196,0.0631456896877822,-0.47491766184194395
