outer_iter,context_val,seed,alpha,eps,test_lcx_prob,test_lcx_obj,valid_lcx_prob,valid_lcx_obj,time,in_val,test_avg,valid_avg,test_lcx_cvar,valid_lcx_cvar
37,14,50,0.1,0.1,0.0,-0.4091335633685954,0.0,-0.31135893477426335,28977.751140356064,0.3375531726192677,-0.7900071115237878,-0.8216732791204183,-0.22103040463572415,-0.222395630529248
