outer_iter,context_val,seed,alpha,eps,test_lcx_prob,test_lcx_obj,valid_lcx_prob,valid_lcx_obj,time,in_val,test_avg,valid_avg,test_lcx_cvar,valid_lcx_cvar
33,11,50,0.1,0.1,0.0,-0.26079426882793383,0.0,-0.5595983302635326,17175.738020658493,0.29719954535331405,-0.7855800897023866,-0.9316084675726309,-0.2116029569026295,-0.5549281325016984
