outer_iter,context_val,seed,alpha,eps,test_lcx_prob,test_lcx_obj,valid_lcx_prob,valid_lcx_obj,time,in_val,test_avg,valid_avg,test_lcx_cvar,valid_lcx_cvar
28,16,50,0.1,0.1,0.0,-0.3380110512698394,0.0,-0.39310127040578235,13416.176908493042,0.344686908026862,-0.8198697844617637,-0.9448357713831383,-0.2783679401215148,-0.2904143707125848
