outer_iter,context_val,seed,alpha,eps,test_lcx_prob,test_lcx_obj,valid_lcx_prob,valid_lcx_obj,time,in_val,test_avg,valid_avg,test_lcx_cvar,valid_lcx_cvar
33,17,50,0.1,0.1,0.0,-0.5322838765110889,0.0,-0.44908687978262357,36763.91155529022,0.41038834704118793,-0.782363236019526,-0.8449854533586324,-0.3321749864287885,-0.18151533391761934
