outer_iter,context_val,seed,alpha,eps,test_lcx_prob,test_lcx_obj,valid_lcx_prob,valid_lcx_obj,time,in_val,test_avg,valid_avg,test_lcx_cvar,valid_lcx_cvar
21,3,50,0.1,0.1,0.020833333333333332,-0.2886072678521824,0.0,-0.27514490319001494,10445.86829829216,0.244058469057176,-0.7752532372177791,-0.7588481757044468,-0.009554725099667849,-0.2576444344188513
