outer_iter,context_val,seed,alpha,eps,test_lcx_prob,test_lcx_obj,valid_lcx_prob,valid_lcx_obj,time,in_val,test_avg,valid_avg,test_lcx_cvar,valid_lcx_cvar
34,4,50,0.1,0.1,0.0,-0.16854912601865107,0.0,-0.3844988347122836,14034.085135221481,0.25326907261862486,-0.7504426864384702,-0.7208760856445967,0.007068993780309248,-0.2320130650371607
