outer_iter,context_val,seed,alpha,eps,test_lcx_prob,test_lcx_obj,valid_lcx_prob,valid_lcx_obj,time,in_val,test_avg,valid_avg,test_lcx_cvar,valid_lcx_cvar
25,6,50,0.1,0.1,0.017857142857142856,-0.3328323006646563,0.0,-0.5449906538538333,11722.365815401077,0.29557194430433015,-0.7820226015148329,-0.8910297630704908,-0.14690880024713135,-0.5205618464982041
