outer_iter,context_val,seed,alpha,eps,test_lcx_prob,test_lcx_obj,valid_lcx_prob,valid_lcx_obj,time,in_val,test_avg,valid_avg,test_lcx_cvar,valid_lcx_cvar
32,7,50,0.1,0.1,0.0,-0.4989713273073367,0.0,-0.4003327098881581,15097.247898578644,0.3026057409004072,-0.7909388021741793,-0.790828499603395,-0.3614034118149583,-0.2780051911254362
