outer_iter,context_val,seed,alpha,eps,test_lcx_prob,test_lcx_obj,valid_lcx_prob,valid_lcx_obj,time,in_val,test_avg,valid_avg,test_lcx_cvar,valid_lcx_cvar
32,8,50,0.1,0.1,0.022222222222222223,-0.45252718673256104,0.0,-0.6585256737124646,16785.840469121933,0.28849321772522085,-0.7982161835778692,-0.8516061400126999,-0.20856843173831305,-0.5252346746597101
