outer_iter,context_val,seed,alpha,eps,test_lcx_prob,test_lcx_obj,valid_lcx_prob,valid_lcx_obj,time,in_val,test_avg,valid_avg,test_lcx_cvar,valid_lcx_cvar
32,12,60,0.1,0.1,0.0,-0.35849105268067494,0.0,-0.4193581442276693,16961.899526834488,0.3135631964909301,-0.7329762958046682,-0.8332801613050819,-0.10797735139891222,-0.404641563932262
