outer_iter,context_val,seed,alpha,eps,test_lcx_prob,test_lcx_obj,valid_lcx_prob,valid_lcx_obj,time,in_val,test_avg,valid_avg,test_lcx_cvar,valid_lcx_cvar
38,14,60,0.1,0.1,0.020833333333333332,-0.41374387195901735,0.0,-0.5612161083584922,33167.955107688904,0.2716029695893309,-0.7557358597583651,-0.7629992261441338,-0.23757226835532202,-0.5476280460028109
