outer_iter,context_val,seed,alpha,eps,test_lcx_prob,test_lcx_obj,valid_lcx_prob,valid_lcx_obj,time,in_val,test_avg,valid_avg,test_lcx_cvar,valid_lcx_cvar
29,16,60,0.1,0.1,0.0,-0.5723524728296936,0.0,-0.5549897004354176,18617.553472042084,0.3526704237000729,-0.8576271134623682,-0.76647660046049,-0.370214203809781,-0.5294379244523718
