outer_iter,context_val,seed,alpha,eps,test_lcx_prob,test_lcx_obj,valid_lcx_prob,valid_lcx_obj,time,in_val,test_avg,valid_avg,test_lcx_cvar,valid_lcx_cvar
28,15,60,0.1,0.1,0.02040816326530612,-0.19793994024870326,0.04,-0.5472492084108689,19110.52153134346,0.2744654413417758,-0.7012873528796618,-0.808513500094492,0.05853286024963715,-0.2172561279081957
