outer_iter,context_val,seed,alpha,eps,test_lcx_prob,test_lcx_obj,valid_lcx_prob,valid_lcx_obj,time,in_val,test_avg,valid_avg,test_lcx_cvar,valid_lcx_cvar
32,4,60,0.1,0.1,0.0,-0.41529848125911384,0.0,-0.4334378318857497,12858.015340328217,0.29606919768589224,-0.7863832277029358,-0.7578117128225743,-0.3209441336804208,-0.4078190260250051
