outer_iter,context_val,seed,alpha,eps,test_lcx_prob,test_lcx_obj,valid_lcx_prob,valid_lcx_obj,time,in_val,test_avg,valid_avg,test_lcx_cvar,valid_lcx_cvar
27,5,60,0.1,0.1,0.0,-0.46045734103736774,0.0,-0.38574018823521744,12188.064203500748,0.26181527609335165,-0.765344258287021,-0.7404278355883358,-0.39490755640447145,-0.3639347408435523
