outer_iter,context_val,seed,alpha,eps,test_lcx_prob,test_lcx_obj,valid_lcx_prob,valid_lcx_obj,time,in_val,test_avg,valid_avg,test_lcx_cvar,valid_lcx_cvar
28,6,60,0.1,0.1,0.0,-0.23206871709811658,0.047619047619047616,0.01988299213446048,10271.695115089417,0.3115823202651657,-0.7539619205209714,-0.6446461263300723,0.0043857865163096504,0.20605947239923708
