outer_iter,context_val,seed,alpha,eps,test_lcx_prob,test_lcx_obj,valid_lcx_prob,valid_lcx_obj,time,in_val,test_avg,valid_avg,test_lcx_cvar,valid_lcx_cvar
33,8,60,0.1,0.1,0.0,-0.2932556488366473,0.0,-0.5376394656840752,15337.84395313263,0.2859675390484421,-0.8141852468140746,-0.8773598704121953,-0.10549712123304684,-0.36987730941160635
