outer_iter,context_val,seed,alpha,eps,test_lcx_prob,test_lcx_obj,valid_lcx_prob,valid_lcx_obj,time,in_val,test_avg,valid_avg,test_lcx_cvar,valid_lcx_cvar
26,18,70,0.1,0.1,0.0,-0.5496479134678193,0.0,-0.36996041561170756,22947.014942646027,0.4325702672370701,-0.8630366637167093,-0.9149856922857623,-0.4112295727846298,-0.2895274406358472
