outer_iter,context_val,seed,alpha,eps,test_lcx_prob,test_lcx_obj,valid_lcx_prob,valid_lcx_obj,time,in_val,test_avg,valid_avg,test_lcx_cvar,valid_lcx_cvar
43,16,70,0.1,0.1,0.0,-0.5246100236445355,0.0,-0.4285165540133593,22188.090816259384,0.26203906701451923,-0.7705517383700689,-0.7257088921825238,-0.44520906184029646,-0.3713943517236602
