outer_iter,context_val,seed,alpha,eps,test_lcx_prob,test_lcx_obj,valid_lcx_prob,valid_lcx_obj,time,in_val,test_avg,valid_avg,test_lcx_cvar,valid_lcx_cvar
19,13,70,0.1,0.1,0.01694915254237288,-0.3973311792711729,0.0,-0.08737735535153049,7154.247743606567,0.2449952374893254,-0.7803848488593679,-0.5364574983425928,-0.18835018018966435,0.026552885951712606
