outer_iter,context_val,seed,alpha,eps,test_lcx_prob,test_lcx_obj,valid_lcx_prob,valid_lcx_obj,time,in_val,test_avg,valid_avg,test_lcx_cvar,valid_lcx_cvar
25,12,70,0.1,0.1,0.02127659574468085,-0.2537974188878739,0.0,-0.5221650168350088,13711.27345919609,0.32660649267019787,-0.7847176455981016,-0.8363545595116213,0.009861219687943868,-0.4128627005837946
