outer_iter,context_val,seed,alpha,eps,test_lcx_prob,test_lcx_obj,valid_lcx_prob,valid_lcx_obj,time,in_val,test_avg,valid_avg,test_lcx_cvar,valid_lcx_cvar
25,2,70,0.1,0.1,0.0,-0.4079780227786533,0.0,-0.15404022345782428,13339.990422964096,0.32679213510963984,-0.7762664716796016,-0.6489253630417688,-0.14585444925007124,0.027881235631389098
