outer_iter,context_val,seed,alpha,eps,test_lcx_prob,test_lcx_obj,valid_lcx_prob,valid_lcx_obj,time,in_val,test_avg,valid_avg,test_lcx_cvar,valid_lcx_cvar
40,5,70,0.1,0.1,0.0,-0.6031237925872824,0.0,-0.6015799888250376,15063.720768928528,0.32768241300044915,-0.8269165736062368,-0.8390214345310218,-0.4193021812510467,-0.43940054455771826
