outer_iter,context_val,seed,alpha,eps,test_lcx_prob,test_lcx_obj,valid_lcx_prob,valid_lcx_obj,time,in_val,test_avg,valid_avg,test_lcx_cvar,valid_lcx_cvar
28,7,70,0.1,0.1,0.0,-0.22423071233581657,0.0,-0.5290739822115629,16754.76448726654,0.4117283090155022,-0.7245272957751079,-0.8759834557246465,-0.12898265721023888,-0.3690201597374719
