outer_iter,context_val,seed,alpha,eps,test_lcx_prob,test_lcx_obj,valid_lcx_prob,valid_lcx_obj,time,in_val,test_avg,valid_avg,test_lcx_cvar,valid_lcx_cvar
26,19,80,0.1,0.1,0.0,-0.37754710916016065,0.0,-0.28962713925658445,16209.742001533508,0.32619229411822437,-0.8762228214850306,-0.7036977417411113,-0.2396170596477396,-0.19386751774330288
