outer_iter,context_val,seed,alpha,eps,test_lcx_prob,test_lcx_obj,valid_lcx_prob,valid_lcx_obj,time,in_val,test_avg,valid_avg,test_lcx_cvar,valid_lcx_cvar
30,13,80,0.1,0.1,0.0,-0.417385433338756,0.0,-0.43748221376804164,8579.505439043045,0.21692933142730247,-0.7970713233013059,-0.8450676866167487,-0.3512177936060225,-0.36913810193404434
