outer_iter,context_val,seed,alpha,eps,test_lcx_prob,test_lcx_obj,valid_lcx_prob,valid_lcx_obj,time,in_val,test_avg,valid_avg,test_lcx_cvar,valid_lcx_cvar
23,2,80,0.1,0.1,0.020833333333333332,-0.43148100194025685,0.0,-0.24332752160617008,13791.546897411346,0.3309399353931719,-1.013329279233561,-0.9001435778155507,-0.10015875683547963,-0.17955122432021656
