outer_iter,context_val,seed,alpha,eps,test_lcx_prob,test_lcx_obj,valid_lcx_prob,valid_lcx_obj,time,in_val,test_avg,valid_avg,test_lcx_cvar,valid_lcx_cvar
30,6,80,0.1,0.1,0.0,-0.31760732711734635,0.0,-0.51131288939729,12457.824388504028,0.1830918349473141,-0.8042984301764928,-0.7508660769116133,-0.2305460581421809,-0.39671903490568267
