outer_iter,context_val,seed,alpha,eps,test_lcx_prob,test_lcx_obj,valid_lcx_prob,valid_lcx_obj,time,in_val,test_avg,valid_avg,test_lcx_cvar,valid_lcx_cvar
22,8,80,0.1,0.1,0.0,-0.3116428988411179,0.0,-0.48811932852034273,13231.252894878387,0.27312684054818653,-0.8519510936866046,-0.889199138049411,-0.26462288477145607,-0.40173488028328475
