outer_iter,context_val,seed,alpha,eps,test_lcx_prob,test_lcx_obj,valid_lcx_prob,valid_lcx_obj,time,in_val,test_avg,valid_avg,test_lcx_cvar,valid_lcx_cvar
28,9,80,0.1,0.1,0.0,-0.5846476126347948,0.0,-0.1697791165958701,13027.888820648193,0.3570074532188242,-0.8246361343860279,-0.7204825929675526,-0.4034740964639212,-0.12366334910523454
