outer_iter,context_val,seed,alpha,eps,test_lcx_prob,test_lcx_obj,valid_lcx_prob,valid_lcx_obj,time,in_val,test_avg,valid_avg,test_lcx_cvar,valid_lcx_cvar
31,0,90,0.1,0.1,0.0,-0.40946659293512044,0.0,-0.3655858328589465,18954.715025901794,0.29019966029285416,-0.8425027886868897,-0.7769178971655705,-0.24857973845198064,-0.32101307771468635
