outer_iter,context_val,seed,alpha,eps,test_lcx_prob,test_lcx_obj,valid_lcx_prob,valid_lcx_obj,time,in_val,test_avg,valid_avg,test_lcx_cvar,valid_lcx_cvar
22,15,90,0.1,0.1,0.0,-0.4182624388056567,0.0,-0.4102692382124058,19272.566143512726,0.3371455803006736,-0.7836169235350041,-0.8039632999471314,-0.30659109319989397,-0.3097496206293385
