outer_iter,context_val,seed,alpha,eps,test_lcx_prob,test_lcx_obj,valid_lcx_prob,valid_lcx_obj,time,in_val,test_avg,valid_avg,test_lcx_cvar,valid_lcx_cvar
32,11,90,0.1,0.1,0.0,-0.5037598258059865,0.0,-0.5458168386270736,17398.59536600113,0.2495803388569424,-0.8440927096815298,-0.8367031195076526,-0.43698577491137425,-0.4912689668446304
