outer_iter,context_val,seed,alpha,eps,test_lcx_prob,test_lcx_obj,valid_lcx_prob,valid_lcx_obj,time,in_val,test_avg,valid_avg,test_lcx_cvar,valid_lcx_cvar
31,1,90,0.1,0.1,0.0,-0.4881245135126963,0.0,-0.437035089775494,15744.375698328018,0.3331041384444596,-0.8043495201034759,-0.7864697603416039,-0.28349797234763197,-0.4217542350083399
