outer_iter,context_val,seed,alpha,eps,test_lcx_prob,test_lcx_obj,valid_lcx_prob,valid_lcx_obj,time,in_val,test_avg,valid_avg,test_lcx_cvar,valid_lcx_cvar
44,2,90,0.1,0.1,0.020833333333333332,-0.42724812490864406,0.0,-0.47916088764782483,22503.61247730255,0.28537296593446426,-0.7811018134301994,-0.8915727219147107,-0.15145569145947088,-0.3689360026004118
