outer_iter,context_val,seed,alpha,eps,test_lcx_prob,test_lcx_obj,valid_lcx_prob,valid_lcx_obj,time,in_val,test_avg,valid_avg,test_lcx_cvar,valid_lcx_cvar
30,4,90,0.1,0.1,0.0,-0.5769085902491412,0.0,-0.4851099740992357,12798.489222288132,0.30587864024083267,-0.8772658513191447,-0.8609192680835321,-0.48191796340491266,-0.4064554764016637
