outer_iter,context_val,seed,alpha,eps,test_lcx_prob,test_lcx_obj,valid_lcx_prob,valid_lcx_obj,time,in_val,test_avg,valid_avg,test_lcx_cvar,valid_lcx_cvar
27,7,90,0.1,0.1,0.0,-0.34803623521230287,0.0,-0.6270742973474642,14933.75098824501,0.3413174385143344,-0.7635665339073852,-0.9453184531536697,-0.19689958719588477,-0.4764332850822764
