seed,rho,a_seed,eta,gamma,init_rho,valid_obj,valid_prob,test_obj,test_prob,time,valid_cover,test_cover,valid_in,test_in,valid_avg,avg_val,valid_cvar,test_cvar
30,1,30,0.15,1,1,-0.5412048146808165,0.0,-0.5600516243168892,0.001,0.000770316,0.0,0.0,0.038841540696109005,0.03870137224418585,-0.7992382377159403,-0.8228123908682371,-0.41557173029365924,-0.4528841450239401
