seed,rho,a_seed,eta,gamma,init_rho,valid_obj,valid_prob,test_obj,test_prob,time,valid_cover,test_cover,valid_in,test_in,valid_avg,avg_val,valid_cvar,test_cvar
40,1,40,0.15,1,1,-0.5774271480344262,0.005,-0.5885846453121693,0.0,0.000780993,0.0,0.0,0.025914688638782445,0.026765739339706315,-0.8066305583452157,-0.8178282394873665,-0.43927712687210585,-0.4725315767964086
