seed,rho,a_seed,eta,gamma,init_rho,valid_obj,valid_prob,test_obj,test_prob,time,valid_cover,test_cover,valid_in,test_in,valid_avg,avg_val,valid_cvar,test_cvar
60,1,60,0.15,1,1,-0.5783031710040469,0.0,-0.5665690219216246,0.0,0.0008269,0.0,0.0,0.05106214696006587,0.05131822132265648,-0.7995025659703233,-0.8013668005963552,-0.4547067413733716,-0.444882142442327
