seed,rho,a_seed,eta,gamma,init_rho,valid_obj,valid_prob,test_obj,test_prob,time,valid_cover,test_cover,valid_in,test_in,valid_avg,avg_val,valid_cvar,test_cvar
80,1,80,0.15,1,1,-0.5645753542316658,0.0,-0.560810131923542,0.0,0.000759526,0.0,0.0,0.03576515445242687,0.0347151595750481,-0.8063356631672063,-0.8058844659218372,-0.4592794784697375,-0.4371650146401897
