seed,a_seed,nonrob_prob,nonrob_obj,scenario_probs,scenario_obj
50,50,1.0,-427.9040528934079,0.5083345194284645,-397.0272730927363
