seed,a_seed,nonrob_prob,nonrob_obj,scenario_probs,scenario_obj
60,60,1.0,-428.1885418675097,0.5005957239144151,-398.22399951788265
