seed,a_seed,nonrob_prob,nonrob_obj,scenario_probs,scenario_obj
90,90,1.0,-428.45190598065847,0.4275480057563775,-395.4363627272681
