seed,rho,a_seed,eta,gamma,init_rho,valid_obj,valid_prob,test_obj,test_prob,time,valid_cover,test_cover,valid_in,test_in,valid_avg,avg_val,valid_cvar,test_cvar
30,1,30,0.2,1,1,-0.6672842643260002,0.0,-0.6550165080738326,0.0,0.002253478,0.0,0.0,0.024276783885645293,0.02427678388564822,-0.8294385122786321,-0.8340989830682013,-0.5784164706949616,-0.5627100224544591
