seed,rho,a_seed,eta,gamma,init_rho,valid_obj,valid_prob,test_obj,test_prob,time,valid_cover,test_cover,valid_in,test_in,valid_avg,avg_val,valid_cvar,test_cvar
70,1,70,0.2,1,1,-0.6605162830245253,0.0,-0.6654080657993704,0.0,0.002254888,0.0,0.0,0.032652862444130175,0.032652862444135275,-0.82418053384368,-0.8171944287694884,-0.581797301820303,-0.5851254071731185
