seed,rho,a_seed,eta,gamma,init_rho,valid_obj,valid_prob,test_obj,test_prob,time,valid_cover,test_cover,valid_in,test_in,valid_avg,avg_val,valid_cvar,test_cvar
0,1,0,0.05,1,1,-0.6834233615163232,0.0,-0.6683634039274325,0.0,0.002263305,0.0,0.0,0.015973171572976282,0.017194634436804978,-0.8498625270416025,-0.84845681456201,-0.5904280578966772,-0.57631428120547
