seed,rho,a_seed,eta,gamma,init_rho,valid_obj,valid_prob,test_obj,test_prob,time,valid_cover,test_cover,valid_in,test_in,valid_avg,avg_val,valid_cvar,test_cvar
20,1,20,0.05,1,1,-0.6883783157517127,0.0,-0.6717511607900517,0.0,0.002335094,0.0,0.0,0.021076261440901228,0.02091469004283482,-0.8530347699270296,-0.824435120969335,-0.6227435274299029,-0.5868159745801161
