seed,rho,a_seed,eta,gamma,init_rho,valid_obj,valid_prob,test_obj,test_prob,time,valid_cover,test_cover,valid_in,test_in,valid_avg,avg_val,valid_cvar,test_cvar
30,1,30,0.05,1,1,-0.6772045499284203,0.0,-0.686890848025801,0.0,0.002324585,0.0,0.0,0.015905445276510995,0.01619992575036371,-0.8236194343648293,-0.8311881278135358,-0.6089983850187557,-0.6362016071440946
