seed,rho,a_seed,eta,gamma,init_rho,valid_obj,valid_prob,test_obj,test_prob,time,valid_cover,test_cover,valid_in,test_in,avg_val
0,1,0,0.2,1,1,-0.40609780043168814,0.005,-0.4423250525282642,0.0,0.000374471,0.0,0.0,-0.4964783121368975,-0.539237981727483,-0.851227704878296
