seed,rho,a_seed,eta,gamma,init_rho,valid_obj,valid_prob,test_obj,test_prob,time,valid_cover,test_cover,valid_in,test_in,avg_val
60,1,60,0.2,1,1,-0.22361632347343938,0.015,-0.26542037444338334,0.01,0.00037234,0.0,0.0,-0.39968453857761777,-0.4102742837728737,-0.828779422721372
