seed,rho,a_seed,eta,gamma,init_rho,valid_obj,valid_prob,test_obj,test_prob,time,valid_cover,test_cover,valid_in,test_in,avg_val
90,1,90,0.2,1,1,-0.27098339896070006,0.01,-0.3290391551817078,0.002,0.00041275,0.0,0.0,-0.3967824211852625,-0.44397289113722815,-0.8211027135052195
