seed,rho,a_seed,eta,gamma,init_rho,valid_obj,valid_prob,test_obj,test_prob,time,valid_cover,test_cover,valid_in,test_in,valid_avg,avg_val,valid_cvar,test_cvar
10,1,10,0.05,1,1,-0.5221586465765334,0.005,-0.5439452933188524,0.0,0.00036039,0.0,0.0,0.05804426395983855,0.05804426395983315,-0.8160707126068956,-0.831192799552234,-0.3767556147283587,-0.3793964459678254
