seed,rho,a_seed,eta,gamma,init_rho,valid_obj,valid_prob,test_obj,test_prob,time,valid_cover,test_cover,valid_in,test_in,valid_avg,avg_val,valid_cvar,test_cvar
40,1,40,0.05,1,1,-0.5205299959130294,0.0,-0.5686131315138209,0.006,0.00039057,0.0,0.0,0.024696830243386224,0.024033500456966977,-0.8019809463451395,-0.8024448611366141,-0.34687797441051543,-0.29729239441850175
