seed,rho,a_seed,eta,gamma,init_rho,valid_obj,valid_prob,test_obj,test_prob,time,valid_cover,test_cover,valid_in,test_in,valid_avg,avg_val,valid_cvar,test_cvar
70,1,70,0.05,1,1,-0.4729196688288055,0.01,-0.5140060662040482,0.002,0.00040072,0.0,0.0,0.0776624486312855,0.07766244863125149,-0.7567825929411373,-0.8070465243596279,-0.28507095312818626,-0.34636856652834586
