seed,rho,a_seed,eta,gamma,init_rho,valid_obj,valid_prob,test_obj,test_prob,time,valid_cover,test_cover,valid_in,test_in,valid_avg,avg_val,valid_cvar,test_cvar
80,1,80,0.05,1,1,-0.5722995924571135,0.0,-0.6123214402305568,0.0,0.00044706,0.0,0.0,0.014055549427916585,0.014502769405551355,-0.7874445253427104,-0.8075386553723859,-0.45650574018576123,-0.5116855688086618
