seed,rho,a_seed,eta,gamma,init_rho,valid_obj,valid_prob,test_obj,test_prob,time,valid_cover,test_cover,valid_in,test_in,avg_val
20,1,20,0.15,1,1,-0.3609058753990025,0.0025,-0.3831761706300916,0.0,0.000379353,0.0,0.0,-0.4273314607087317,-0.43648393743496966,-0.8072239889995322
