seed,rho,a_seed,eta,gamma,init_rho,valid_obj,valid_prob,test_obj,test_prob,time,valid_cover,test_cover,valid_in,test_in,avg_val
30,1,30,0.15,1,1,-0.2944608874859344,0.0,-0.3246564667104562,0.001,0.000417602,0.0,0.0,-0.3618328933219985,-0.3891460936179496,-0.819569137983664
