seed,rho,a_seed,eta,gamma,init_rho,valid_obj,valid_prob,test_obj,test_prob,time,valid_cover,test_cover,valid_in,test_in,avg_val
40,1,40,0.15,1,1,-0.34338726658346114,0.005,-0.36370492605980853,0.002,0.000450482,0.0,0.0,-0.4134327303278958,-0.42779944657166613,-0.8119296254242235
