seed,rho,a_seed,eta,gamma,init_rho,valid_obj,valid_prob,test_obj,test_prob,time,valid_cover,test_cover,valid_in,test_in,avg_val
60,1,60,0.15,1,1,-0.4203171952695085,0.0,-0.3917458255532575,0.001,0.000404242,0.0,0.0,-0.47636886768957853,-0.4434143879238154,-0.8121949834099601
