seed,rho,a_seed,eta,gamma,init_rho,valid_obj,valid_prob,test_obj,test_prob,time,valid_cover,test_cover,valid_in,test_in,avg_val
90,1,90,0.15,1,1,-0.35546596912287,0.005,-0.34777095840198896,0.002,0.000412852,0.0,0.0,-0.4166886189371331,-0.4076699529931357,-0.8162695818922445
