seed,rho,a_seed,eta,gamma,init_rho,valid_obj,valid_prob,test_obj,test_prob,time,valid_cover,test_cover,valid_in,test_in,avg_val
0,1,0,0.2,1,1,-0.37411623065202326,0.0025,-0.39422354843801366,0.001,0.000368033,0.0,0.0,-0.4874659973681208,-0.49138910485313814,-0.8339239166345978
