seed,rho,a_seed,eta,gamma,init_rho,valid_obj,valid_prob,test_obj,test_prob,time,valid_cover,test_cover,valid_in,test_in,avg_val
60,1,60,0.2,1,1,-0.40509098852021236,0.0025,-0.38204647453895785,0.001,0.000379522,0.0,0.0,-0.5036483014836138,-0.4855134320409743,-0.8178624408202632
