seed,rho,a_seed,eta,gamma,init_rho,valid_obj,valid_prob,test_obj,test_prob,time,valid_cover,test_cover,valid_in,test_in,avg_val,valid_cvar,test_cvar
70,1,70,0.12,1,1,-0.6798364283103713,0.0,-0.6864888727741636,0.0,0.003476155,0.0,0.0,0.017517378610242034,0.01751737861024391,-0.8998396222643523,-0.5734448489988284,-0.5981917177276901
