seed,rho,a_seed,eta,gamma,init_rho,valid_obj,valid_prob,test_obj,test_prob,time,valid_cover,test_cover,valid_in,test_in,valid_avg,avg_val,valid_cvar,test_cvar
80,1,80,0.12,1,1,-0.6908234007846885,0.0,-0.6937282853084177,0.0,0.002417773,0.0,0.0,0.02297324796752969,0.02297324796753088,-0.8408020776998396,-0.8334155061799111,-0.6179500435755483,-0.6203606625065045
