seed,rho,a_seed,eta,gamma,init_rho,valid_obj,valid_prob,test_obj,test_prob,time,valid_cover,test_cover,valid_in,test_in,avg_val
10,1,10,0.3,1,1,-0.5860768637075126,0.0,-0.565745834958429,0.0,0.002497646,0.0,0.0,-0.6775901321749406,-0.6664071619155747,-0.8373109484826989
