seed,rho,a_seed,eta,gamma,init_rho,valid_obj,valid_prob,test_obj,test_prob,time,valid_cover,test_cover,valid_in,test_in,avg_val
20,1,20,0.3,1,1,-0.5458445233994197,0.0,-0.5421605139141547,0.0,0.002272874,0.0,0.0,-0.6641314995140896,-0.6610244255376553,-0.8629360979275378
