seed,rho,a_seed,eta,gamma,init_rho,valid_obj,valid_prob,test_obj,test_prob,time,valid_cover,test_cover,valid_in,test_in,avg_val
40,1,40,0.3,1,1,-0.47774253095134994,0.0,-0.4479522009169872,0.0,0.002171444,0.0,0.0,-0.62467246101924,-0.6109008334950781,-0.8654012312519651
