seed,rho,a_seed,eta,gamma,init_rho,valid_obj,valid_prob,test_obj,test_prob,time,valid_cover,test_cover,valid_in,test_in,avg_val
80,1,80,0.3,1,1,-0.55095816647539,0.0,-0.5086435821078632,0.0,0.002407676,0.0,0.0,-0.6698698395531166,-0.644036989864881,-0.8426593265425781
