seed,rho,a_seed,eta,gamma,init_rho,valid_obj,valid_prob,test_obj,test_prob,time,valid_cover,test_cover,valid_in,test_in,avg_val
0,1,0,0.3,1,1,-0.5250011408289504,0.0,-0.522833624913862,0.0,0.002230324,0.0,0.0,-0.6520545997143411,-0.6447100765541166,-0.8530180878499869
