seed,rho,a_seed,eta,gamma,init_rho,valid_obj,valid_prob,test_obj,test_prob,time,valid_cover,test_cover,valid_in,test_in,avg_val
10,1,10,0.3,1,1,-0.538200883412462,0.0,-0.5213708438309905,0.0,0.002376205,0.0,0.0,-0.6414565488806246,-0.6400500639157162,-0.8371208751678494
