seed,rho,a_seed,eta,gamma,init_rho,valid_obj,valid_prob,test_obj,test_prob,time,valid_cover,test_cover,valid_in,test_in,avg_val
30,1,30,0.3,1,1,-0.4931250951163264,0.0025,-0.5074672337611054,0.0,0.002157294,0.0,0.0,-0.6329032584557215,-0.6356343575716549,-0.8598363213784044
