seed,rho,a_seed,eta,gamma,init_rho,valid_obj,valid_prob,test_obj,test_prob,time,valid_cover,test_cover,valid_in,test_in,avg_val
70,1,70,0.3,1,1,-0.5178013458727792,0.0,-0.538989439146221,0.0,0.002493776,0.0,0.0,-0.6429448012667909,-0.6461395944402393,-0.8243892079942311
