seed,rho,a_seed,eta,gamma,init_rho,valid_obj,valid_prob,test_obj,test_prob,time,valid_cover,test_cover,valid_in,test_in,avg_val
90,1,90,0.3,1,1,-0.4919480571184226,0.0,-0.5067605003093093,0.0,0.002487196,0.0,0.0,-0.6312461855490773,-0.6319279305255976,-0.8537248114264004
