seed,a_seed,nonrob_prob,nonrob_obj,scenario_probs,scenario_obj
3,3,0.8171907273085474,-5.341765973223036,0.024123753273153477,-3.7438735227411293
