seed,a_seed,nonrob_prob,nonrob_obj,scenario_probs,scenario_obj
6,6,0.8468715004999894,-5.630580577499361,0.02757865079284181,-3.2334058409529662
