seed,a_seed,nonrob_prob,nonrob_obj,scenario_probs,scenario_obj
9,9,0.8403451804420886,-5.119369226814164,0.027133876344803347,-3.5822450496591194
