seed,rho,a_seed,eta,gamma,init_rho,valid_obj,valid_prob,test_obj,test_prob,time,valid_cover,test_cover,valid_in,test_in,avg_val
10,1,10,0.3,1,1,-0.5026894189090182,0.0,-0.5642486966897234,0.0,0.002166754,0.0,0.0,-0.6188325194722484,-0.6578603812135919,-0.8547306157910579
