seed,rho,a_seed,eta,gamma,init_rho,valid_obj,valid_prob,test_obj,test_prob,time,valid_cover,test_cover,valid_in,test_in,avg_val
20,1,20,0.3,1,1,-0.5106220368805459,0.0,-0.4277273005773066,0.002,0.002210855,0.0,0.0,-0.6631133592970618,-0.6014182024298187,-0.8547092864730359
