seed,a_seed,nonrob_prob,nonrob_obj,scenario_probs,scenario_obj,scenario_in,nonrob_in,scenario_avg,nonrob_avg,scenario_cvar,nonrob_cvar
30,30,1.0,-421.00690219942425,0.38157022494094894,-392.3580669465138,-392.2280365307734,-427.2587363821156,-392.55109733558334,-427.6348348719113,-392.28876880823515,-417.94347268507124
