seed,a_seed,nonrob_prob,nonrob_obj,scenario_probs,scenario_obj,scenario_in,nonrob_in,scenario_avg,nonrob_avg,scenario_cvar,nonrob_cvar
50,50,1.0,-420.8656789346164,0.45252459563810127,-396.218237682832,-396.0793248718497,-427.9348447004174,-396.4184557256453,-428.09809489312545,-396.1337517208877,-417.4239900059253
