seed,rho,a_seed,eta,gamma,init_rho,valid_obj,valid_prob,test_obj,test_prob,time,valid_cover,test_cover,valid_in,test_in,avg_val
30,1,30,0.12,1,1,-0.30930882189857095,0.0,-0.27499475783190513,0.006,0.000414279,0.0,0.0,-0.34043469948761923,-0.30559963231765325,-0.8022002871639101
