seed,rho,a_seed,eta,gamma,init_rho,valid_obj,valid_prob,test_obj,test_prob,time,valid_cover,test_cover,valid_in,test_in,avg_val
60,1,60,0.12,1,1,-0.34051344199544975,0.005,-0.3114583221865868,0.008,0.00036096,0.0,0.0,-0.371964847642155,-0.3418021102034701,-0.8104435932265669
