seed,rho,a_seed,eta,gamma,init_rho,valid_obj,valid_prob,test_obj,test_prob,time,valid_cover,test_cover,valid_in,test_in,valid_avg,avg_val,valid_cvar,test_cvar
10,1,10,0.05,1,1,-0.5484848036423904,0.0075,-0.5426298924438205,0.003,0.000381071,0.0,0.0,0.060098148928263574,0.06009814892825298,-0.7989172251769723,-0.8000716217332468,-0.3833381921305134,-0.37739617681428356
