seed,rho,a_seed,eta,gamma,init_rho,valid_obj,valid_prob,test_obj,test_prob,time,valid_cover,test_cover,valid_in,test_in,avg_val,valid_cvar,test_cvar
30,1,30,0.05,1,1,-0.5040762181671403,0.0025,-0.5472630798389032,0.001,0.00039409,0.0,0.0,0.06298293198105424,0.06298293198104729,-0.8522883078638206,-0.3577605963836098,-0.39493066235480134
