seed,rho,a_seed,eta,gamma,init_rho,valid_obj,valid_prob,test_obj,test_prob,time,valid_cover,test_cover,valid_in,test_in,valid_avg,avg_val,valid_cvar,test_cvar
40,1,40,0.05,1,1,-0.46117719331214463,0.005,-0.4995391592165002,0.002,0.000383431,0.0,0.0,0.0687481091564473,0.06874810915644719,-0.794153191764858,-0.7930712570619638,-0.26342002520651214,-0.33440474477274523
