seed,rho,a_seed,eta,gamma,init_rho,valid_obj,valid_prob,test_obj,test_prob,time,valid_cover,test_cover,valid_in,test_in,valid_avg,avg_val,valid_cvar,test_cvar
50,1,50,0.05,1,1,-0.5299697173934023,0.005,-0.5511858407871914,0.004,0.000381171,0.0,0.0,0.06882159873915922,0.06882159873916316,-0.7789205062477543,-0.7792995801498741,-0.3510839053104738,-0.3762064820203616
