seed,rho,a_seed,eta,gamma,init_rho,valid_obj,valid_prob,test_obj,test_prob,time,valid_cover,test_cover,valid_in,test_in,valid_avg,avg_val,valid_cvar,test_cvar
60,1,60,0.05,1,1,-0.5285061202010014,0.0025,-0.5280550515718044,0.001,0.000429821,0.0,0.0,0.05251806089974762,0.05251806089972025,-0.8108373112396403,-0.8157553680026977,-0.39960828948148486,-0.40006597337532246
