seed,rho,a_seed,eta,gamma,init_rho,valid_obj,valid_prob,test_obj,test_prob,time,valid_cover,test_cover,valid_in,test_in,valid_avg,avg_val,valid_cvar,test_cvar
90,1,90,0.05,1,1,-0.5756889078598832,0.0025,-0.5441915770168098,0.003,0.000359161,0.0,0.0,0.06789738619420321,0.0678973861941577,-0.8171737484615177,-0.8113400236708346,-0.40564868970512397,-0.4024107413757423
