seed,rho,a_seed,eta,gamma,init_rho,valid_obj,valid_prob,test_obj,test_prob,time,valid_cover,test_cover,valid_in,test_in,avg_val
0,1,0,0.2,1,1,-0.4033590670678781,0.005,-0.44318802631926935,0.0,0.00035262,0.0,0.0,-0.493160057393743,-0.5363651824212452,-0.8470558825819894
