seed,rho,a_seed,eta,gamma,init_rho,valid_obj,valid_prob,test_obj,test_prob,time,valid_cover,test_cover,valid_in,test_in,avg_val
10,1,10,0.2,1,1,-0.3758108935823263,0.0,-0.3632014777043139,0.0,0.000346921,0.0,0.0,-0.5101048124082815,-0.47102190827784624,-0.8385632531814242
