seed,rho,a_seed,eta,gamma,init_rho,valid_obj,valid_prob,test_obj,test_prob,time,valid_cover,test_cover,valid_in,test_in,avg_val
30,1,30,0.2,1,1,-0.3739093899671885,0.0,-0.3556198182898519,0.006,0.00036002,0.0,0.0,-0.47409018489327764,-0.4599521022232837,-0.8287186127993118
