seed,rho,a_seed,eta,gamma,init_rho,valid_obj,valid_prob,test_obj,test_prob,time,valid_cover,test_cover,valid_in,test_in,avg_val
60,1,60,0.2,1,1,-0.22583985249566457,0.015,-0.2654000727564356,0.01,0.0003839,0.0,0.0,-0.402015306242989,-0.41057678300060185,-0.828900318988551
