seed,a_seed,nonrob_prob,nonrob_obj,scenario_probs,scenario_obj
40,40,1.0,-428.4086058392122,0.4493187356465067,-396.0025464508621
