seed,rho,a_seed,eta,gamma,init_rho,valid_obj,valid_prob,test_obj,test_prob,time,valid_cover,test_cover,valid_in,test_in,valid_avg,avg_val,valid_cvar,test_cvar
0,1,0,0.2,1,1,-0.5554152215347623,0.0025,-0.5257390975934368,0.0,0.000748018,0.0,0.0,0.06757521637457753,0.06757521637456779,-0.835003804124767,-0.8369442650537617,-0.38764159300779777,-0.39819020638454455
