seed,rho,a_seed,eta,gamma,init_rho,valid_obj,valid_prob,test_obj,test_prob,time,valid_cover,test_cover,valid_in,test_in,valid_avg,avg_val,valid_cvar,test_cvar
10,1,10,0.2,1,1,-0.584520554694417,0.0025,-0.5787853394369464,0.004,0.000754943,0.0,0.0,0.034225638862961726,0.03380606916702559,-0.8276778397104485,-0.8275353125855639,-0.43863546479269006,-0.4223879706824963
