seed,rho,a_seed,eta,gamma,init_rho,valid_obj,valid_prob,test_obj,test_prob,time,valid_cover,test_cover,valid_in,test_in,valid_avg,avg_val,valid_cvar,test_cvar
30,1,30,0.2,1,1,-0.5494201468805818,0.0,-0.5608968291405079,0.0,0.000843396,0.0,0.0,0.03522924715259437,0.0351829482626453,-0.8036029897805974,-0.8344190802117178,-0.39987560645854253,-0.4567318043386225
