seed,rho,a_seed,eta,gamma,init_rho,valid_obj,valid_prob,test_obj,test_prob,time,valid_cover,test_cover,valid_in,test_in,valid_avg,avg_val,valid_cvar,test_cvar
50,1,50,0.2,1,1,-0.5593000400113279,0.0,-0.5468725055878665,0.003,0.000787824,0.0,0.0,0.032835632000330635,0.03281289744577286,-0.796438471497762,-0.7890768834943324,-0.42868042163557857,-0.4300282092349052
