seed,rho,a_seed,eta,gamma,init_rho,valid_obj,valid_prob,test_obj,test_prob,time,valid_cover,test_cover,valid_in,test_in,valid_avg,avg_val,valid_cvar,test_cvar
30,1,30,0.2,1,1,-0.4760423508640505,0.0075,-0.5371902153889347,0.001,0.000764804,0.0,0.0,0.03765124065394842,0.03765124065394916,-0.801943582800134,-0.8441606156467591,-0.29579975717779877,-0.395835150820301
