seed,rho,a_seed,eta,gamma,init_rho,valid_obj,valid_prob,test_obj,test_prob,time,valid_cover,test_cover,valid_in,test_in,valid_avg,avg_val,valid_cvar,test_cvar
50,1,50,0.2,1,1,-0.47191287923967273,0.005,-0.4688904920088005,0.005,0.000830949,0.0,0.0,0.06852099295246744,0.06852099295243123,-0.777055074865495,-0.7661181374973369,-0.3274890890536119,-0.29289415134812524
