seed,rho,a_seed,eta,gamma,init_rho,valid_obj,valid_prob,test_obj,test_prob,time,valid_cover,test_cover,valid_in,test_in,valid_avg,avg_val,valid_cvar,test_cvar
70,1,70,0.2,1,1,-0.503764595972033,0.005,-0.49686425621665953,0.003,0.000849649,0.0,0.0,0.07248684508215794,0.07248684508215777,-0.7905953370895891,-0.7926138951884225,-0.349072233057401,-0.3200690757430037
