seed,rho,a_seed,eta,gamma,init_rho,valid_obj,valid_prob,test_obj,test_prob,time,valid_cover,test_cover,valid_in,test_in,valid_avg,avg_val,valid_cvar,test_cvar
80,1,80,0.2,1,1,-0.42855748817191464,0.005,-0.48133793888223725,0.004,0.00076472,0.0,0.0,0.04843894200029804,0.048438942000266834,-0.8043162619794834,-0.8217121686674713,-0.3326577444065427,-0.32600425863479343
