seed,rho,a_seed,eta,gamma,init_rho,valid_obj,valid_prob,test_obj,test_prob,time,valid_cover,test_cover,valid_in,test_in,avg_val
30,1,30,0.15,1,1,-0.36241583561768415,0.0,-0.3640286838914231,0.006,0.00040579,0.0,0.0,-0.4241579641640858,-0.41972856905417727,-0.8072772020310532
