seed,rho,a_seed,eta,gamma,init_rho,valid_obj,valid_prob,test_obj,test_prob,time,valid_cover,test_cover,valid_in,test_in,avg_val
90,1,90,0.15,1,1,-0.33839964437515546,0.005,-0.36357274891261065,0.002,0.00035181,0.0,0.0,-0.40831630908110805,-0.42399855287344845,-0.8183559711736714
