seed,rho,a_seed,eta,gamma,init_rho,valid_obj,valid_prob,test_obj,test_prob,time,valid_cover,test_cover,valid_in,test_in,valid_avg,avg_val,valid_cvar,test_cvar
0,1,0,0.2,1,1,-0.6800000576618505,0.0,-0.6516996039964784,0.0,0.002275066,0.0,0.0,0.01955786429589492,0.01955786429589888,-0.8590727049250739,-0.8574086800920903,-0.5917437523715252,-0.5810342347582742
