seed,rho,a_seed,eta,gamma,init_rho,valid_obj,valid_prob,test_obj,test_prob,time,valid_cover,test_cover,valid_in,test_in,valid_avg,avg_val,valid_cvar,test_cvar
50,1,50,0.2,1,1,-0.689448448011242,0.0,-0.6703147436857246,0.0,0.002441776,0.0,0.0,0.02487652085734504,0.02487652085734149,-0.8594955369821953,-0.8567766517681152,-0.6126522160243861,-0.5491748706044651
