seed,rho,a_seed,eta,gamma,init_rho,valid_obj,valid_prob,test_obj,test_prob,time,valid_cover,test_cover,valid_in,test_in,valid_avg,avg_val,valid_cvar,test_cvar
70,1,70,0.2,1,1,-0.6448013747479514,0.0,-0.6461821757212156,0.0,0.002339265,0.0,0.0,0.02697872310850986,0.02697872310850589,-0.827989523669975,-0.8205230127266684,-0.5765554075058529,-0.5463335589304223
