seed,rho,a_seed,eta,gamma,init_rho,valid_obj,valid_prob,test_obj,test_prob,time,valid_cover,test_cover,valid_in,test_in,avg_val
0,1,0,0.05,1,1,-0.41799303103069546,0.0,-0.4371122245426252,0.0,0.00036212,0.0,0.0,-0.32489334315430085,-0.3376783982511507,-0.8343681892783632
