seed,rho,a_seed,eta,gamma,init_rho,valid_obj,valid_prob,test_obj,test_prob,time,valid_cover,test_cover,valid_in,test_in,avg_val
10,1,10,0.05,1,1,-0.37730583723662797,0.005,-0.3593376116241626,0.002,0.00037388,0.0,0.0,-0.25047789395565967,-0.2569451838299777,-0.8227510335248425
