seed,rho,a_seed,eta,gamma,init_rho,valid_obj,valid_prob,test_obj,test_prob,time,valid_cover,test_cover,valid_in,test_in,avg_val
30,1,30,0.05,1,1,-0.3964630689410429,0.0,-0.3828893858607512,0.004,0.000356681,0.0,0.0,-0.32385874789362756,-0.28100217368695185,-0.8047421365459927
