seed,rho,a_seed,eta,gamma,init_rho,valid_obj,valid_prob,test_obj,test_prob,time,valid_cover,test_cover,valid_in,test_in,avg_val
50,1,50,0.05,1,1,-0.2731011565652907,0.01,-0.2807628509058467,0.006,0.00035985,0.0,0.0,-0.13668921143105442,-0.16880441215859446,-0.7871126889765548
