seed,rho,a_seed,eta,gamma,init_rho,valid_obj,valid_prob,test_obj,test_prob,time,valid_cover,test_cover,valid_in,test_in,valid_avg,avg_val,valid_cvar,test_cvar
20,1,20,0.1,1,1,-0.6665816967850491,0.0,-0.7057118419564213,0.0,0.002336662,0.0,0.0,0.006235181885576618,0.006235181885579411,-0.8271758613883669,-0.83797919931174,-0.5449262008145467,-0.6253767439428292
