seed,rho,a_seed,eta,gamma,init_rho,valid_obj,valid_prob,test_obj,test_prob,time,valid_cover,test_cover,valid_in,test_in,avg_val,valid_cvar,test_cvar
70,1,70,0.1,1,1,-0.6347528883510685,0.0,-0.653316391646033,0.001,0.002168763,0.0,0.0,-0.0014139485840401938,-0.0014139485840424567,-0.9075438081615389,-0.5282784182738776,-0.5283034843648255
