seed,rho,a_seed,eta,gamma,init_rho,valid_obj,valid_prob,test_obj,test_prob,time,valid_cover,test_cover,valid_in,test_in,valid_avg,avg_val,valid_cvar,test_cvar
80,1,80,0.1,1,1,-0.6936974414904482,0.0,-0.6869555332693584,0.0,0.002539473,0.0,0.0,0.008100145357432536,0.008100145357427717,-0.8446848263157642,-0.832381868372443,-0.5964916130589332,-0.5964032182789407
