seed,rho,a_seed,eta,gamma,init_rho,valid_obj,valid_prob,test_obj,test_prob,time,valid_cover,test_cover,valid_in,test_in,valid_avg,avg_val,valid_cvar,test_cvar
10,1,10,0.05,1,1,-0.5427469018945672,0.0025,-0.5398877956374483,0.003,0.000374191,0.0,0.0,0.06313869205970063,0.06313869205983064,-0.8070812344286034,-0.8081402054483376,-0.37656896862839484,-0.37040828641758006
