seed,rho,a_seed,eta,gamma,init_rho,valid_obj,valid_prob,test_obj,test_prob,time,valid_cover,test_cover,valid_in,test_in,valid_avg,avg_val,valid_cvar,test_cvar
20,1,20,0.05,1,1,-0.5199996806984434,0.0,-0.5480367801081916,0.001,0.000358151,0.0,0.0,0.048226771458528266,0.04822677186160445,-0.8197529563002025,-0.8251982965426244,-0.37339809621444525,-0.39667880826860524
