seed,rho,a_seed,eta,gamma,init_rho,valid_obj,valid_prob,test_obj,test_prob,time,valid_cover,test_cover,valid_in,test_in,avg_val,valid_cvar,test_cvar
20,1,20,0.05,1,1,-0.5086179017402214,0.0,-0.5247734597796059,0.001,0.00034909,0.0,0.0,0.07506594316611355,0.0750659431661204,-0.8338034911229395,-0.3373493589261956,-0.3686655904904687
