seed,rho,a_seed,eta,gamma,init_rho,valid_obj,valid_prob,test_obj,test_prob,time,valid_cover,test_cover,valid_in,test_in,valid_avg,avg_val,valid_cvar,test_cvar
30,1,30,0.05,1,1,-0.49436799767227196,0.0,-0.5725908540083974,0.003,0.000428051,0.0,0.0,0.05143597561594068,0.051435975570874044,-0.8028184508062488,-0.8224086815024343,-0.36743727637796925,-0.38034863901038424
