seed,rho,a_seed,eta,gamma,init_rho,valid_obj,valid_prob,test_obj,test_prob,time,valid_cover,test_cover,valid_in,test_in,avg_val,valid_cvar,test_cvar
70,1,70,0.05,1,1,-0.49191793640368303,0.0075,-0.5235398124063986,0.002,0.00040233,0.0,0.0,0.058309638801805945,0.058309638801830745,-0.8422834259291355,-0.3292129603035097,-0.3632438434193197
