seed,rho,a_seed,eta,gamma,init_rho,valid_obj,valid_prob,test_obj,test_prob,time,valid_cover,test_cover,valid_in,test_in,avg_val
20,1,20,0.1,1,1,-0.5843717372034636,0.0,-0.5108223305110654,0.0,0.002226174,0.0,0.0,-0.5843717372034636,-0.5108223305110654,-0.8129120603916405
