seed,rho,a_seed,eta,gamma,init_rho,valid_obj,valid_prob,test_obj,test_prob,time,valid_cover,test_cover,valid_in,test_in,avg_val
40,1,40,0.1,1,1,-0.5401543378437289,0.0,-0.5307375408914256,0.0,0.002312674,0.0,0.0,-0.5401543378437289,-0.5307375408914256,-0.8170374848316183
