seed,rho,a_seed,eta,gamma,init_rho,valid_obj,valid_prob,test_obj,test_prob,time,valid_cover,test_cover,valid_in,test_in,avg_val
60,1,60,0.1,1,1,-0.516971609215003,0.0,-0.5394944190835885,0.0,0.002428445,0.0,0.0,-0.516971609215003,-0.5394944190835885,-0.8236766910671104
