seed,rho,a_seed,eta,gamma,init_rho,valid_obj,valid_prob,test_obj,test_prob,time,valid_cover,test_cover,valid_in,test_in,avg_val
90,1,90,0.1,1,1,-0.5695613580489248,0.0,-0.558352295134554,0.0,0.002394324,0.0,0.0,-0.5695613580489248,-0.558352295134554,-0.8474210920182028
