seed,rho,a_seed,eta,gamma,init_rho,valid_obj,valid_prob,test_obj,test_prob,time,valid_cover,test_cover,valid_in,test_in,avg_val
20,1,20,0.05,1,1,-0.5918905837698499,0.0,-0.5652230799994753,0.0,0.002223255,0.0,0.0,-0.5203399299550343,-0.49405499566545424,-0.8171105421593499
