seed,rho,a_seed,eta,gamma,init_rho,valid_obj,valid_prob,test_obj,test_prob,time,valid_cover,test_cover,valid_in,test_in,avg_val
30,1,30,0.05,1,1,-0.4336501968727508,0.0,-0.4906331307759123,0.0,0.002240854,0.0,0.0,-0.30231626979483595,-0.40706574968412457,-0.826678567908391
