seed,rho,a_seed,eta,gamma,init_rho,valid_obj,valid_prob,test_obj,test_prob,time,valid_cover,test_cover,valid_in,test_in,avg_val
60,1,60,0.05,1,1,-0.534509152893177,0.0,-0.5630515687577959,0.0,0.002256434,0.0,0.0,-0.4838876059637045,-0.5128172924733883,-0.834958238058594
