seed,rho,a_seed,eta,gamma,init_rho,valid_obj,valid_prob,test_obj,test_prob,time,valid_cover,test_cover,valid_in,test_in,avg_val
80,1,80,0.05,1,1,-0.5544016241275032,0.0,-0.5565944972708975,0.0,0.002227974,0.0,0.0,-0.5016218477846148,-0.49635116921519745,-0.827546147956621
