seed,rho,a_seed,eta,gamma,init_rho,valid_obj,valid_prob,test_obj,test_prob,time,valid_cover,test_cover,valid_in,test_in,valid_avg,avg_val,valid_cvar,test_cvar
0,1,0,0.3,1,1,-0.6652404702078758,0.0,-0.6485804152436172,0.0,0.002262838,0.0,0.0,0.017912738635909618,0.0179127386359031,-0.8461572144987809,-0.8455397283986228,-0.5836058664585875,-0.5695460515710854
