seed,rho,a_seed,eta,gamma,init_rho,valid_obj,valid_prob,test_obj,test_prob,time,valid_cover,test_cover,valid_in,test_in,valid_avg,avg_val,valid_cvar,test_cvar
10,1,10,0.3,1,1,-0.6581691115837852,0.0,-0.6579622144114532,0.0,0.002261508,0.0,0.0,0.027002465319891537,0.027002465319893622,-0.8293394413747344,-0.8415373942208911,-0.6027178320057228,-0.5985363577645697
