seed,rho,a_seed,eta,gamma,init_rho,valid_obj,valid_prob,test_obj,test_prob,time,valid_cover,test_cover,valid_in,test_in,valid_avg,avg_val,valid_cvar,test_cvar
60,1,60,0.3,1,1,-0.6542410590116392,0.0,-0.6489616131296265,0.0,0.002500818,0.0,0.0,0.010032785378748459,0.01003278537875905,-0.8553800358918457,-0.8596227733649552,-0.5812438255818793,-0.5535998062631343
