,mean_eta,mean_init_rho,mean_valid_obj,mean_valid_prob,mean_test_obj,mean_test_prob,0.25_eta,0.25_init_rho,0.25_valid_obj,0.25_valid_prob,0.25_test_obj,0.25_test_prob,0.75_eta,0.75_init_rho,0.75_valid_obj,0.75_valid_prob,0.75_test_obj,0.75_test_prob
0,0.15,1.0,-0.8466696114735816,0.07579166666666667,-0.8443343115962197,0.0727675,0.15,1.0,-0.8542013403932216,0.02,-0.8511597698698343,0.013,0.15,1.0,-0.8375772736982378,0.095,-0.8396780175099382,0.095
1,0.2,1.0,-0.8522195729484833,0.08391875,-0.8483052195530766,0.08490666666666667,0.2,1.0,-0.8582439182207686,0.015,-0.8534841349246576,0.013,0.2,1.0,-0.8480519068099114,0.1075,-0.8418316778674784,0.11125
2,0.23,1.0,-0.8500347952933713,0.08939583333333334,-0.8492386986907753,0.08700250000000001,0.23,1.0,-0.8564502045409853,0.0225,-0.8556189252124363,0.016,0.23,1.0,-0.8422442090990176,0.108125,-0.8405838742855433,0.11425
3,0.25,1.0,-0.8515204714443068,0.0845375,-0.8504354824691857,0.08391749999999999,0.25,1.0,-0.8574891168395101,0.0125,-0.8560249791772132,0.012,0.25,1.0,-0.842574220372358,0.11,-0.8436449524860714,0.112
4,0.3,1.0,-0.8555731288684154,0.08936041666666666,-0.8550365993641901,0.0878425,0.3,1.0,-0.8620415629061774,0.01,-0.8614972496122119,0.01,0.3,1.0,-0.8486023661925349,0.1225,-0.8465805154894499,0.117
5,0.33,1.0,-0.858888510314826,0.08438958333333334,-0.8567511405514022,0.08429916666666668,0.33,1.0,-0.8660834088401693,0.0075,-0.8636392571028623,0.009,0.33,1.0,-0.8510820588535608,0.1075,-0.8488572302619264,0.10425
6,0.35,1.0,-0.8573107127851852,0.09206249999999999,-0.8564441933847864,0.088715,0.35,1.0,-0.865206463095758,0.0075,-0.86155330125586,0.01,0.35,1.0,-0.8493921117919013,0.125625,-0.8495265937920201,0.12
7,0.4,1.0,-0.8607481819770372,0.10505624999999999,-0.8580788572932805,0.09865583333333333,0.4,1.0,-0.8703825157553351,0.0125,-0.8640707256220801,0.014,0.4,1.0,-0.8522752792575855,0.1525,-0.8504873154860064,0.13525
8,0.45,1.0,-0.8585768191948165,0.09968541666666667,-0.8583627045802742,0.09490749999999999,0.45,1.0,-0.8677636437046583,0.015,-0.8650542580626791,0.013,0.45,1.0,-0.8495849330288006,0.1275,-0.8494404646913107,0.12075
