,mean_eta,mean_init_rho,mean_valid_obj,mean_valid_prob,mean_test_obj,mean_test_prob,0.25_eta,0.25_init_rho,0.25_valid_obj,0.25_valid_prob,0.25_test_obj,0.25_test_prob,0.75_eta,0.75_init_rho,0.75_valid_obj,0.75_valid_prob,0.75_test_obj,0.75_test_prob
0,0.15,1.0,-0.8449173368676226,0.08183333333333334,-0.8458049433172109,0.08335333333333333,0.15,1.0,-0.8530549717913847,0.0275,-0.8492641684500276,0.027,0.15,1.0,-0.8368067399459833,0.105625,-0.8414580386056055,0.11125
1,0.2,1.0,-0.8478937107809975,0.09174166666666667,-0.8476512609354361,0.08983166666666667,0.2,1.0,-0.8555193606337466,0.0225,-0.8519756891824546,0.018,0.2,1.0,-0.8400863701481204,0.1225,-0.8430048038481845,0.123
2,0.23,1.0,-0.8510441128025534,0.09569166666666666,-0.8506998340624871,0.09465333333333334,0.23,1.0,-0.8618670481654654,0.02,-0.8553651695681634,0.024,0.23,1.0,-0.8444360696599902,0.1325,-0.8449453143558652,0.12725
3,0.25,1.0,-0.8511228482217891,0.09229375,-0.8504733781084065,0.08986,0.25,1.0,-0.8596266067779896,0.02,-0.8568706979240103,0.022,0.25,1.0,-0.8400868443516916,0.1225,-0.8434878857837947,0.119
4,0.3,1.0,-0.8549340653196202,0.09931875,-0.8530754597459261,0.09902333333333334,0.3,1.0,-0.8610397266659593,0.025,-0.8573654419375923,0.023,0.3,1.0,-0.8514605343705113,0.135,-0.8475766270401643,0.14
5,0.33,1.0,-0.859211812471167,0.09686458333333334,-0.8563118375176434,0.10028333333333334,0.33,1.0,-0.8659601599920945,0.02,-0.8604145239266963,0.022,0.33,1.0,-0.8534828989005909,0.14,-0.8508714236309058,0.14225
6,0.35,1.0,-0.8576228616520604,0.11366458333333335,-0.8581608712152742,0.10616583333333333,0.35,1.0,-0.8638941071095974,0.02,-0.8623939660884906,0.022,0.35,1.0,-0.8548411489746938,0.16062500000000002,-0.852489347115323,0.15025
7,0.4,1.0,-0.8628928482567214,0.1074375,-0.8617913834108892,0.10171166666666667,0.4,1.0,-0.8697757316183224,0.02,-0.8663214908304396,0.018,0.4,1.0,-0.859080615841457,0.1525,-0.8555946500621446,0.14525
8,0.45,1.0,-0.863749320924306,0.11179166666666668,-0.8634276926881184,0.10804333333333332,0.45,1.0,-0.8708384862523173,0.029375,-0.8679435682725576,0.028,0.45,1.0,-0.8562589219550675,0.155,-0.8565303298775875,0.153
