seed,a_seed,nonrob_prob,nonrob_obj,scenario_probs,scenario_obj
110,110,1.0,-428.727918099636,0.6637726428223415,-402.32652911652934
