seed,a_seed,nonrob_prob,nonrob_obj,scenario_probs,scenario_obj
120,120,1.0,-428.6053361525461,0.633821406086946,-400.57002505247044
