seed,a_seed,nonrob_prob,nonrob_obj,scenario_probs,scenario_obj
40,40,0.6172585586838732,-0.8642321989257262,0.3119432254889819,-0.8357423932083645
