seed,rho,a_seed,eta,gamma,init_rho,valid_obj,valid_prob,test_obj,test_prob,time,valid_cover,test_cover,valid_in,test_in,valid_avg,avg_val,valid_cvar,test_cvar
70,1,70,0.12,1,1,-0.5013000073017282,0.01,-0.47922804895648363,0.006,0.000429099,0.0,0.0,0.05948186238266499,0.05948186238264216,-0.7961715058154885,-0.8525086311018468,-0.21829820514293535,-0.27669421158822394
