seed,rho,a_seed,eta,gamma,init_rho,valid_obj,valid_prob,test_obj,test_prob,time,valid_cover,test_cover,valid_in,test_in,valid_avg,avg_val,valid_cvar,test_cvar
10,1,10,0.2,1,1,-0.49479938068892154,0.0,-0.5217649086202993,0.001,0.000763622,0.0,0.0,0.06876055031676027,0.06876055031676304,-0.8185663789549759,-0.8180917273790682,-0.3717723424043734,-0.3872626147419403
