seed,rho,a_seed,eta,gamma,init_rho,valid_obj,valid_prob,test_obj,test_prob,time,valid_cover,test_cover,valid_in,test_in,valid_avg,avg_val,valid_cvar,test_cvar
60,1,60,0.2,1,1,-0.544067307726809,0.0,-0.5319591279373673,0.003,0.00071625,0.0,0.0,0.07814702811361822,0.07814702811358876,-0.8162037365177497,-0.8076631244514181,-0.41433316569075845,-0.39669700304356864
