seed,rho,a_seed,eta,gamma,init_rho,valid_obj,valid_prob,test_obj,test_prob,time,valid_cover,test_cover,valid_in,test_in,valid_avg,avg_val,valid_cvar,test_cvar
40,1,40,0.12,1,1,-0.6433440300230163,0.0,-0.6409397569448982,0.0,0.002176398,0.0,0.0,0.01807683897859785,0.01807683897859528,-0.8207793604554329,-0.8203230420725336,-0.5634987447202171,-0.5525037842680718
