seed,rho,a_seed,eta,gamma,init_rho,valid_obj,valid_prob,test_obj,test_prob,time,valid_cover,test_cover,valid_in,test_in,valid_avg,avg_val,valid_cvar,test_cvar
50,1,50,0.12,1,1,-0.6541240778714177,0.0,-0.6548351624988853,0.0,0.002156228,0.0,0.0,0.021191907695297187,0.021191907695304393,-0.8452056002286435,-0.8435471837008331,-0.5603252195275217,-0.5583930202269314
