seed,rho,a_seed,eta,gamma,init_rho,valid_obj,valid_prob,test_obj,test_prob,time,valid_cover,test_cover,valid_in,test_in,valid_avg,avg_val,valid_cvar,test_cvar
70,1,70,0.12,1,1,-0.652028994189626,0.0,-0.6554131705207175,0.0,0.002474618,0.0,0.0,0.02257706225416354,0.02257706225419206,-0.8382287619410858,-0.8301333919612504,-0.5859480252770988,-0.5588519316911021
