seed,rho,a_seed,eta,gamma,init_rho,valid_obj,valid_prob,test_obj,test_prob,time,valid_cover,test_cover,valid_in,test_in,valid_avg,avg_val,valid_cvar,test_cvar
60,1,60,0.3,1,1,-0.5078130920878587,0.015,-0.482949575040508,0.01,0.000448439,0.0,0.0,0.026896964776280573,0.026896964776281236,-0.8432125811846146,-0.8592763440971175,-0.25923727183125633,-0.26239572230783276
