seed,rho,a_seed,eta,gamma,init_rho,valid_obj,valid_prob,test_obj,test_prob,time,valid_cover,test_cover,valid_in,test_in,valid_avg,avg_val,valid_cvar,test_cvar
90,1,90,0.3,1,1,-0.4799711241962037,0.01,-0.5498308430999638,0.0,0.001840149,0.0,0.0,0.04743402982288505,0.04743402982288592,-0.843765648868917,-0.8800807696139241,-0.2991390778321508,-0.38638699491746076
