seed,rho,a_seed,eta,gamma,init_rho,valid_obj,valid_prob,test_obj,test_prob,time,valid_cover,test_cover,valid_in,test_in,avg_val,valid_cvar,test_cvar
0,1,0,0.1,1,1,-0.5899751385025693,0.0,-0.5831697217480001,0.001,0.000393414,0.0,0.0,0.0443306693204893,0.04447576212989145,-0.9015307970670733,-0.4493279098501651,-0.427354131885314
