seed,rho,a_seed,eta,gamma,init_rho,valid_obj,valid_prob,test_obj,test_prob,time,valid_cover,test_cover,valid_in,test_in,valid_avg,avg_val,valid_cvar,test_cvar
30,1,30,0.1,1,1,-0.6576511968603896,0.0,-0.6672148808334553,0.003,0.000395932,0.0,0.0,0.019427658491726153,0.01857837150079726,-0.8286996208449144,-0.8333380999598516,-0.5125192353362655,-0.5244123657138431
