seed,rho,a_seed,eta,gamma,init_rho,valid_obj,valid_prob,test_obj,test_prob,time,valid_cover,test_cover,valid_in,test_in,avg_val,valid_cvar,test_cvar
40,1,40,0.1,1,1,-0.56770680726087,0.0025,-0.566145387937404,0.0,0.00039258,0.0,0.0,0.023467052368406415,0.0245308911580457,-0.9017711120730221,-0.4357686138592203,-0.44734691598389453
