seed,rho,a_seed,eta,gamma,init_rho,valid_obj,valid_prob,test_obj,test_prob,time,valid_cover,test_cover,valid_in,test_in,valid_avg,avg_val,valid_cvar,test_cvar
80,1,80,0.1,1,1,-0.6392160890615037,0.0,-0.6255319704206281,0.0,0.000343701,0.0,0.0,0.038937234999332694,0.04147010055593529,-0.8213853409565404,-0.8161684741181248,-0.543070227679466,-0.545283908029754
