seed,rho,a_seed,eta,gamma,init_rho,valid_obj,valid_prob,test_obj,test_prob,time,valid_cover,test_cover,valid_in,test_in,avg_val
80,1,80,0.12,1,1,-0.3593033237393802,0.0,-0.36142364359970713,0.002,0.000418323,0.0,0.0,-0.383165771296363,-0.3887697939549161,-0.8311074042537014
