seed,rho,a_seed,eta,gamma,init_rho,valid_obj,valid_prob,test_obj,test_prob,time,valid_cover,test_cover,valid_in,test_in,valid_avg,avg_val,valid_cvar,test_cvar
0,1,0,0.3,1,1,-0.5171683943849202,0.0,-0.5675871743320751,0.0,0.000587679,0.0,0.0,0.06117906549280756,0.06117906549287431,-0.8559171145806911,-0.854541382864164,-0.39497340604317915,-0.4324617000883662
