seed,rho,a_seed,eta,gamma,init_rho,valid_obj,valid_prob,test_obj,test_prob,time,valid_cover,test_cover,valid_in,test_in,valid_avg,avg_val,valid_cvar,test_cvar
30,1,30,0.3,1,1,-0.5473222495948199,0.005,-0.49491861320403197,0.006,0.000611916,0.0,0.0,0.04770201910810224,0.047702019108097446,-0.8544016829330907,-0.8256966710091994,-0.3603576507506074,-0.32344235512693703
