seed,rho,a_seed,eta,gamma,init_rho,valid_obj,valid_prob,test_obj,test_prob,time,valid_cover,test_cover,valid_in,test_in,valid_avg,avg_val,valid_cvar,test_cvar
10,1,10,0.12,1,1,-0.6507292478192095,0.0025,-0.6386749236119692,0.002,0.000375501,0.0,0.0,0.025370086139194926,0.025676336151622715,-0.8182766703751829,-0.8177883338319746,-0.4871777971129559,-0.5107324526557123
