seed,rho,a_seed,eta,gamma,init_rho,valid_obj,valid_prob,test_obj,test_prob,time,valid_cover,test_cover,valid_in,test_in,valid_avg,avg_val,valid_cvar,test_cvar
20,1,20,0.12,1,1,-0.6181596137889664,0.005,-0.631952195454893,0.003,0.000359371,0.0,0.0,0.00912300990379862,0.012014944739816688,-0.8340165664874692,-0.8472736512614605,-0.4511097563087614,-0.484519854283555
