seed,rho,a_seed,eta,gamma,init_rho,valid_obj,valid_prob,test_obj,test_prob,time,valid_cover,test_cover,valid_in,test_in,valid_avg,avg_val,valid_cvar,test_cvar
90,1,90,0.12,1,1,-0.5866806314904782,0.0,-0.6054980781552509,0.001,0.000356361,0.0,0.0,0.026549447843030025,0.026679707076304435,-0.8079085505160836,-0.814319261281196,-0.46769325267167217,-0.49705068557603843
