seed,a_seed,nonrob_prob,nonrob_obj,scenario_probs,scenario_obj
90,90,0.6612029859612318,-0.8258944423257519,0.5324411779153159,-0.8221739184025336
