seed,rho,a_seed,eta,gamma,init_rho,valid_obj,valid_prob,test_obj,test_prob,time,valid_cover,test_cover,valid_in,test_in,valid_avg,avg_val,valid_cvar,test_cvar
50,1,50,0.15,1,1,-0.718773751274553,0.0,-0.6921320469800474,0.0,0.002439956,0.0,0.0,0.017346617669813855,0.017346617669812974,-0.8350364630172628,-0.8317291500351919,-0.6535658010952494,-0.6157657681205201
