seed,rho,a_seed,eta,gamma,init_rho,valid_obj,valid_prob,test_obj,test_prob,time,valid_cover,test_cover,valid_in,test_in,valid_avg,avg_val,valid_cvar,test_cvar
60,1,60,0.15,1,1,-0.6786591544466102,0.0,-0.682232042739765,0.0,0.002324966,0.0,0.0,0.020504781921445673,0.020504781921444525,-0.8455853013590009,-0.8371496937726909,-0.608790277286204,-0.5656699865475139
