seed,rho,a_seed,eta,gamma,init_rho,valid_obj,valid_prob,test_obj,test_prob,time,valid_cover,test_cover,valid_in,test_in,valid_avg,avg_val,valid_cvar,test_cvar
90,1,90,0.15,1,1,-0.6570948630837263,0.0,-0.6784234655654365,0.0,0.002401586,0.0,0.0,0.020991684411030012,0.020991684411026206,-0.823923941532507,-0.8278040051743095,-0.5476665357419109,-0.5876185291937732
