seed,rho,a_seed,eta,gamma,init_rho,valid_obj,valid_prob,test_obj,test_prob,time,valid_cover,test_cover,valid_in,test_in,valid_avg,avg_val,valid_cvar,test_cvar
30,1,30,0.12,1,1,-0.5327609216304505,0.0025,-0.553687777780063,0.001,0.000807381,0.0,0.0,0.05147409687489064,0.05148354237822831,-0.7971935106802178,-0.8254464683789475,-0.39647949536795996,-0.4472905483003184
