seed,rho,a_seed,eta,gamma,init_rho,valid_obj,valid_prob,test_obj,test_prob,time,valid_cover,test_cover,valid_in,test_in,valid_avg,avg_val,valid_cvar,test_cvar
40,1,40,0.12,1,1,-0.5764540439365513,0.005,-0.5552422272153946,0.005,0.000717339,0.0,0.0,0.030656128180159302,0.03080532610865339,-0.8110158297751532,-0.8146666321759362,-0.342201661010423,-0.39189304375792955
