seed,rho,a_seed,eta,gamma,init_rho,valid_obj,valid_prob,test_obj,test_prob,time,valid_cover,test_cover,valid_in,test_in,avg_val
20,1,20,0.3,1,1,-0.35241220602817336,0.0025,-0.3845078048632466,0.0,0.000457483,0.0,0.0,-0.5338284423080703,-0.5400898581528307,-0.8154550292610686
