,mean_eta,mean_init_rho,mean_valid_obj,mean_valid_prob,mean_test_obj,mean_test_prob,0.25_eta,0.25_init_rho,0.25_valid_obj,0.25_valid_prob,0.25_test_obj,0.25_test_prob,0.75_eta,0.75_init_rho,0.75_valid_obj,0.75_valid_prob,0.75_test_obj,0.75_test_prob
0,0.05,1.0,-0.7816134815549834,0.042375,-0.7833188594133729,0.04211666666666666,0.05,1.0,-0.8090135023708926,0.0,-0.810752218802489,0.008,0.05,1.0,-0.7537872635996219,0.04,-0.7667213520069049,0.04
1,0.1,1.0,-0.8119700089750682,0.12933333333333333,-0.8004492183874538,0.14612999999999998,0.1,1.0,-0.8215121816948996,0.04,-0.8083270256923512,0.056,0.1,1.0,-0.8013103312613405,0.17,-0.7910412615436764,0.196
2,0.15,1.0,-0.8214202728991348,0.1676416666666667,-0.8061371387808681,0.18761,0.15,1.0,-0.8394635552826204,0.07,-0.8278135966856702,0.084,0.15,1.0,-0.8072002569699024,0.21,-0.7839607608221901,0.252
3,0.2,1.0,-0.8290159881703223,0.19225,-0.8113539710741908,0.2207866666666667,0.2,1.0,-0.8535636173709348,0.1,-0.8354963295001009,0.12,0.2,1.0,-0.8100103962437283,0.24,-0.7987424359734727,0.288
4,0.23,1.0,-0.8408708461146638,0.197525,-0.8157760392755684,0.21908666666666665,0.23,1.0,-0.8543865047248056,0.08,-0.8482815308463889,0.092,0.23,1.0,-0.8261560237284622,0.28,-0.7975181287471227,0.312
5,0.25,1.0,-0.834325151173411,0.21108333333333335,-0.8165558192253263,0.23611,0.25,1.0,-0.8573460489631395,0.09,-0.8396772751890266,0.119,0.25,1.0,-0.8117096012695567,0.28,-0.7839886574391366,0.316
6,0.3,1.0,-0.8381198381011123,0.21154166666666666,-0.8160209592604232,0.24272000000000002,0.3,1.0,-0.8525366978169546,0.1,-0.8367656537845203,0.115,0.3,1.0,-0.8252668755463328,0.2725,-0.7980539379653067,0.329
7,0.33,1.0,-0.8341562739500028,0.20785,-0.815933925859957,0.22848,0.33,1.0,-0.8536120223257998,0.07,-0.8366085414893295,0.084,0.33,1.0,-0.8215566950240424,0.29,-0.7938635082085151,0.332
8,0.35,1.0,-0.8440293682651147,0.206625,-0.8262010714929947,0.2304733333333333,0.35,1.0,-0.8573884680043489,0.08,-0.8435254421724226,0.096,0.35,1.0,-0.8277642432371141,0.2925,-0.8099967341366385,0.332
