,mean_eta,mean_init_rho,mean_valid_obj,mean_valid_prob,mean_test_obj,mean_test_prob,mean_time,0.25_eta,0.25_init_rho,0.25_valid_obj,0.25_valid_prob,0.25_test_obj,0.25_test_prob,0.25_time,0.75_eta,0.75_init_rho,0.75_valid_obj,0.75_valid_prob,0.75_test_obj,0.75_test_prob,0.75_time
0,0.05,1.0,-0.8592047626689586,0.12944,-0.8361739737925059,0.13806933333333332,0.0029323666,0.05,1.0,-0.8883636785240182,0.0,-0.8554750437371096,0.0,0.002619662,0.05,1.0,-0.8307262337319379,0.1175,-0.8174442214049777,0.135,0.0031795
1,0.1,1.0,-0.8460999821177124,0.09868,-0.8263632397845094,0.09970666666666667,0.003790033,0.1,1.0,-0.8994887392800521,0.0,-0.8401155227023502,0.0,0.002533132,0.1,1.0,-0.806646097975876,0.08,-0.8036477569495232,0.088,0.004134957
2,0.15,1.0,-0.8577236936368343,0.06613333333333334,-0.8294530106851197,0.06931733333333333,0.0029901071,0.15,1.0,-0.9266692721051232,0.0,-0.8366520615059869,0.0,0.002603421,0.15,1.0,-0.801868690803739,0.06,-0.7956686580700534,0.072,0.003304029
3,0.2,1.0,-0.8429525215897574,0.08965333333333332,-0.8382495317831173,0.09048,0.0041196064,0.2,1.0,-0.8988449138793454,0.0,-0.8608847202067916,0.0,0.002483542,0.2,1.0,-0.7827595961686885,0.1175,-0.8152071766570178,0.116,0.0032683
4,0.23,1.0,-0.8555671781769401,0.11131999999999999,-0.8451813504254684,0.10877866666666668,0.0027558863,0.23,1.0,-0.9145813708642554,0.0,-0.8588694397108875,0.0,0.002461692,0.23,1.0,-0.7848731165432852,0.15,-0.8248325569171673,0.14,0.003016771
5,0.25,1.0,-0.857822911303424,0.10173333333333333,-0.8465428678122504,0.104576,0.0028137315,0.25,1.0,-0.89736758740493,0.0,-0.8569886402746603,0.0,0.00272832,0.25,1.0,-0.7776788444074889,0.15,-0.8220023086455641,0.16,0.00298533
6,0.3,1.0,-0.8635579491210571,0.17176,-0.8411384348704951,0.17415466666666665,0.0028502683999999997,0.3,1.0,-0.8969317082293629,0.0,-0.8647636209278913,0.0,0.002661041,0.3,1.0,-0.8131098086089242,0.2975,-0.8117325707217593,0.303,0.00293696
7,0.33,1.0,-0.866888319983854,0.17532,-0.8452114211494812,0.17952533333333334,0.0028213602,0.33,1.0,-0.9226442236983902,0.0,-0.8685114624419485,0.0,0.002541151,0.33,1.0,-0.803590874924611,0.28,-0.807261956392576,0.304,0.003092389
8,0.35,1.0,-0.8516310478334839,0.19321333333333332,-0.8458541295179531,0.19437333333333334,0.0027996145,0.35,1.0,-0.8979041340647747,0.0,-0.8526136954244936,0.0,0.002551431,0.35,1.0,-0.7868043378433103,0.34,-0.8226242149447701,0.332,0.003041559
