,mean_eta,mean_init_rho,mean_valid_obj,mean_valid_prob,mean_test_obj,mean_test_prob,0.25_eta,0.25_init_rho,0.25_valid_obj,0.25_valid_prob,0.25_test_obj,0.25_test_prob,0.75_eta,0.75_init_rho,0.75_valid_obj,0.75_valid_prob,0.75_test_obj,0.75_test_prob
0,0.05,1.0,-0.8495128061343031,0.20251999999999998,-0.8488163032784882,0.203728,0.05,1.0,-0.9065436094558755,0.0,-0.891141346905922,0.0,0.05,1.0,-0.7983050216903372,0.39,-0.8123970488449554,0.372
1,0.1,1.0,-0.8493659820171197,0.24730666666666665,-0.8388860339074234,0.24216000000000001,0.1,1.0,-0.8997200189077351,0.0,-0.8754115155148974,0.0,0.1,1.0,-0.7969288827444081,0.5175000000000001,-0.8051042671410213,0.483
2,0.15,1.0,-0.8552251698347105,0.2523066666666667,-0.8490501480341,0.24665066666666666,0.15,1.0,-0.8912218577676857,0.0,-0.8941992997972505,0.0,0.15,1.0,-0.7699613806310652,0.53,-0.8254163985317723,0.5
3,0.2,1.0,-0.832944699446271,0.2629066666666667,-0.8315492907464189,0.26730666666666664,0.2,1.0,-0.8763693125386781,0.0,-0.8687520846519798,0.0,0.2,1.0,-0.7900834209732317,0.555,-0.788856915630342,0.547
4,0.23,1.0,-0.8207872158254946,0.28385333333333335,-0.8371993234012503,0.27442666666666665,0.23,1.0,-0.8536524978331232,0.0,-0.8606001747415112,0.0,0.23,1.0,-0.7776804720331147,0.58,-0.8065462300029487,0.56
5,0.25,1.0,-0.8519490158661313,0.2740666666666667,-0.8378137766069861,0.27664533333333335,0.25,1.0,-0.88290774355065,0.0,-0.878059164513025,0.004,0.25,1.0,-0.7986946804926842,0.5774999999999999,-0.7964217329666763,0.567
6,0.3,1.0,-0.8439977764126555,0.26992,-0.8292591450455705,0.269136,0.3,1.0,-0.8790203877894878,0.0,-0.8575808628784846,0.0,0.3,1.0,-0.789072252733698,0.54,-0.7995396944311934,0.544
7,0.33,1.0,-0.8588806789058446,0.28436,-0.8320518376473585,0.28593066666666667,0.33,1.0,-0.8992187650205165,0.01,-0.8720893368587678,0.012,0.33,1.0,-0.8190531212713996,0.58,-0.7829728244264837,0.568
8,0.35,1.0,-0.8450504895211538,0.27297333333333335,-0.8372769907537075,0.2716906666666667,0.35,1.0,-0.8920008178266858,0.0,-0.8728275668229929,0.004,0.35,1.0,-0.7770548322485352,0.56,-0.8033994202445494,0.547
