,mean_eta,mean_init_rho,mean_valid_obj,mean_valid_prob,mean_test_obj,mean_test_prob,0.25_eta,0.25_init_rho,0.25_valid_obj,0.25_valid_prob,0.25_test_obj,0.25_test_prob,0.75_eta,0.75_init_rho,0.75_valid_obj,0.75_valid_prob,0.75_test_obj,0.75_test_prob
0,0.05,1.0,-0.8199996264186487,0.17075,-0.8181175720596113,0.16915333333333335,0.05,1.0,-0.8530976208746901,0.0,-0.8320116089381765,0.0,0.05,1.0,-0.7739797994937083,0.38,-0.7855749620178042,0.364
1,0.1,1.0,-0.8514211229743246,0.18433333333333332,-0.8408793027554786,0.18902000000000002,0.1,1.0,-0.8801898744991866,0.0075,-0.8703033938624198,0.004,0.1,1.0,-0.829209080041706,0.4,-0.8095801012895623,0.396
2,0.15,1.0,-0.8765310754118592,0.17996666666666666,-0.8464461270625152,0.19297999999999998,0.15,1.0,-0.9289374723001513,0.01,-0.877833731609544,0.007,0.15,1.0,-0.8351677854620511,0.37,-0.81307901163126,0.428
3,0.2,1.0,-0.8630226638116233,0.17843333333333333,-0.8525428723732488,0.1864,0.2,1.0,-0.8997472328807772,0.01,-0.8759110280491255,0.012,0.2,1.0,-0.8104364640101284,0.34,-0.8170793983135493,0.412
4,0.23,1.0,-0.8556648188827811,0.20118333333333335,-0.846359973216392,0.20943333333333333,0.23,1.0,-0.8828479247032017,0.0175,-0.8747756119644018,0.016,0.23,1.0,-0.8117887634063174,0.4025,-0.8201896665865472,0.424
5,0.25,1.0,-0.857821830279234,0.20153333333333334,-0.8420826808017656,0.20620666666666668,0.25,1.0,-0.8819320116302342,0.01,-0.8652632140195292,0.012,0.25,1.0,-0.8205205565163906,0.41,-0.819949341338104,0.432
6,0.3,1.0,-0.8665030335513321,0.21963333333333335,-0.8525112089222365,0.22776000000000002,0.3,1.0,-0.9014437721902104,0.02,-0.8811081163899777,0.02,0.3,1.0,-0.810979289792643,0.41,-0.8227424222443265,0.452
7,0.33,1.0,-0.8479152800334265,0.22508333333333336,-0.8321842923529285,0.23812666666666668,0.33,1.0,-0.891599415925484,0.02,-0.8676443510633092,0.02,0.33,1.0,-0.8143969878673775,0.43,-0.8183661408715946,0.465
8,0.35,1.0,-0.8511824759378822,0.22540000000000002,-0.8533083147074345,0.22766,0.35,1.0,-0.881932011470673,0.03,-0.877389107470367,0.024,0.35,1.0,-0.8117122718843081,0.43,-0.825405873025397,0.436
