,mean_eta,mean_init_rho,mean_valid_obj,mean_valid_prob,mean_test_obj,mean_test_prob,0.25_eta,0.25_init_rho,0.25_valid_obj,0.25_valid_prob,0.25_test_obj,0.25_test_prob,0.75_eta,0.75_init_rho,0.75_valid_obj,0.75_valid_prob,0.75_test_obj,0.75_test_prob
0,0.05,1.0,-0.8565040087112181,0.20352,-0.8396641802989094,0.20977066666666666,0.05,1.0,-0.8967207448831196,0.0,-0.8870761667041387,0.0,0.05,1.0,-0.8000806238170514,0.37,-0.7998581628915988,0.376
1,0.1,1.0,-0.8645201121795854,0.23417333333333332,-0.8451136991428819,0.23806933333333333,0.1,1.0,-0.9075965660877297,0.0,-0.8736259137711678,0.0,0.1,1.0,-0.8201865180953982,0.46749999999999997,-0.8083269370216271,0.471
2,0.15,1.0,-0.8435581793080209,0.25569333333333333,-0.8394627118332899,0.25158933333333333,0.15,1.0,-0.8878533605127288,0.0,-0.8788495336257718,0.0,0.15,1.0,-0.7978187219471289,0.5375000000000001,-0.8019340557993693,0.518
3,0.2,1.0,-0.8385962684342431,0.2617333333333334,-0.8390330910280724,0.25776,0.2,1.0,-0.8841745306396757,0.0,-0.8745092042268731,0.0,0.2,1.0,-0.7705719344082375,0.54,-0.7966942047862462,0.531
4,0.23,1.0,-0.8459829176059719,0.27446666666666664,-0.8417697381035176,0.27058133333333334,0.23,1.0,-0.8826216345395062,0.0,-0.8682780406089883,0.0,0.23,1.0,-0.7836716666082142,0.57,-0.8012763996653353,0.552
5,0.25,1.0,-0.849945920604438,0.2939466666666667,-0.8286535979842677,0.28912,0.25,1.0,-0.8823241548771412,0.01,-0.8520023125140223,0.004,0.25,1.0,-0.7942994623349189,0.6174999999999999,-0.8000909284100233,0.604
6,0.3,1.0,-0.8522491525232115,0.2796133333333333,-0.8485579262881574,0.27946666666666664,0.3,1.0,-0.8752395670428155,0.0,-0.8793842353623785,0.0,0.3,1.0,-0.8081866497537817,0.5475000000000001,-0.8204978542129765,0.575
7,0.33,1.0,-0.8551694730349502,0.2952,-0.8467602031680793,0.298192,0.33,1.0,-0.9072786788568116,0.0,-0.8752777485572442,0.008,0.33,1.0,-0.8132054059124607,0.59,-0.8047457066017324,0.595
8,0.35,1.0,-0.8438606181541323,0.2929733333333333,-0.8208606663868301,0.29708266666666666,0.35,1.0,-0.8808761675500366,0.0,-0.8399075761822132,0.0,0.35,1.0,-0.7871142517395839,0.61,-0.7768861305040358,0.619
