,mean_eta,mean_init_rho,mean_valid_obj,mean_valid_prob,mean_test_obj,mean_test_prob,0.25_eta,0.25_init_rho,0.25_valid_obj,0.25_valid_prob,0.25_test_obj,0.25_test_prob,0.75_eta,0.75_init_rho,0.75_valid_obj,0.75_valid_prob,0.75_test_obj,0.75_test_prob
0,0.05,1.0,-0.8017485983257672,0.10059166666666668,-0.7968191940082758,0.11492333333333332,0.05,1.0,-0.8173917801660628,0.02,-0.8091754436126705,0.028,0.05,1.0,-0.7781166485169302,0.1125,-0.7823655046364438,0.133
1,0.1,1.0,-0.8543884818656318,0.18145833333333333,-0.8301341800355566,0.20018,0.1,1.0,-0.8780068953241672,0.03,-0.8410386899757438,0.052,0.1,1.0,-0.8262726168782433,0.28,-0.8194705190993552,0.288
2,0.15,1.0,-0.8537903159816903,0.17655,-0.8327027991701668,0.18764333333333333,0.15,1.0,-0.873708514269279,0.04,-0.8465527797709141,0.04,0.15,1.0,-0.8321123610179562,0.26,-0.8139431891957135,0.261
3,0.2,1.0,-0.8524596976019556,0.16464166666666666,-0.8320457575659932,0.18417666666666666,0.2,1.0,-0.8705010138191331,0.02,-0.8557971323493536,0.032,0.2,1.0,-0.8326248475251388,0.25,-0.8078154390783954,0.268
4,0.23,1.0,-0.852875523684277,0.15331666666666666,-0.834592724597033,0.17193,0.23,1.0,-0.8719742093039593,0.01,-0.8520601639904712,0.028,0.23,1.0,-0.8351633513476615,0.23,-0.8084710151077598,0.252
5,0.25,1.0,-0.8536391931639097,0.145425,-0.8288198625198779,0.16094999999999998,0.25,1.0,-0.8700333398220391,0.01,-0.8460897250283843,0.012,0.25,1.0,-0.8360379297896854,0.21,-0.8092485661688005,0.233
6,0.3,1.0,-0.8449426337157129,0.16368333333333332,-0.824028345874149,0.17313,0.3,1.0,-0.8636004954173585,0.01,-0.8407988482468436,0.012,0.3,1.0,-0.8227755364510074,0.25,-0.7985650477546208,0.265
7,0.33,1.0,-0.8580629727475192,0.24662499999999998,-0.8358728815281657,0.26226,0.33,1.0,-0.8708567444116991,0.02,-0.8588128684372145,0.04,0.33,1.0,-0.8314750083923641,0.4,-0.8101355744000316,0.44
8,0.35,1.0,-0.8474350445650058,0.2512916666666667,-0.8272717136271869,0.27398666666666666,0.35,1.0,-0.8618407271074323,0.02,-0.8449257406389019,0.032,0.35,1.0,-0.8224800071117031,0.42,-0.8092441375591737,0.456
