,mean_eta,mean_init_rho,mean_valid_obj,mean_valid_prob,mean_test_obj,mean_test_prob,0.25_eta,0.25_init_rho,0.25_valid_obj,0.25_valid_prob,0.25_test_obj,0.25_test_prob,0.75_eta,0.75_init_rho,0.75_valid_obj,0.75_valid_prob,0.75_test_obj,0.75_test_prob
0,0.05,1.0,-0.795873775313669,0.05035833333333333,-0.7800885072800819,0.04980333333333334,0.05,1.0,-0.8197888789952328,0.0,-0.8013002548697733,0.004,0.05,1.0,-0.774558063220659,0.05,-0.7721249529245482,0.04
1,0.1,1.0,-0.8206240407498288,0.1505,-0.8118049423196376,0.15585666666666667,0.1,1.0,-0.8325386640487127,0.05,-0.8266643017628891,0.063,0.1,1.0,-0.8113411816196879,0.2,-0.7983038636610008,0.208
2,0.15,1.0,-0.832563675342895,0.17494166666666666,-0.8120492052754105,0.19515666666666664,0.15,1.0,-0.847042232296693,0.06,-0.8321558523073589,0.064,0.15,1.0,-0.8148362821818405,0.23,-0.790832397884172,0.264
3,0.2,1.0,-0.8364677276873613,0.19948333333333332,-0.8149363519868325,0.22236,0.2,1.0,-0.8472050737250247,0.08,-0.8402205386954241,0.104,0.2,1.0,-0.8275965471123381,0.27,-0.7951952461074822,0.296
4,0.23,1.0,-0.8225098732788518,0.217825,-0.8141512785216001,0.23456666666666667,0.23,1.0,-0.845245163174031,0.1,-0.8438690539558182,0.108,0.23,1.0,-0.7991093457470501,0.28250000000000003,-0.7876504253452199,0.309
5,0.25,1.0,-0.8238215593956387,0.22149166666666667,-0.8070745459561213,0.22369,0.25,1.0,-0.8421277854212557,0.1,-0.833750840771877,0.096,0.25,1.0,-0.8078844138821535,0.29,-0.7791551857482495,0.297
6,0.3,1.0,-0.8334791840523543,0.23154166666666667,-0.8119828067045265,0.25179,0.3,1.0,-0.8517042287183825,0.09,-0.8274224939487702,0.096,0.3,1.0,-0.8159488542176497,0.32,-0.7919852832322426,0.364
7,0.33,1.0,-0.8327642169989725,0.19465833333333335,-0.8100560310530881,0.21156666666666665,0.33,1.0,-0.8451243137134087,0.06,-0.8255334910367552,0.064,0.33,1.0,-0.8179835481002056,0.26,-0.7870891595544262,0.293
8,0.35,1.0,-0.8374300040458903,0.20886666666666667,-0.8193193490254654,0.22692333333333334,0.35,1.0,-0.852732897463743,0.09,-0.8400119014275848,0.08,0.35,1.0,-0.8215797096356331,0.28,-0.7971644595417484,0.324
