,mean_eta,mean_init_rho,mean_valid_obj,mean_valid_prob,mean_test_obj,mean_test_prob,0.25_eta,0.25_init_rho,0.25_valid_obj,0.25_valid_prob,0.25_test_obj,0.25_test_prob,0.75_eta,0.75_init_rho,0.75_valid_obj,0.75_valid_prob,0.75_test_obj,0.75_test_prob
0,0.05,1.0,-0.8030020759349792,0.054150000000000004,-0.8060619772895029,0.05559,0.05,1.0,-0.8144741884796606,0.0,-0.823356245668903,0.0,0.05,1.0,-0.7922291125564924,0.06,-0.788276434632357,0.06
1,0.1,1.0,-0.8278166763366239,0.17857499999999998,-0.808971535851106,0.19334666666666667,0.1,1.0,-0.8436567444538354,0.06,-0.8264310313628318,0.072,0.1,1.0,-0.821670924355598,0.23,-0.7919728072700143,0.236
2,0.15,1.0,-0.8293099883905232,0.20988333333333334,-0.8107037163356124,0.22797666666666666,0.15,1.0,-0.8365748295620664,0.06,-0.8263247634037397,0.072,0.15,1.0,-0.8134094796902908,0.29,-0.7926527062793878,0.316
3,0.2,1.0,-0.8326408950401258,0.22861666666666663,-0.8097339999612144,0.24567999999999998,0.2,1.0,-0.8541290033017052,0.09,-0.8336114235496335,0.108,0.2,1.0,-0.8136164861992231,0.3,-0.7859586495476504,0.328
4,0.23,1.0,-0.8334884184456381,0.22265000000000001,-0.8119402444976408,0.24674333333333331,0.23,1.0,-0.8589773533113206,0.07,-0.8326369105167841,0.092,0.23,1.0,-0.8126573740789607,0.31,-0.7941359382960731,0.344
5,0.25,1.0,-0.8335317571160037,0.2495166666666667,-0.819861969183181,0.25687000000000004,0.25,1.0,-0.8527605458216383,0.09,-0.8421310678735385,0.104,0.25,1.0,-0.8140332490910398,0.35,-0.7961168961908877,0.364
6,0.3,1.0,-0.8275515745791867,0.23381666666666664,-0.8073773933974157,0.2582933333333333,0.3,1.0,-0.8559123228508805,0.08,-0.8315721794426574,0.104,0.3,1.0,-0.7986772758622492,0.32,-0.784490869253827,0.356
7,0.33,1.0,-0.8300993500706891,0.2589416666666667,-0.8119171475579,0.2746266666666667,0.33,1.0,-0.845047796735287,0.09,-0.8328256466615787,0.104,0.33,1.0,-0.8141720123167969,0.35,-0.7906120372308502,0.384
8,0.35,1.0,-0.8317374339220813,0.27257499999999996,-0.8148389643426727,0.28270333333333336,0.35,1.0,-0.8556671194929424,0.1,-0.8295397929987067,0.112,0.35,1.0,-0.8125312563144529,0.39,-0.8027050228016142,0.401
