,mean_eta,mean_init_rho,mean_valid_obj,mean_valid_prob,mean_test_obj,mean_test_prob,0.25_eta,0.25_init_rho,0.25_valid_obj,0.25_valid_prob,0.25_test_obj,0.25_test_prob,0.75_eta,0.75_init_rho,0.75_valid_obj,0.75_valid_prob,0.75_test_obj,0.75_test_prob
0,0.05,1.0,-0.7944916121946717,0.11900000000000001,-0.7790225769311998,0.13553666666666667,0.05,1.0,-0.8109766491906194,0.05,-0.7976193479075504,0.06,0.05,1.0,-0.7774595155989105,0.15,-0.7691983598160907,0.176
1,0.1,1.0,-0.8467863408379195,0.24098333333333333,-0.8287454128213775,0.25931000000000004,0.1,1.0,-0.8667932931934238,0.1175,-0.8409693892445989,0.128,0.1,1.0,-0.8294920474196896,0.33,-0.8171199811275973,0.357
2,0.15,1.0,-0.8604274817010901,0.2623416666666667,-0.8365013326805895,0.27498333333333336,0.15,1.0,-0.8750675023968593,0.11,-0.8585364754803714,0.112,0.15,1.0,-0.8444417477512461,0.39,-0.8146478839328075,0.404
3,0.2,1.0,-0.8586339411681226,0.22959166666666667,-0.8392860970669741,0.24578999999999998,0.2,1.0,-0.870727711182046,0.08,-0.8611815530943737,0.084,0.2,1.0,-0.8455636043191429,0.36,-0.8233949314236818,0.372
4,0.23,1.0,-0.8558142580911653,0.21140833333333334,-0.841035530469142,0.2207366666666667,0.23,1.0,-0.8654078409051699,0.06,-0.8546324826040131,0.052,0.23,1.0,-0.8420014770981389,0.32,-0.8292783010959297,0.344
5,0.25,1.0,-0.8638272588574025,0.20702500000000001,-0.8396405946177131,0.22035333333333332,0.25,1.0,-0.8699076004099255,0.03,-0.8587348149256026,0.048,0.25,1.0,-0.8516524680896382,0.33,-0.8212646950123403,0.349
6,0.3,1.0,-0.8606417573278607,0.198475,-0.8406875139557922,0.21328666666666665,0.3,1.0,-0.8715588502799648,0.05,-0.8583329346454738,0.056,0.3,1.0,-0.846927430655434,0.3,-0.8240912745961607,0.336
7,0.33,1.0,-0.860126802130944,0.18690833333333332,-0.8426706861922092,0.19913333333333333,0.33,1.0,-0.8716803792776162,0.03,-0.8596493857935685,0.04,0.33,1.0,-0.843285690095854,0.29,-0.8245896603539307,0.316
8,0.35,1.0,-0.8609914916053737,0.18486666666666668,-0.8412642667092282,0.1968,0.35,1.0,-0.8733535903473058,0.04,-0.8560262869130915,0.036,0.35,1.0,-0.8420555104204992,0.28,-0.8250792704562407,0.32
