,mean_eta,mean_init_rho,mean_valid_obj,mean_valid_prob,mean_test_obj,mean_test_prob,0.25_eta,0.25_init_rho,0.25_valid_obj,0.25_valid_prob,0.25_test_obj,0.25_test_prob,0.75_eta,0.75_init_rho,0.75_valid_obj,0.75_valid_prob,0.75_test_obj,0.75_test_prob
0,0.05,1.0,-0.8660215916454473,0.22146666666666667,-0.8435012834366983,0.24120666666666665,0.05,1.0,-0.8883731168482742,0.01,-0.8599346094851674,0.004,0.05,1.0,-0.8315149596152147,0.49,-0.81938147053321,0.532
1,0.1,1.0,-0.8534488096924305,0.2422166666666667,-0.8377680217299586,0.24753333333333336,0.1,1.0,-0.880566602111208,0.01,-0.862067608698787,0.008,0.1,1.0,-0.8168523103948564,0.51,-0.8164478204133212,0.516
2,0.15,1.0,-0.8484910820885567,0.25175000000000003,-0.850500894765736,0.24978,0.15,1.0,-0.8729949889145836,0.02,-0.8668992225971087,0.02,0.15,1.0,-0.8178970927819257,0.48,-0.8250099444747454,0.512
3,0.2,1.0,-0.8475429155722484,0.2513,-0.8346363848074336,0.26277333333333336,0.2,1.0,-0.8803545085403857,0.03,-0.8547053194726881,0.032,0.2,1.0,-0.8115803022837644,0.48,-0.8112871505034579,0.524
4,0.23,1.0,-0.8835395490882119,0.2630166666666667,-0.8600141585937929,0.2733066666666667,0.23,1.0,-0.9121660897902858,0.03,-0.8891126171918471,0.032,0.23,1.0,-0.8505849486683075,0.5,-0.8284630848504663,0.516
5,0.25,1.0,-0.8668869596331988,0.2520833333333333,-0.8458761808115023,0.2635733333333333,0.25,1.0,-0.9094205597381627,0.03,-0.8742160529840014,0.032,0.25,1.0,-0.8147401022686824,0.4925,-0.8184093423703,0.52
6,0.3,1.0,-0.863386429490691,0.25955,-0.8463616920395771,0.26803333333333335,0.3,1.0,-0.9013200706898399,0.03,-0.8753403797924667,0.04,0.3,1.0,-0.8272656282021795,0.5,-0.8171642805264645,0.528
7,0.33,1.0,-0.8813478984293025,0.2524666666666667,-0.8590446424420992,0.2577466666666667,0.33,1.0,-0.9310766004872089,0.03,-0.8983078732803718,0.028,0.33,1.0,-0.8441879994728527,0.49,-0.8236487508105086,0.512
8,0.35,1.0,-0.8864101078889662,0.2629333333333333,-0.8579334659720508,0.27471333333333336,0.35,1.0,-0.9159302123663304,0.04,-0.8874911092643337,0.044,0.35,1.0,-0.8409477225268824,0.49,-0.8258005726711041,0.52
