,mean_eta,mean_init_rho,mean_valid_obj,mean_valid_prob,mean_test_obj,mean_test_prob,0.25_eta,0.25_init_rho,0.25_valid_obj,0.25_valid_prob,0.25_test_obj,0.25_test_prob,0.75_eta,0.75_init_rho,0.75_valid_obj,0.75_valid_prob,0.75_test_obj,0.75_test_prob
0,0.05,1.0,-0.8311572827819012,0.22394666666666668,-0.8248770561818107,0.21669866666666668,0.05,1.0,-0.886718497000041,0.0,-0.8503996727111894,0.0,0.05,1.0,-0.7745140526874652,0.4775,-0.7969345481205945,0.432
1,0.1,1.0,-0.8558611260763156,0.20514666666666667,-0.8373794499116931,0.20982933333333334,0.1,1.0,-0.8930522662155614,0.0,-0.8710485383671077,0.0,0.1,1.0,-0.7944243406754334,0.39,-0.804280641062002,0.394
2,0.15,1.0,-0.8622069159814404,0.22710666666666668,-0.8419270485263245,0.23216533333333333,0.15,1.0,-0.8915485432611912,0.0,-0.8764515853068291,0.0,0.15,1.0,-0.820821808721495,0.46,-0.8104164773360348,0.476
3,0.2,1.0,-0.8518037847982197,0.24396,-0.8433298165543374,0.242048,0.2,1.0,-0.8869722201326283,0.0,-0.8831025882523492,0.0,0.2,1.0,-0.8039555875510018,0.46749999999999997,-0.8064824073663375,0.475
4,0.23,1.0,-0.8313391154126348,0.26977333333333336,-0.8409397113413227,0.26341333333333333,0.23,1.0,-0.8748952948401394,0.0,-0.8660020633711596,0.0,0.23,1.0,-0.7778676428684734,0.57,-0.8072298846299248,0.539
5,0.25,1.0,-0.8430504689094299,0.26567999999999997,-0.8205168073030424,0.267824,0.25,1.0,-0.8829135667521449,0.0,-0.8483350242314671,0.0,0.25,1.0,-0.7910407930648783,0.54,-0.7913365892373787,0.547
6,0.3,1.0,-0.8179146262636425,0.27408,-0.8237997895187537,0.26954133333333335,0.3,1.0,-0.852569707378727,0.0,-0.8558147003352286,0.0,0.3,1.0,-0.764423257345805,0.56,-0.7902626628414605,0.548
7,0.33,1.0,-0.8331109540570283,0.28758666666666666,-0.8276528920401658,0.28786133333333336,0.33,1.0,-0.885891111695491,0.0,-0.8502405365306479,0.004,0.33,1.0,-0.7677002065464767,0.59,-0.7900651712754885,0.579
8,0.35,1.0,-0.8243840939270817,0.2893733333333333,-0.8168820741882777,0.287584,0.35,1.0,-0.8534722224121876,0.0,-0.8478043260020343,0.0,0.35,1.0,-0.7911885512762752,0.58,-0.7933004611498333,0.584
