,mean_eta,mean_init_rho,mean_valid_obj,mean_valid_prob,mean_test_obj,mean_test_prob,0.25_eta,0.25_init_rho,0.25_valid_obj,0.25_valid_prob,0.25_test_obj,0.25_test_prob,0.75_eta,0.75_init_rho,0.75_valid_obj,0.75_valid_prob,0.75_test_obj,0.75_test_prob
0,0.05,1.0,-0.8128490243700941,0.11646666666666666,-0.8011839188993428,0.12142333333333333,0.05,1.0,-0.8301667111396062,0.03,-0.8184290999216269,0.036,0.05,1.0,-0.7925213600240704,0.13,-0.7816427000920099,0.152
1,0.1,1.0,-0.8583143228974571,0.19591666666666666,-0.8329822210595743,0.2189833333333333,0.1,1.0,-0.8721941543609675,0.05,-0.851353211575572,0.075,0.1,1.0,-0.8399071130377499,0.31,-0.8104314494962328,0.32
2,0.15,1.0,-0.8633518978121614,0.18965833333333335,-0.8399543092374412,0.19935666666666668,0.15,1.0,-0.8793944548122852,0.03,-0.8559224763375815,0.036,0.15,1.0,-0.8428133691520859,0.29,-0.824964944753042,0.308
3,0.2,1.0,-0.8610562077296443,0.16490833333333335,-0.838553125331458,0.17890666666666666,0.2,1.0,-0.8740903628750221,0.01,-0.8576406764496183,0.024,0.2,1.0,-0.8452600890180542,0.26,-0.8165887914552514,0.276
4,0.23,1.0,-0.8667051056071582,0.16055,-0.8345567660671978,0.18694333333333332,0.23,1.0,-0.8850144342482538,0.02,-0.855158770890362,0.032,0.23,1.0,-0.8361037946900884,0.24,-0.8085306381450337,0.285
5,0.25,1.0,-0.8585322597507531,0.16249166666666667,-0.8388517884785657,0.18049333333333334,0.25,1.0,-0.8726772176864755,0.02,-0.8620003006577366,0.024,0.25,1.0,-0.8330126433692636,0.26,-0.8101861666135926,0.28
6,0.3,1.0,-0.8558151231781248,0.16278333333333334,-0.8329341382510757,0.18246666666666667,0.3,1.0,-0.8731811825930839,0.02,-0.8486666857351546,0.032,0.3,1.0,-0.8372237412268496,0.25,-0.8127823578762187,0.272
7,0.33,1.0,-0.8579421071411452,0.14531666666666665,-0.8342672592357124,0.16475333333333333,0.33,1.0,-0.8787442936924821,0.01,-0.8516512389771386,0.016,0.33,1.0,-0.8288368467315534,0.22,-0.8091954393121744,0.256
8,0.35,1.0,-0.8534228631498579,0.14394166666666666,-0.8296917745087117,0.16296333333333335,0.35,1.0,-0.874845823188883,0.01,-0.8460473404207912,0.016,0.35,1.0,-0.8274437523796476,0.21,-0.8071024162769926,0.244
