,mean_eta,mean_init_rho,mean_valid_obj,mean_valid_prob,mean_test_obj,mean_test_prob,0.25_eta,0.25_init_rho,0.25_valid_obj,0.25_valid_prob,0.25_test_obj,0.25_test_prob,0.75_eta,0.75_init_rho,0.75_valid_obj,0.75_valid_prob,0.75_test_obj,0.75_test_prob
0,0.05,1.0,-0.8136012740632822,0.11721666666666666,-0.7962877475834619,0.13222666666666666,0.05,1.0,-0.8351879669284045,0.05,-0.8176289896110088,0.056,0.05,1.0,-0.7885368831087736,0.13,-0.7794467527239225,0.156
1,0.1,1.0,-0.8519870200435244,0.2167,-0.8284931307038675,0.23678333333333332,0.1,1.0,-0.8680708998717279,0.07,-0.8419958081148212,0.092,0.1,1.0,-0.8355679679306398,0.32,-0.8135420773448166,0.336
2,0.15,1.0,-0.8620267766862617,0.19803333333333334,-0.839443419345809,0.21057666666666666,0.15,1.0,-0.88203163710743,0.05,-0.8494486883923535,0.052,0.15,1.0,-0.8458122016691809,0.3,-0.8277268969434937,0.316
3,0.2,1.0,-0.8630534998282036,0.18123333333333333,-0.8387353506484989,0.19957333333333332,0.2,1.0,-0.8728350974211587,0.03,-0.85369021796405,0.036,0.2,1.0,-0.8445380862577558,0.28,-0.8181748038257031,0.312
4,0.23,1.0,-0.8652455801754989,0.17611666666666667,-0.8403622792135725,0.19575333333333333,0.23,1.0,-0.8810032141968591,0.03,-0.8573300921591601,0.04,0.23,1.0,-0.8452350552256467,0.27,-0.8146051742315372,0.3
5,0.25,1.0,-0.865110931733449,0.16754166666666667,-0.8410252091966233,0.18460000000000001,0.25,1.0,-0.8718381844092382,0.02,-0.8575513159964749,0.032,0.25,1.0,-0.8526303094746749,0.25,-0.8246485710628049,0.284
6,0.3,1.0,-0.8587141411060674,0.16175,-0.836837425028092,0.18100666666666668,0.3,1.0,-0.8851332252521603,0.02,-0.8563732248706589,0.028,0.3,1.0,-0.8391667430215901,0.25,-0.8156215570573355,0.28
7,0.33,1.0,-0.8579119520793307,0.16230833333333333,-0.8341702087813458,0.17899666666666667,0.33,1.0,-0.8801753649561129,0.01,-0.8507504458403323,0.024,0.33,1.0,-0.8318109144054666,0.25,-0.8183474053199731,0.281
8,0.35,1.0,-0.859908224270238,0.15275833333333333,-0.8383752848919389,0.16986333333333334,0.35,1.0,-0.8751683399225985,0.01,-0.8609740295661837,0.02,0.35,1.0,-0.8353408156855714,0.23,-0.8149526576945635,0.261
