,mean_eta,mean_init_rho,mean_valid_obj,mean_valid_prob,mean_test_obj,mean_test_prob,0.25_eta,0.25_init_rho,0.25_valid_obj,0.25_valid_prob,0.25_test_obj,0.25_test_prob,0.75_eta,0.75_init_rho,0.75_valid_obj,0.75_valid_prob,0.75_test_obj,0.75_test_prob
0,0.05,1.0,-0.8670644631798421,0.20278666666666667,-0.8323703520224176,0.20812266666666668,0.05,1.0,-0.9165887419693735,0.0,-0.8679820236597964,0.0,0.05,1.0,-0.8226954371152517,0.39,-0.79685087140997,0.388
1,0.1,1.0,-0.8547483145011835,0.18804,-0.8313190238015694,0.18688533333333335,0.1,1.0,-0.8996872005762355,0.0,-0.8561285640597457,0.0,0.1,1.0,-0.8028210865661467,0.34,-0.7847447490586861,0.335
2,0.15,1.0,-0.8640091342212134,0.20394666666666666,-0.8380976677113605,0.20948266666666665,0.15,1.0,-0.9219188950320675,0.0,-0.8719278401079064,0.0,0.15,1.0,-0.8016656732619409,0.3775,-0.8043249856913515,0.399
3,0.2,1.0,-0.8536913773846309,0.23589333333333332,-0.8389711886784594,0.23718933333333334,0.2,1.0,-0.909255123452602,0.0,-0.8757756336823921,0.0,0.2,1.0,-0.8077137479555023,0.47,-0.7997284255071733,0.471
4,0.23,1.0,-0.8291742134883043,0.25177333333333335,-0.8344845521845031,0.24363733333333334,0.23,1.0,-0.8753345468615814,0.0,-0.8640841122746006,0.0,0.23,1.0,-0.7815748937782021,0.53,-0.7838628350764116,0.5
5,0.25,1.0,-0.8440162001294266,0.24955999999999998,-0.8274045705897817,0.249664,0.25,1.0,-0.8729763153680077,0.0,-0.8504976403277777,0.0,0.25,1.0,-0.7800273014492504,0.5,-0.7754935626321956,0.499
6,0.3,1.0,-0.8289175885102846,0.2561333333333333,-0.8222406529599646,0.250816,0.3,1.0,-0.8725181367894803,0.0,-0.8545043970060708,0.0,0.3,1.0,-0.7653753125766114,0.5075000000000001,-0.7855112416726499,0.499
7,0.33,1.0,-0.827716130700843,0.26112,-0.8189795080973519,0.2591093333333333,0.33,1.0,-0.8764205882676919,0.0,-0.8417362539557862,0.0,0.33,1.0,-0.7857277947253203,0.54,-0.7896784677104173,0.523
8,0.35,1.0,-0.829509184325991,0.2673333333333333,-0.8241768421695365,0.25744,0.35,1.0,-0.8666266286656266,0.0,-0.857228073325125,0.0,0.35,1.0,-0.7810446310659587,0.52,-0.7769141242404976,0.499
