seed,a_seed,nonrob_prob,nonrob_obj,scenario_probs,scenario_obj
10,10,1.0,-428.22040453357175,0.7763892321565471,-402.86021492647825
