seed,rho,a_seed,eta,gamma,init_rho,valid_obj,valid_prob,test_obj,test_prob,time,valid_cover,test_cover,valid_in,test_in,avg_val,valid_cvar,test_cvar
10,1,10,0.15,1,1,-0.7106152662018662,0.0,-0.7048304657471236,0.0,0.002254053,0.0,0.0,0.0029907215741466968,0.0026295577143051084,-0.9246113011986394,-0.6491080842896236,-0.6086328031942574
