seed,rho,a_seed,eta,gamma,init_rho,valid_obj,valid_prob,test_obj,test_prob,time,valid_cover,test_cover,valid_in,test_in,valid_avg,avg_val,valid_cvar,test_cvar
30,1,30,0.15,1,1,-0.7638571032430519,0.0,-0.7515319743757365,0.0,0.002133231,0.0,0.0,-0.002411085507982551,-0.0021223009612442376,-0.8580183279872736,-0.8540241650735385,-0.7066070375205046,-0.6751555880055952
