seed,rho,a_seed,eta,gamma,init_rho,valid_obj,valid_prob,test_obj,test_prob,time,valid_cover,test_cover,valid_in,test_in,avg_val,valid_cvar,test_cvar
40,1,40,0.15,1,1,-0.6734921859869452,0.0,-0.7035975219524728,0.001,0.002522293,0.0,0.0,0.007312185019057123,0.007312185019054788,-0.9289223055175504,-0.5728579343327548,-0.5885903658103641
