seed,rho,a_seed,eta,gamma,init_rho,valid_obj,valid_prob,test_obj,test_prob,time,valid_cover,test_cover,valid_in,test_in,avg_val,valid_cvar,test_cvar
60,1,60,0.15,1,1,-0.7065178705340319,0.0,-0.7227438918469105,0.0,0.002083843,0.0,0.0,-0.0007653993521524062,-0.00020319395138813256,-0.9202021242149249,-0.6202348939675125,-0.6363460386373665
