seed,rho,a_seed,eta,gamma,init_rho,valid_obj,valid_prob,test_obj,test_prob,time,valid_cover,test_cover,valid_in,test_in,valid_avg,avg_val,valid_cvar,test_cvar
90,1,90,0.15,1,1,-0.6961959618127176,0.0,-0.7221297321820336,0.0,0.003544918,0.0,0.0,-0.01720081266892446,-0.017225504568575786,-0.857697152108441,-0.8611405916887568,-0.6205575148583667,-0.6121621850189408
