seed,rho,a_seed,eta,gamma,init_rho,valid_obj,valid_prob,test_obj,test_prob,time,valid_cover,test_cover,valid_in,test_in,avg_val
30,1,30,0.15,1,1,-0.49310291061858275,0.0,-0.5297311652913922,0.0,0.002306284,0.0,0.0,-0.5390280921524615,-0.5684676987684153,-0.8231952506783257
