seed,rho,a_seed,eta,gamma,init_rho,valid_obj,valid_prob,test_obj,test_prob,time,valid_cover,test_cover,valid_in,test_in,avg_val
40,1,40,0.15,1,1,-0.5431928253909886,0.0,-0.5155198792716906,0.0,0.002304344,0.0,0.0,-0.5841433392548816,-0.5605455686568304,-0.8116227948304074
