seed,rho,a_seed,eta,gamma,init_rho,valid_obj,valid_prob,test_obj,test_prob,time,valid_cover,test_cover,valid_in,test_in,avg_val
90,1,90,0.15,1,1,-0.5904534418990327,0.0,-0.5731405110782251,0.0,0.002315674,0.0,0.0,-0.6212291967909638,-0.6070520279206333,-0.819607627491444
