seed,rho,a_seed,eta,gamma,init_rho,valid_obj,valid_prob,test_obj,test_prob,time,valid_cover,test_cover,valid_in,test_in,avg_val
0,1,0,0.12,1,1,-0.3899814235094027,0.005,-0.42278079759737447,0.0,0.00039938,0.0,0.0,-0.42166019514173514,-0.4471357797173837,-0.8496382103822326
