seed,rho,a_seed,eta,gamma,init_rho,valid_obj,valid_prob,test_obj,test_prob,time,valid_cover,test_cover,valid_in,test_in,avg_val
30,1,30,0.12,1,1,-0.3411340329047526,0.0,-0.4045398793570594,0.006,0.00034893,0.0,0.0,-0.3741738812230376,-0.43079614854399195,-0.8292422151270578
