seed,rho,a_seed,eta,gamma,init_rho,valid_obj,valid_prob,test_obj,test_prob,time,valid_cover,test_cover,valid_in,test_in,avg_val
40,1,40,0.12,1,1,-0.25478592485098145,0.01,-0.19521622516219386,0.014,0.00034368,0.0,0.0,-0.2901601235536925,-0.2481010848653285,-0.8142010405533691
