seed,rho,a_seed,eta,gamma,init_rho,valid_obj,valid_prob,test_obj,test_prob,time,valid_cover,test_cover,valid_in,test_in,avg_val
60,1,60,0.12,1,1,-0.3150705876535016,0.0,-0.37042012606025576,0.004,0.000360051,0.0,0.0,-0.349966886404477,-0.4000032094854014,-0.8198480539546495
