seed,rho,a_seed,eta,gamma,init_rho,valid_obj,valid_prob,test_obj,test_prob,time,valid_cover,test_cover,valid_in,test_in,avg_val
10,1,10,0.1,1,1,-0.5658417776943017,0.0,-0.565230588665968,0.0,0.002575227,0.0,0.0,-0.5658417776943017,-0.565230588665968,-0.8376745026192197
