seed,rho,a_seed,eta,gamma,init_rho,valid_obj,valid_prob,test_obj,test_prob,time,valid_cover,test_cover,valid_in,test_in,avg_val
30,1,30,0.1,1,1,-0.514834335935036,0.0,-0.5009272315617258,0.0,0.002440256,0.0,0.0,-0.514834335935036,-0.5009272315617258,-0.827731179125043
