seed,rho,a_seed,eta,gamma,init_rho,valid_obj,valid_prob,test_obj,test_prob,time,valid_cover,test_cover,valid_in,test_in,avg_val
40,1,40,0.1,1,1,-0.5295763626664682,0.0,-0.5269306303143136,0.0,0.002441396,0.0,0.0,-0.5295763626664682,-0.5269306303143136,-0.8305289479257747
