seed,rho,a_seed,eta,gamma,init_rho,valid_obj,valid_prob,test_obj,test_prob,time,valid_cover,test_cover,valid_in,test_in,avg_val
50,1,50,0.1,1,1,-0.5729450532566974,0.0,-0.5411357909893625,0.0,0.002358795,0.0,0.0,-0.5729450532566974,-0.5411357909893625,-0.821652785257648
