seed,a_seed,nonrob_prob,nonrob_obj,scenario_probs,scenario_obj
10,10,0.6016863716350135,-0.8778287837046571,0.29646171976585195,-0.8080434351673251
