seed,rho,a_seed,eta,gamma,init_rho,valid_obj,valid_prob,test_obj,test_prob,time,valid_cover,test_cover,valid_in,test_in,valid_avg,avg_val,valid_cvar,test_cvar
80,1,80,0.2,1,1,-0.49067905079435603,0.0,-0.47181971333144634,0.001,0.000754351,0.0,0.0,0.061485178281729086,0.06148517828173047,-0.8074295333430632,-0.8142757730906233,-0.36322300932454066,-0.33524359314807184
