seed,rho,a_seed,eta,gamma,init_rho,valid_obj,valid_prob,test_obj,test_prob,time,valid_cover,test_cover,valid_in,test_in,avg_val
10,1,10,0.1,1,1,-0.5709758051391083,0.0,-0.5672650556167681,0.0,0.002355526,0.0,0.0,-0.5709758051391083,-0.5672650556167681,-0.8428106909491178
