seed,rho,a_seed,eta,gamma,init_rho,valid_obj,valid_prob,test_obj,test_prob,time,valid_cover,test_cover,valid_in,test_in,avg_val
40,1,40,0.1,1,1,-0.5366794135143744,0.0,-0.5270867921142666,0.0,0.002481046,0.0,0.0,-0.5366794135143744,-0.5270867921142666,-0.8179905141896533
