seed,rho,a_seed,eta,gamma,init_rho,valid_obj,valid_prob,test_obj,test_prob,time,valid_cover,test_cover,valid_in,test_in,avg_val
60,1,60,0.1,1,1,-0.592293660882731,0.0,-0.5736435013934424,0.0,0.002292896,0.0,0.0,-0.592293660882731,-0.5736435013934424,-0.8177112224292056
