context_val,seed,alpha,eps,test_lcx_prob,test_lcx_obj,valid_lcx_prob,valid_lcx_obj,time,in_val,test_avg,valid_avg
1,0,0.1,0.1,0.0,0.023375165770078643,0.0,-0.5223730733928097,2179.4578573703766,0.28535517370447183,-0.7579455193229796,-0.7910179506336538
