context_val,seed,alpha,eps,test_lcx_prob,test_lcx_obj,valid_lcx_prob,valid_lcx_obj,time,in_val,test_avg,valid_avg
3,0,0.1,0.1,0.0,-0.5109257055166131,0.0,-0.5467004085951929,2522.3786005973816,0.36424457859689585,-0.8432112900772626,-1.0528556943261664
