context_val,seed,alpha,eps,test_lcx_prob,test_lcx_obj,valid_lcx_prob,valid_lcx_obj,time,in_val,test_avg,valid_avg
7,0,0.1,0.1,0.0,-0.4256035647635638,0.0,-0.35244852289322787,2633.472338914871,0.4264855749481078,-0.7801160005831657,-0.7622493037750334
