context_val,seed,alpha,eps,test_lcx_prob,test_lcx_obj,valid_lcx_prob,valid_lcx_obj,time,in_val,test_avg,valid_avg
9,0,0.1,0.1,0.0,-0.009281289619681521,0.09090909090909091,0.2443046225817473,1114.5693650245667,0.1447145905470817,-0.9203344687413869,-0.8994256611190199
