context_val,seed,alpha,eps,test_lcx_prob,test_lcx_obj,valid_lcx_prob,valid_lcx_obj,time,in_val,test_avg,valid_avg
14,10,0.1,0.1,0.08695652173913043,0.2722287506230972,0.0,-0.455066683832441,4402.715155363083,0.3274721006853245,-0.6989562561748369,-0.8790839489238517
