context_val,seed,alpha,eps,test_lcx_prob,test_lcx_obj,valid_lcx_prob,valid_lcx_obj,time,in_val,test_avg,valid_avg
11,10,0.1,0.1,0.0,-0.11302510079969297,0.0,-0.405039331065586,1239.5757203102112,0.21509601137641984,-0.8236762985578343,-0.7729838278003934
