context_val,seed,alpha,eps,test_lcx_prob,test_lcx_obj,valid_lcx_prob,valid_lcx_obj,time,in_val,test_avg,valid_avg
13,10,0.1,0.1,0.0,-0.1953543259605562,0.0,-0.4260299132031704,1961.0164563655853,0.26443203499319556,-0.8873908860066924,-0.9564762478500596
