context_val,seed,alpha,eps,test_lcx_prob,test_lcx_obj,valid_lcx_prob,valid_lcx_obj,time,in_val,test_avg,valid_avg
17,10,0.1,0.1,0.0,-0.22429565837212462,0.0,-0.33394479103209745,1591.929208278656,0.14869286079290617,-0.8362738244508972,-0.7821517048660321
