context_val,seed,alpha,eps,test_lcx_prob,test_lcx_obj,valid_lcx_prob,valid_lcx_obj,time,in_val,test_avg,valid_avg
2,10,0.1,0.1,0.0,-0.3464657780914411,0.0,-0.318658594215632,2718.994194984436,0.3895424445323045,-0.8042355844074922,-0.7319550226173313
