context_val,seed,alpha,eps,test_lcx_prob,test_lcx_obj,valid_lcx_prob,valid_lcx_obj,time,in_val,test_avg,valid_avg
6,10,0.1,0.1,0.03225806451612903,-0.1461277598170606,0.0,-0.5684904615041619,612.81551861763,0.08925367658092097,-0.8073981438449844,-0.9853978861953606
