context_val,seed,alpha,eps,test_lcx_prob,test_lcx_obj,valid_lcx_prob,valid_lcx_obj,time,in_val,test_avg,valid_avg
8,10,0.1,0.1,0.0,-0.2572042141773654,0.0,-0.5090389361488259,1586.6698882579803,0.12258971692947403,-0.7629623083814988,-0.818797121878487
