context_val,seed,alpha,eps,test_lcx_prob,test_lcx_obj,valid_lcx_prob,valid_lcx_obj,time,in_val,test_avg,valid_avg
17,20,0.1,0.1,0.0,-0.3401795743539022,0.125,0.22438392230077137,954.4545781612396,0.20928274008367884,-0.7554009045165212,-0.7306776824088594
