context_val,seed,alpha,eps,test_lcx_prob,test_lcx_obj,valid_lcx_prob,valid_lcx_obj,time,in_val,test_avg,valid_avg
16,20,0.1,0.1,0.0,-0.26810092829297577,0.0,0.025825437227542963,2179.4295229911804,0.25711556218348924,-0.8054607947684791,-0.5585720528409557
