context_val,seed,alpha,eps,test_lcx_prob,test_lcx_obj,valid_lcx_prob,valid_lcx_obj,time,in_val,test_avg,valid_avg
11,20,0.1,0.1,0.0,-0.2918160975100511,0.0,-0.35727950397989877,325.9724450111389,0.12591895775440734,-0.7121897667595741,-0.743090253479709
