context_val,seed,alpha,eps,test_lcx_prob,test_lcx_obj,valid_lcx_prob,valid_lcx_obj,time,in_val,test_avg,valid_avg
15,20,0.1,0.1,0.0,0.0062877862209261,0.0,-0.3858279987677522,3386.531742811203,0.40693233332131434,-0.6004130668578459,-0.7630056720436067
