context_val,seed,alpha,eps,test_lcx_prob,test_lcx_obj,valid_lcx_prob,valid_lcx_obj,time,in_val,test_avg,valid_avg
5,20,0.1,0.1,0.0,-0.37288951618813754,0.0,-0.6102141166176379,2616.6230189800262,0.3922956607429192,-0.8075907812672306,-0.7330338083361605
