context_val,seed,alpha,eps,test_lcx_prob,test_lcx_obj,valid_lcx_prob,valid_lcx_obj,time,in_val,test_avg,valid_avg
7,20,0.1,0.1,0.0,-0.23671111725190339,0.0,-0.07797533053622505,1538.5102746486664,0.26455417327105024,-0.7536650821615739,-0.9133140762528348
