context_val,seed,alpha,eps,test_lcx_prob,test_lcx_obj,valid_lcx_prob,valid_lcx_obj,time,in_val,test_avg,valid_avg
9,20,0.1,0.1,0.0,-0.3171997552768041,0.0,-0.255048753687657,1229.8977200984955,0.36116472903303,-0.7236029842119723,-0.8043589866474711
