context_val,seed,alpha,eps,test_lcx_prob,test_lcx_obj,valid_lcx_prob,valid_lcx_obj,time,in_val,test_avg,valid_avg
12,30,0.1,0.1,0.03571428571428571,0.30166573983666406,0.0,-0.48007360850736436,1501.1600904464722,0.31298701098952336,-0.7069350347232481,-0.901510714807074
