context_val,seed,alpha,eps,test_lcx_prob,test_lcx_obj,valid_lcx_prob,valid_lcx_obj,time,in_val,test_avg,valid_avg
1,30,0.1,0.1,0.0,-0.28362350155355226,0.0,-0.2685772240089804,3208.9685015678406,0.2936778995635163,-0.8898336752393913,-0.8403804233257076
