context_val,seed,alpha,eps,test_lcx_prob,test_lcx_obj,valid_lcx_prob,valid_lcx_obj,time,in_val,test_avg,valid_avg
14,30,0.1,0.1,0.043478260869565216,-0.08274068986675683,0.0,-0.37341245803891754,1901.989798784256,0.4305309747274805,-0.7443017869933974,-0.7464897396737168
