context_val,seed,alpha,eps,test_lcx_prob,test_lcx_obj,valid_lcx_prob,valid_lcx_obj,time,in_val,test_avg,valid_avg
10,30,0.1,0.1,0.0,-0.3558679236664974,0.0,-0.5148560715460219,3616.36581659317,0.350764065802737,-0.7872276698532695,-0.8826102086110499
