context_val,seed,alpha,eps,test_lcx_prob,test_lcx_obj,valid_lcx_prob,valid_lcx_obj,time,in_val,test_avg,valid_avg
17,30,0.1,0.1,0.038461538461538464,-0.1625010225528795,0.0,-0.2810614668924881,1777.214203119278,0.22968328557461837,-0.7892664390585649,-0.994004933595346
