context_val,seed,alpha,eps,test_lcx_prob,test_lcx_obj,valid_lcx_prob,valid_lcx_obj,time,in_val,test_avg,valid_avg
11,30,0.1,0.1,0.034482758620689655,0.09444712086769397,0.0,-0.2926353739917141,360.12541580200195,0.2453668382387167,-0.6906907994362278,-0.7620699598165785
