context_val,seed,alpha,eps,test_lcx_prob,test_lcx_obj,valid_lcx_prob,valid_lcx_obj,time,in_val,test_avg,valid_avg
13,30,0.1,0.1,0.0,-0.14505357170236569,0.07692307692307693,0.2169084703476369,1241.409631729126,0.4311308247363792,-0.9664721906282921,-0.7967735250758441
