context_val,seed,alpha,eps,test_lcx_prob,test_lcx_obj,valid_lcx_prob,valid_lcx_obj,time,in_val,test_avg,valid_avg
5,30,0.1,0.1,0.0,-0.221401399573671,0.0,-0.42215755014321465,5066.5979244709015,0.28454243064385737,-0.6821032114659691,-0.8315786819625958
