context_val,seed,alpha,eps,test_lcx_prob,test_lcx_obj,valid_lcx_prob,valid_lcx_obj,time,in_val,test_avg,valid_avg
0,40,0.1,0.1,0.0,0.005013611546868836,0.07142857142857142,0.154922112319676,2006.1935307979584,0.22034140457269963,-0.662313616440422,-0.7383852441764425
