context_val,seed,alpha,eps,test_lcx_prob,test_lcx_obj,valid_lcx_prob,valid_lcx_obj,time,in_val,test_avg,valid_avg
19,40,0.1,0.1,0.0,-0.2561797837418122,0.0,-0.5886406117732524,1229.0979080200195,0.2609339296222332,-0.7023275038927784,-0.8925789847646981
