context_val,seed,alpha,eps,test_lcx_prob,test_lcx_obj,valid_lcx_prob,valid_lcx_obj,time,in_val,test_avg,valid_avg
13,40,0.1,0.1,0.041666666666666664,0.20855711482955752,0.0,-0.5704434128858207,1890.5303132534027,0.4173947480665329,-0.696322329124594,-0.8512323930423729
