context_val,seed,alpha,eps,test_lcx_prob,test_lcx_obj,valid_lcx_prob,valid_lcx_obj,time,in_val,test_avg,valid_avg
3,40,0.1,0.1,0.0,-0.13551218895299713,0.0,-0.23338942458367018,3242.568463087082,0.4192466806862841,-0.7870823187853939,-0.7234634468717762
