context_val,seed,alpha,eps,test_lcx_prob,test_lcx_obj,valid_lcx_prob,valid_lcx_obj,time,in_val,test_avg,valid_avg
6,40,0.1,0.1,0.03225806451612903,0.3087201157659902,0.08333333333333333,0.36788038677906787,994.0897214412689,0.37903600322922215,-0.5562695965209906,-0.5403588980670679
