context_val,seed,alpha,eps,test_lcx_prob,test_lcx_obj,valid_lcx_prob,valid_lcx_obj,time,in_val,test_avg,valid_avg
19,50,0.1,0.1,0.03571428571428571,-0.003005929195742755,0.0,-0.6915200012800741,1835.274073600769,0.41589272233577607,-0.8418448834218395,-1.0268509953569054
