context_val,seed,alpha,eps,test_lcx_prob,test_lcx_obj,valid_lcx_prob,valid_lcx_obj,time,in_val,test_avg,valid_avg
10,50,0.1,0.1,0.0,-0.38547052427010575,0.0,-0.654955887333089,3446.7639372348785,0.2819272922046836,-0.8746967056777966,-0.8234985425357577
