context_val,seed,alpha,eps,test_lcx_prob,test_lcx_obj,valid_lcx_prob,valid_lcx_obj,time,in_val,test_avg,valid_avg
14,50,0.1,0.1,0.0,-0.32977669797513703,0.0,-0.3604007664936033,3896.311784029007,0.4242160181975671,-0.6988508403671743,-0.8255663393718861
