context_val,seed,alpha,eps,test_lcx_prob,test_lcx_obj,valid_lcx_prob,valid_lcx_obj,time,in_val,test_avg,valid_avg
16,50,0.1,0.1,0.037037037037037035,0.1341099244813302,0.0,-0.35292849230906637,1836.4044711589813,0.24836736907428977,-0.743461499114053,-0.7792017151727535
