context_val,seed,alpha,eps,test_lcx_prob,test_lcx_obj,valid_lcx_prob,valid_lcx_obj,time,in_val,test_avg,valid_avg
5,50,0.1,0.1,0.0,-0.36753452443594314,0.14285714285714285,0.36377971764886186,4801.478722572327,0.22903089990341458,-0.7031033065452552,-0.6742490648210728
