context_val,seed,alpha,eps,test_lcx_prob,test_lcx_obj,valid_lcx_prob,valid_lcx_obj,time,in_val,test_avg,valid_avg
6,50,0.1,0.1,0.03225806451612903,-0.1148032207577595,0.0,-0.3963907195406473,815.0771775245667,0.15577938084275378,-0.7046070778964856,-0.7915394534599955
