context_val,seed,alpha,eps,test_lcx_prob,test_lcx_obj,valid_lcx_prob,valid_lcx_obj,time,in_val,test_avg,valid_avg
9,50,0.1,0.1,0.03571428571428571,-0.2103368049215686,0.18181818181818182,0.17301350417568775,641.9283542633057,0.13067569779440127,-0.7642632362951751,-0.5515341409995779
