context_val,seed,alpha,eps,test_lcx_prob,test_lcx_obj,valid_lcx_prob,valid_lcx_obj,time,in_val,test_avg,valid_avg
12,60,0.1,0.1,0.03571428571428571,-0.1457468427417231,0.0,-0.43593433766931683,1370.6958045959473,0.19394521715324783,-0.8624393451520563,-0.6816089859340674
