context_val,seed,alpha,eps,test_lcx_prob,test_lcx_obj,valid_lcx_prob,valid_lcx_obj,time,in_val,test_avg,valid_avg
1,60,0.1,0.1,0.0,-0.21604573600000637,0.0,-0.4151331068638791,5302.622771501541,0.44336624842462713,-0.8075913459459038,-0.8047583372333448
