context_val,seed,alpha,eps,test_lcx_prob,test_lcx_obj,valid_lcx_prob,valid_lcx_obj,time,in_val,test_avg,valid_avg
19,60,0.1,0.1,0.03571428571428571,-0.03632602973365592,0.0,-0.4107471262492906,2138.0371901988983,0.29786573504730884,-0.6747757143536522,-0.7081911399489842
