context_val,seed,alpha,eps,test_lcx_prob,test_lcx_obj,valid_lcx_prob,valid_lcx_obj,time,in_val,test_avg,valid_avg
17,60,0.1,0.1,0.0,-0.3402537662099836,0.0,-0.546265266823335,1166.4781720638275,0.39944299715589515,-0.881730954964911,-0.9250846319557208
