context_val,seed,alpha,eps,test_lcx_prob,test_lcx_obj,valid_lcx_prob,valid_lcx_obj,time,in_val,test_avg,valid_avg
2,60,0.1,0.1,0.038461538461538464,-0.0034345360876257467,0.0,-0.6036699306509113,3856.777745246887,0.3556381388564578,-0.756418570179788,-0.8585781402846491
