context_val,seed,alpha,eps,test_lcx_prob,test_lcx_obj,valid_lcx_prob,valid_lcx_obj,time,in_val,test_avg,valid_avg
7,60,0.1,0.1,0.0,-0.41156444291985467,0.0,-0.3516877658708786,3021.097663164139,0.332350063347981,-0.7883456997384239,-0.6918458267666386
