context_val,seed,alpha,eps,test_lcx_prob,test_lcx_obj,valid_lcx_prob,valid_lcx_obj,time,in_val,test_avg,valid_avg
11,70,0.1,0.1,0.034482758620689655,-0.1300808624727504,0.0,-0.21549919516756388,1132.7395286560059,0.05840520208533157,-0.805357879726491,-0.8337057979305647
