context_val,seed,alpha,eps,test_lcx_prob,test_lcx_obj,valid_lcx_prob,valid_lcx_obj,time,in_val,test_avg,valid_avg
17,70,0.1,0.1,0.0,-0.3311617993273244,0.125,0.5237230016572454,1153.1778438091278,0.1880460631822958,-0.8337904984992941,-0.5136587615051512
