context_val,seed,alpha,eps,test_lcx_prob,test_lcx_obj,valid_lcx_prob,valid_lcx_obj,time,in_val,test_avg,valid_avg
18,70,0.1,0.1,0.0,-0.44644076246361397,0.0,-0.4027416699153724,1685.3829934597015,0.31363553103951514,-0.8685745988633735,-0.7719109212919779
