context_val,seed,alpha,eps,test_lcx_prob,test_lcx_obj,valid_lcx_prob,valid_lcx_obj,time,in_val,test_avg,valid_avg
5,70,0.1,0.1,0.0,-0.10469159601727862,0.0,-0.4901168743393569,3747.9845566749573,0.37928768637927884,-0.7190278166301799,-0.74188786289661
