context_val,seed,alpha,eps,test_lcx_prob,test_lcx_obj,valid_lcx_prob,valid_lcx_obj,time,in_val,test_avg,valid_avg
7,70,0.1,0.1,0.03571428571428571,-0.22926095088213735,0.0,-0.16238107762938098,2818.2419283390045,0.2673634643033085,-0.848836667892434,-0.8451998095071735
