context_val,seed,alpha,eps,test_lcx_prob,test_lcx_obj,valid_lcx_prob,valid_lcx_obj,time,in_val,test_avg,valid_avg
9,70,0.1,0.1,0.0,-0.11918529170350416,0.09090909090909091,0.057870517795824056,1748.314766407013,0.24898172782993647,-0.8427702683583693,-0.6822883866467616
