context_val,seed,alpha,eps,test_lcx_prob,test_lcx_obj,valid_lcx_prob,valid_lcx_obj,time,in_val,test_avg,valid_avg
11,80,0.1,0.1,0.0,-0.342016006573189,0.0,-0.16654678948524673,892.0119671821594,0.2138821003362605,-0.8957678100186731,-0.7085766826044676
