context_val,seed,alpha,eps,test_lcx_prob,test_lcx_obj,valid_lcx_prob,valid_lcx_obj,time,in_val,test_avg,valid_avg
8,80,0.1,0.1,0.038461538461538464,0.04805416382287895,0.0,0.1441431692720448,4327.263346195221,0.3411077913719815,-0.8397331397118327,-0.7074065529818191
