context_val,seed,alpha,eps,test_lcx_prob,test_lcx_obj,valid_lcx_prob,valid_lcx_obj,time,in_val,test_avg,valid_avg
14,90,0.1,0.1,0.043478260869565216,0.18540595233956558,0.0,-0.03899351789525457,1820.2456862926483,0.3462409647024671,-0.6763601381961629,-0.7189762616890095
