context_val,seed,alpha,eps,test_lcx_prob,test_lcx_obj,valid_lcx_prob,valid_lcx_obj,time,in_val,test_avg,valid_avg
15,90,0.1,0.1,0.0,-0.33917562790508793,0.0,-0.5498779058204399,3978.0766100883484,0.31817143081774635,-0.7561313635200552,-0.9340875159968868
