context_val,seed,alpha,eps,test_lcx_prob,test_lcx_obj,valid_lcx_prob,valid_lcx_obj,time,in_val,test_avg,valid_avg
17,90,0.1,0.1,0.0,-0.3467750480393921,0.0,-0.3461300334748063,2323.013929605484,0.28338934779923436,-0.9154591210511746,-0.7612203794570134
