context_val,seed,alpha,eps,test_lcx_prob,test_lcx_obj,valid_lcx_prob,valid_lcx_obj,time,in_val,test_avg,valid_avg
7,90,0.1,0.1,0.0,-0.39719024946216114,0.0,-0.36997544460962883,1477.8375866413116,0.3127179142906603,-0.754343007354447,-0.648647483976938
