seed,a_seed,nonrob_prob,nonrob_obj,scenario_probs,scenario_obj
40,40,0.6579959640272854,-0.794166613634921,0.2650738731245025,-0.8006000101771737
