seed,rho,a_seed,eta,gamma,init_rho,valid_obj,valid_prob,test_obj,test_prob,time,valid_cover,test_cover,valid_in,test_in,avg_val
10,1,10,0.3,1,1,-0.4732232316937993,0.0,-0.5610042501384721,0.0,0.002319924,0.0,0.0,-0.6031335964651652,-0.6574263059833536,-0.8682206695600514
