seed,rho,a_seed,eta,gamma,init_rho,valid_obj,valid_prob,test_obj,test_prob,time,valid_cover,test_cover,valid_in,test_in,avg_val
30,1,30,0.3,1,1,-0.5221974676811844,0.0,-0.5014377268250825,0.0,0.002401223,0.0,0.0,-0.6348121515907541,-0.6265202251053651,-0.8113105043846673
