seed,rho,a_seed,eta,gamma,init_rho,valid_obj,valid_prob,test_obj,test_prob,time,valid_cover,test_cover,valid_in,test_in,valid_avg,avg_val,valid_cvar,test_cvar
10,1,10,0.05,1,1,-0.5414029282321863,0.0025,-0.5588014981764372,0.0,0.000755208,0.0,0.0,0.027866843194246534,0.027975311554482376,-0.8250119325831997,-0.8310402429029107,-0.4088465719627008,-0.4352995025798087
