seed,rho,a_seed,eta,gamma,init_rho,valid_obj,valid_prob,test_obj,test_prob,time,valid_cover,test_cover,valid_in,test_in,valid_avg,avg_val,valid_cvar,test_cvar
90,1,90,0.05,1,1,-0.4941122936435487,0.0,-0.4896455452698727,0.001,0.000636352,0.0,0.0,0.053401526923800756,0.053401526923887915,-0.8210260811833018,-0.8162958089294884,-0.34739172121261114,-0.3398489263460364
