outer_iter,context_val,seed,alpha,eps,test_lcx_prob,test_lcx_obj,valid_lcx_prob,valid_lcx_obj,time,in_val,test_avg,valid_avg,test_lcx_cvar,valid_lcx_cvar
14,11,0,0.1,0.1,0.0,-0.5211288499846792,0.0,-0.07411907010358047,9458.543442964554,0.37659210098282275,-0.8998677497846499,-0.7407605261062831,-0.47025034706859886,-0.020421774464072773
