outer_iter,context_val,seed,alpha,eps,test_lcx_prob,test_lcx_obj,valid_lcx_prob,valid_lcx_obj,time,in_val,test_avg,valid_avg,test_lcx_cvar,valid_lcx_cvar
61,13,0,0.1,0.1,0.0,-0.34456514186925197,0.0,-0.5864191794968503,72230.87252664566,0.339951562167604,-0.7808802688577909,-0.938628759815657,-0.21369839860007597,-0.5286331485282986
