outer_iter,context_val,seed,alpha,eps,test_lcx_prob,test_lcx_obj,valid_lcx_prob,valid_lcx_obj,time,in_val,test_avg,valid_avg
52,2,0,0.1,0.1,0.0,-0.39898032147758206,0.0,-0.7103121981538918,68007.2218785286,0.4925555878447551,-0.8415492731681723,-0.9615680017600964
