outer_iter,context_val,seed,alpha,eps,test_lcx_prob,test_lcx_obj,valid_lcx_prob,valid_lcx_obj,time,in_val,test_avg,valid_avg
61,11,10,0.1,0.1,0.0,-0.2064752428373062,0.0,-0.41240780833207114,62747.84505343437,0.446330465050335,-0.7778856567380485,-0.7565406688018264
