outer_iter,context_val,seed,alpha,eps,test_lcx_prob,test_lcx_obj,valid_lcx_prob,valid_lcx_obj,time,in_val,test_avg,valid_avg
61,19,10,0.1,0.1,0.0,-0.42398948076940907,0.0,-0.654387307419942,73163.73483276367,0.31054711396979434,-0.7747323568241338,-0.8531323606405541
