outer_iter,context_val,seed,alpha,eps,test_lcx_prob,test_lcx_obj,valid_lcx_prob,valid_lcx_obj,time,in_val,test_avg,valid_avg,test_lcx_cvar,valid_lcx_cvar
53,14,10,0.1,0.1,0.0,-0.5790879276601532,0.0,-0.21131598088541878,69941.30780243874,0.44464570548997495,-0.8575417467075445,-0.8922330823233842,-0.39597096959026223,-0.21131598088541878
