outer_iter,context_val,seed,alpha,eps,test_lcx_prob,test_lcx_obj,valid_lcx_prob,valid_lcx_obj,time,in_val,test_avg,valid_avg,test_lcx_cvar,valid_lcx_cvar
61,7,10,0.1,0.1,0.0,-0.6331055094284289,0.0,-0.38980724431122465,76202.73091197014,0.44655091749399006,-0.8511822716748197,-0.7302384835910185,-0.5903403978420317,-0.38980724431122465
