outer_iter,context_val,seed,alpha,eps,test_lcx_prob,test_lcx_obj,valid_lcx_prob,valid_lcx_obj,time,in_val,test_avg,valid_avg
36,13,20,0.1,0.1,0.0,-0.5973866754841093,0.0,-0.46653820015121694,44580.80495095253,0.417550593164988,-0.8594926381312867,-0.7591035933368092
