outer_iter,context_val,seed,alpha,eps,test_lcx_prob,test_lcx_obj,valid_lcx_prob,valid_lcx_obj,time,in_val,test_avg,valid_avg,test_lcx_cvar,valid_lcx_cvar
36,13,20,0.1,0.1,0.0,-0.6664471208759689,0.0,-0.4871371351240978,44189.74603176117,0.417550593164988,-0.8594926381312867,-0.7591035933368092,-0.5973866754841093,-0.46653820015121694
