outer_iter,context_val,seed,alpha,eps,test_lcx_prob,test_lcx_obj,valid_lcx_prob,valid_lcx_obj,time,in_val,test_avg,valid_avg,test_lcx_cvar,valid_lcx_cvar
61,2,20,0.1,0.1,0.0,-0.45044819007536074,0.0,-0.49382470809571566,74364.20944356918,0.5112325886726352,-0.8882788842993369,-0.9454122426741621,-0.3691810150133026,-0.49382470809571566
