outer_iter,context_val,seed,alpha,eps,test_lcx_prob,test_lcx_obj,valid_lcx_prob,valid_lcx_obj,time,in_val,test_avg,valid_avg,test_lcx_cvar,valid_lcx_cvar
46,3,20,0.1,0.1,0.0,-0.64597893702822,0.0,-0.5336935869099013,56782.63670563698,0.4213307312679435,-0.7870806401342789,-0.894024439944342,-0.5934817879119542,-0.4599740585101365
