outer_iter,context_val,seed,alpha,eps,test_lcx_prob,test_lcx_obj,valid_lcx_prob,valid_lcx_obj,time,in_val,test_avg,valid_avg,test_lcx_cvar,valid_lcx_cvar
61,17,30,0.1,0.1,0.0,-0.6478163387181188,0.0,-0.6396301863037392,75659.46896100044,0.3961404884810877,-0.8516231251518854,-0.9166405345595035,-0.6049112536213465,-0.6396301863037392
