outer_iter,context_val,seed,alpha,eps,test_lcx_prob,test_lcx_obj,valid_lcx_prob,valid_lcx_obj,time,in_val,test_avg,valid_avg,test_lcx_cvar,valid_lcx_cvar
61,10,30,0.1,0.1,0.0,-0.5245153282870544,0.0,-0.25594504372594556,75909.50083756447,0.36416413205872733,-0.7586548324410367,-0.7177386274600798,-0.3405047220138718,-0.25594504372594556
