outer_iter,context_val,seed,alpha,eps,test_lcx_prob,test_lcx_obj,valid_lcx_prob,valid_lcx_obj,time,in_val,test_avg,valid_avg,test_lcx_cvar,valid_lcx_cvar
61,1,30,0.1,0.1,0.0,-0.6832881082697165,0.0,-0.5261494097204128,78504.53348469734,0.4733736596898938,-0.973637057845893,-0.8216881590052332,-0.6758437262597358,-0.5231035947368219
