outer_iter,context_val,seed,alpha,eps,test_lcx_prob,test_lcx_obj,valid_lcx_prob,valid_lcx_obj,time,in_val,test_avg,valid_avg,test_lcx_cvar,valid_lcx_cvar
45,4,30,0.1,0.1,0.0,-0.6269552398782269,0.0,-0.8001690200598685,57151.21741890907,0.5408029786612736,-0.876473344383717,-1.0199478347346373,-0.4174183297918585,-0.7287271117470898
