outer_iter,context_val,seed,alpha,eps,test_lcx_prob,test_lcx_obj,valid_lcx_prob,valid_lcx_obj,time,in_val,test_avg,valid_avg,test_lcx_cvar,valid_lcx_cvar
24,6,30,0.1,0.1,0.0,-0.6324348513062802,0.0,-0.5730025157835739,18812.3315513134,0.45436362460006907,-0.8176416127467611,-0.8720591193118943,-0.2903105569989016,-0.5173062028257095
