outer_iter,context_val,seed,alpha,eps,test_lcx_prob,test_lcx_obj,valid_lcx_prob,valid_lcx_obj,time,in_val,test_avg,valid_avg,test_lcx_cvar,valid_lcx_cvar
61,9,30,0.1,0.1,0.0,-0.5448551815627396,0.0,-0.5257341838091338,71803.13018107414,0.31944484179784083,-0.8039082839771572,-0.827554548857876,-0.40824686781144104,-0.44922577269212405
