outer_iter,context_val,seed,alpha,eps,test_lcx_prob,test_lcx_obj,valid_lcx_prob,valid_lcx_obj,time,in_val,test_avg,valid_avg
54,10,40,0.1,0.1,0.0,-0.5411606132129524,0.0,-0.6556627625625887,65777.53532671928,0.5717644101416249,-0.83117879391218,-0.9470778117488787
