outer_iter,context_val,seed,alpha,eps,test_lcx_prob,test_lcx_obj,valid_lcx_prob,valid_lcx_obj,time,in_val,test_avg,valid_avg
61,15,40,0.1,0.1,0.0,-0.5320446686611667,0.0,-0.37889871150011956,76352.22617316246,0.4642076815555236,-0.8522412114489694,-0.752646437670846
