outer_iter,context_val,seed,alpha,eps,test_lcx_prob,test_lcx_obj,valid_lcx_prob,valid_lcx_obj,time,in_val,test_avg,valid_avg,test_lcx_cvar,valid_lcx_cvar
57,13,40,0.1,0.1,0.041666666666666664,-0.553900900817273,0.0,-0.5542204287496363,68595.69360136986,0.3609655448986953,-0.7948173936114983,-0.8133219266753549,-0.2332900480082418,-0.3431404999148543
