outer_iter,context_val,seed,alpha,eps,test_lcx_prob,test_lcx_obj,valid_lcx_prob,valid_lcx_obj,time,in_val,test_avg,valid_avg,test_lcx_cvar,valid_lcx_cvar
61,3,40,0.1,0.1,0.0,-0.6703309115068408,0.0,-0.7373361976142982,76973.12854361534,0.46445459044267934,-0.8308044897558852,-0.9141059404204797,-0.5394977315841188,-0.7155261521144862
