outer_iter,context_val,seed,alpha,eps,test_lcx_prob,test_lcx_obj,valid_lcx_prob,valid_lcx_obj,time,in_val,test_avg,valid_avg,test_lcx_cvar,valid_lcx_cvar
59,5,40,0.1,0.1,0.0,-0.5658866645663767,0.0,-0.6231420481880794,74144.43729043007,0.49274905148684434,-0.8311846804667298,-0.8865596129935389,-0.5170151528600987,-0.6231420481880794
