outer_iter,context_val,seed,alpha,eps,test_lcx_prob,test_lcx_obj,valid_lcx_prob,valid_lcx_obj,time,in_val,test_avg,valid_avg,test_lcx_cvar,valid_lcx_cvar
61,7,40,0.1,0.1,0.0,-0.6815100738646088,0.0,-0.5881270714942245,76525.86149907112,0.3843759110936999,-0.8302805374446688,-0.8434713996381069,-0.645630511585563,-0.5881270714942245
