outer_iter,context_val,seed,alpha,eps,test_lcx_prob,test_lcx_obj,valid_lcx_prob,valid_lcx_obj,time,in_val,test_avg,valid_avg,test_lcx_cvar,valid_lcx_cvar
61,8,40,0.1,0.1,0.0,-0.5441089540881219,0.0,-0.6503704012430629,76811.30105781555,0.368236341071501,-0.7690099072805808,-0.7854730388302337,-0.4700564924870882,-0.6503704012430629
