outer_iter,context_val,seed,alpha,eps,test_lcx_prob,test_lcx_obj,valid_lcx_prob,valid_lcx_obj,time,in_val,test_avg,valid_avg,test_lcx_cvar,valid_lcx_cvar
20,9,40,0.1,0.1,0.0,-0.6131553687107674,0.0,-0.6935382090928409,20715.744267463684,0.4242514023151967,-0.8977901759822825,-0.895567006549395,-0.5149028268916458,-0.6904767898563873
