outer_iter,context_val,seed,alpha,eps,test_lcx_prob,test_lcx_obj,valid_lcx_prob,valid_lcx_obj,time,in_val,test_avg,valid_avg,test_lcx_cvar,valid_lcx_cvar
53,0,50,0.1,0.1,0.0,-0.5917632876600312,0.0,-0.3921715975916008,65917.66844797134,0.42363291954441923,-0.9245417995247451,-0.8149394765194107,-0.5679603203869663,-0.3888806482365812
