outer_iter,context_val,seed,alpha,eps,test_lcx_prob,test_lcx_obj,valid_lcx_prob,valid_lcx_obj,time,in_val,test_avg,valid_avg,test_lcx_cvar,valid_lcx_cvar
61,10,50,0.1,0.1,0.0,-0.6961398611963537,0.0,-0.3501071488258929,77165.16765761375,0.3686271301045193,-0.8186822818423067,-0.7799535388675398,-0.6328511979418311,-0.3501071488258929
