outer_iter,context_val,seed,alpha,eps,test_lcx_prob,test_lcx_obj,valid_lcx_prob,valid_lcx_obj,time,in_val,test_avg,valid_avg
58,12,50,0.1,0.1,0.0,-0.5306856928252603,0.0,-0.5796418635417127,71586.60014414787,0.37370785575023513,-0.8275282048714184,-0.8104712979425109
