outer_iter,context_val,seed,alpha,eps,test_lcx_prob,test_lcx_obj,valid_lcx_prob,valid_lcx_obj,time,in_val,test_avg,valid_avg
61,15,50,0.1,0.1,0.0,-0.635712894266649,0.0,-0.6218458885458487,75933.79438853264,0.4301412573378988,-0.8081157431686742,-0.8551689650958586
