outer_iter,context_val,seed,alpha,eps,test_lcx_prob,test_lcx_obj,valid_lcx_prob,valid_lcx_obj,time,in_val,test_avg,valid_avg
29,18,50,0.1,0.1,0.0,-0.3407918567799957,0.0,-0.40337273662768774,38918.21080374718,0.34179936787899395,-0.9375361083463657,-0.761754626217569
