outer_iter,context_val,seed,alpha,eps,test_lcx_prob,test_lcx_obj,valid_lcx_prob,valid_lcx_obj,time,in_val,test_avg,valid_avg,test_lcx_cvar,valid_lcx_cvar
38,11,50,0.1,0.1,0.0,-0.5206762277205206,0.0,-0.49223054900665586,33819.77966237068,0.3014358442976484,-0.8851514131810966,-0.8640501927195455,-0.35073363493952536,-0.47560342730989136
