outer_iter,context_val,seed,alpha,eps,test_lcx_prob,test_lcx_obj,valid_lcx_prob,valid_lcx_obj,time,in_val,test_avg,valid_avg,test_lcx_cvar,valid_lcx_cvar
61,17,60,0.1,0.1,0.0,-0.6592271322123413,0.0,-0.6722469465839882,75467.96196508408,0.40473861207145717,-0.8118192998560073,-0.8698140538218684,-0.605221114234734,-0.6722469465839882
