outer_iter,context_val,seed,alpha,eps,test_lcx_prob,test_lcx_obj,valid_lcx_prob,valid_lcx_obj,time,in_val,test_avg,valid_avg,test_lcx_cvar,valid_lcx_cvar
61,3,60,0.1,0.1,0.0,-0.6784861871577453,0.0,-0.6740770098325756,76503.74753403664,0.37434373189805564,-0.8092175391441383,-0.8198452097718008,-0.5588989619788682,-0.6675003450772736
