outer_iter,context_val,seed,alpha,eps,test_lcx_prob,test_lcx_obj,valid_lcx_prob,valid_lcx_obj,time,in_val,test_avg,valid_avg,test_lcx_cvar,valid_lcx_cvar
61,5,60,0.1,0.1,0.0,-0.6304149772884884,0.0,-0.6802608636958141,76802.00410270691,0.3773854155352721,-0.783882750490963,-0.8967294320042737,-0.5616093538977573,-0.6802608636958141
