outer_iter,context_val,seed,alpha,eps,test_lcx_prob,test_lcx_obj,valid_lcx_prob,valid_lcx_obj,time,in_val,test_avg,valid_avg
50,9,60,0.1,0.1,0.0,-0.40764254231483177,0.0,-0.5135446143724441,53151.66219210625,0.4910966972339614,-0.8227767709033919,-1.0389647748526354
