outer_iter,context_val,seed,alpha,eps,test_lcx_prob,test_lcx_obj,valid_lcx_prob,valid_lcx_obj,time,in_val,test_avg,valid_avg,test_lcx_cvar,valid_lcx_cvar
52,17,70,0.1,0.1,0.0,-0.6538367683760439,0.0,-0.6413990435341627,65808.56782484055,0.4906356969233139,-0.9118208308996507,-0.8536640211921265,-0.569047433963807,-0.6413990435341627
