outer_iter,context_val,seed,alpha,eps,test_lcx_prob,test_lcx_obj,valid_lcx_prob,valid_lcx_obj,time,in_val,test_avg,valid_avg
52,17,70,0.1,0.1,0.0,-0.569047433963807,0.0,-0.6413990435341627,65860.54735136032,0.4906356969233139,-0.9118208308996507,-0.8536640211921265
