outer_iter,context_val,seed,alpha,eps,test_lcx_prob,test_lcx_obj,valid_lcx_prob,valid_lcx_obj,time,in_val,test_avg,valid_avg
61,19,70,0.1,0.1,0.0,-0.42150777442534165,0.0,-0.4294824043726486,73003.42146420479,0.4054728595107643,-0.8168712207080675,-0.6909883304013693
