outer_iter,context_val,seed,alpha,eps,test_lcx_prob,test_lcx_obj,valid_lcx_prob,valid_lcx_obj,time,in_val,test_avg,valid_avg,test_lcx_cvar,valid_lcx_cvar
25,3,70,0.1,0.1,0.0,-0.387435498080285,0.0,-0.41621620998325354,34771.086929798126,0.5067059996985951,-0.8440980906738091,-0.7970965730532333,0.10053491059290087,-0.3631633702541778
