outer_iter,context_val,seed,alpha,eps,test_lcx_prob,test_lcx_obj,valid_lcx_prob,valid_lcx_obj,time,in_val,test_avg,valid_avg
61,1,80,0.1,0.1,0.0,-0.5397637315468553,0.0,-0.5459501148664135,79642.84217739105,0.3981080328754718,-0.8022071953699402,-0.8785343450018174
