outer_iter,context_val,seed,alpha,eps,test_lcx_prob,test_lcx_obj,valid_lcx_prob,valid_lcx_obj,time,in_val,test_avg,valid_avg,test_lcx_cvar,valid_lcx_cvar
60,18,80,0.1,0.1,0.037037037037037035,-0.09338072461273524,0.1,0.34904037738816945,74933.36488032341,0.3232514868283556,-0.7782976775554881,-0.6966636382484808,0.07176362680326602,0.34904037738816945
