outer_iter,context_val,seed,alpha,eps,test_lcx_prob,test_lcx_obj,valid_lcx_prob,valid_lcx_obj,time,in_val,test_avg,valid_avg,test_lcx_cvar,valid_lcx_cvar
61,4,80,0.1,0.1,0.0,-0.6853157071449388,0.0,-0.5606635807636129,76533.5538418293,0.0816680057177799,-0.8326695403124649,-0.8306081501570476,-0.6103287675941472,-0.5606148315961346
