outer_iter,context_val,seed,alpha,eps,test_lcx_prob,test_lcx_obj,valid_lcx_prob,valid_lcx_obj,time,in_val,test_avg,valid_avg,test_lcx_cvar,valid_lcx_cvar
61,9,80,0.1,0.1,0.0,-0.4240912602485843,0.0,-0.6300718084098169,70984.40752696991,0.19742458727133075,-0.7332868584610875,-0.8874219561364849,-0.3246441249807556,-0.6038756686595622
