outer_iter,context_val,seed,alpha,eps,test_lcx_prob,test_lcx_obj,valid_lcx_prob,valid_lcx_obj,time,in_val,test_avg,valid_avg,test_lcx_cvar,valid_lcx_cvar
55,18,90,0.1,0.1,0.0,-0.44590705815503473,0.0,-0.40107973600059293,65102.05379128456,0.403331432450488,-0.8567595894968714,-0.8023362202194004,-0.3265314270873168,-0.40107973600059293
