outer_iter,context_val,seed,alpha,eps,test_lcx_prob,test_lcx_obj,valid_lcx_prob,valid_lcx_obj,time,in_val,test_avg,valid_avg
61,1,90,0.1,0.1,0.0,-0.6056772729428903,0.0,-0.6368481225944203,79797.16923832893,0.40775973861284004,-0.875939921557696,-0.8217857749075388
