seed,rho,a_seed,eta,gamma,init_rho,valid_obj,valid_prob,test_obj,test_prob,time,valid_cover,test_cover,valid_in,test_in,avg_val
60,1,60,0.05,1,1,-0.5282977430299067,0.0,-0.5467342023876888,0.0,0.002185164,0.0,0.0,-0.47650567270557964,-0.49291464599560103,-0.8396290886113105
