seed,rho,a_seed,eta,gamma,init_rho,valid_obj,valid_prob,test_obj,test_prob,time,valid_cover,test_cover,valid_in,test_in,valid_avg,avg_val,valid_cvar,test_cvar
10,1,10,0.12,1,1,-0.5493735360095036,0.0,-0.546139097887513,0.0,0.00039275,0.0,0.0,0.06185822781921039,0.06185822781917777,-0.816574295199942,-0.8314555388563517,-0.3935371417058719,-0.41437807132083393
