seed,rho,a_seed,eta,gamma,init_rho,valid_obj,valid_prob,test_obj,test_prob,time,valid_cover,test_cover,valid_in,test_in,valid_avg,avg_val,valid_cvar,test_cvar
20,1,20,0.12,1,1,-0.5514230456819493,0.0,-0.5232180365717606,0.0,0.00045058,0.0,0.0,0.06490973707082928,0.06490973707082709,-0.8062319057727891,-0.7980478026354649,-0.4359491057568586,-0.4045618954124808
