seed,rho,a_seed,eta,gamma,init_rho,valid_obj,valid_prob,test_obj,test_prob,time,valid_cover,test_cover,valid_in,test_in,valid_avg,avg_val,valid_cvar,test_cvar
40,1,40,0.12,1,1,-0.6251344989764827,0.0,-0.6258407710291254,0.006,0.00037794,0.0,0.0,0.02525857011579168,0.02494438634426876,-0.7996411975090105,-0.7948515888809763,-0.5068088995514333,-0.4690109005754905
