seed,rho,a_seed,eta,gamma,init_rho,valid_obj,valid_prob,test_obj,test_prob,time,valid_cover,test_cover,valid_in,test_in,valid_avg,avg_val,valid_cvar,test_cvar
80,1,80,0.12,1,1,-0.5553840996109809,0.0,-0.6429067874260924,0.0,0.00044767,0.0,0.0,0.02794177082165934,0.027291666415251385,-0.7966222340503899,-0.8198835364681315,-0.4508206285481252,-0.529002352361837
