seed,rho,a_seed,eta,gamma,init_rho,valid_obj,valid_prob,test_obj,test_prob,time,valid_cover,test_cover,valid_in,test_in,valid_avg,avg_val,valid_cvar,test_cvar
90,1,90,0.12,1,1,-0.46474420425764307,0.015,-0.5289583704818821,0.004,0.00044992,0.0,0.0,0.05622093722057524,0.056220937220573856,-0.805424825669267,-0.836708573044929,-0.21776268135604002,-0.37339573841640383
