seed,rho,a_seed,eta,gamma,init_rho,valid_obj,valid_prob,test_obj,test_prob,time,valid_cover,test_cover,valid_in,test_in,valid_avg,avg_val,valid_cvar,test_cvar
30,1,30,0.05,1,1,-0.7046011474638803,0.0,-0.7075456292773548,0.0,0.002607444,0.0,0.0,-0.00857494581306925,-0.008962775060611146,-0.8334852015010199,-0.8429021035984845,-0.6355150668937087,-0.6193390084588425
