seed,rho,a_seed,eta,gamma,init_rho,valid_obj,valid_prob,test_obj,test_prob,time,valid_cover,test_cover,valid_in,test_in,valid_avg,avg_val,valid_cvar,test_cvar
50,1,50,0.05,1,1,-0.6959596738199592,0.0,-0.6928142168088707,0.0,0.002348063,0.0,0.0,0.00520544172755105,0.005205441834567619,-0.8265416861170856,-0.8293819949365943,-0.6191190862842618,-0.6078329374551816
