seed,rho,a_seed,eta,gamma,init_rho,valid_obj,valid_prob,test_obj,test_prob,time,valid_cover,test_cover,valid_in,test_in,avg_val,valid_cvar,test_cvar
60,1,60,0.05,1,1,-0.7174587634419878,0.0,-0.7151456724738238,0.0,0.002206274,0.0,0.0,0.004939341994867818,0.0049032836362882274,-0.8960597743048806,-0.6268893419537047,-0.6404627084485949
