seed,rho,a_seed,eta,gamma,init_rho,valid_obj,valid_prob,test_obj,test_prob,time,valid_cover,test_cover,valid_in,test_in,valid_avg,avg_val,valid_cvar,test_cvar
80,1,80,0.05,1,1,-0.678592117157022,0.0,-0.6820729117000663,0.0,0.002399483,0.0,0.0,0.008903515104574898,0.00890385146781083,-0.8408132902941614,-0.8284525516883918,-0.5993816421707441,-0.6166463652865926
