seed,rho,a_seed,eta,gamma,init_rho,valid_obj,valid_prob,test_obj,test_prob,time,valid_cover,test_cover,valid_in,test_in,avg_val,valid_cvar,test_cvar
10,1,10,0.15,1,1,-0.7127035016794576,0.0,-0.7160456025949719,0.0,0.002496812,0.0,0.0,0.02054505034417853,0.020545050344179992,-0.890893863059473,-0.645331272797403,-0.6262547980898903
