seed,rho,a_seed,eta,gamma,init_rho,valid_obj,valid_prob,test_obj,test_prob,time,valid_cover,test_cover,valid_in,test_in,avg_val
30,1,30,0.05,1,1,-0.3296337057598935,0.0,-0.36747441031203015,0.001,0.000441692,0.0,0.0,-0.24454554006747647,-0.2641674017555659,-0.8206364077472531
