seed,rho,a_seed,eta,gamma,init_rho,valid_obj,valid_prob,test_obj,test_prob,time,valid_cover,test_cover,valid_in,test_in,avg_val
40,1,40,0.05,1,1,-0.3614272531000766,0.0025,-0.3451059300117657,0.002,0.000417882,0.0,0.0,-0.24648852281463962,-0.23493745182402004,-0.7831613635624592
