seed,rho,a_seed,eta,gamma,init_rho,valid_obj,valid_prob,test_obj,test_prob,time,valid_cover,test_cover,valid_in,test_in,avg_val
50,1,50,0.05,1,1,-0.27962500368664106,0.0075,-0.2839857036672879,0.004,0.000384582,0.0,0.0,-0.1413889578558323,-0.15522203325373582,-0.756209245833415
