seed,rho,a_seed,eta,gamma,init_rho,valid_obj,valid_prob,test_obj,test_prob,time,valid_cover,test_cover,valid_in,test_in,valid_avg,avg_val,valid_cvar,test_cvar
30,1,30,0.15,1,1,-0.6323981159484141,0.0,-0.6448458162581017,0.0,0.002215594,0.0,0.0,0.03134422136766303,0.03134422136766209,-0.827152148844495,-0.8225858274700564,-0.5549037111192096,-0.5668358279192255
