seed,rho,a_seed,eta,gamma,init_rho,valid_obj,valid_prob,test_obj,test_prob,time,valid_cover,test_cover,valid_in,test_in,valid_avg,avg_val,valid_cvar,test_cvar
10,1,10,0.15,1,1,-0.5164713701999726,0.0,-0.5309387761956821,0.001,0.000754429,0.0,0.0,0.07016354579070529,0.07016354579069761,-0.816690971333384,-0.8129617312332653,-0.36868307665921884,-0.3991526944265502
