seed,rho,a_seed,eta,gamma,init_rho,valid_obj,valid_prob,test_obj,test_prob,time,valid_cover,test_cover,valid_in,test_in,valid_avg,avg_val,valid_cvar,test_cvar
70,1,70,0.15,1,1,-0.5144649795666698,0.005,-0.47621514520570996,0.003,0.000811475,0.0,0.0,0.06735660585244112,0.06735660585244253,-0.7980052584030893,-0.7954148829727816,-0.35080879777481067,-0.32355821353833264
