seed,rho,a_seed,eta,gamma,init_rho,valid_obj,valid_prob,test_obj,test_prob,time,valid_cover,test_cover,valid_in,test_in,avg_val
0,1,0,0.1,1,1,-0.5326221600007252,0.0,-0.5500882363338734,0.0,0.002329114,0.0,0.0,-0.5326221600007252,-0.5500882363338734,-0.8635114441838225
