seed,rho,a_seed,eta,gamma,init_rho,valid_obj,valid_prob,test_obj,test_prob,time,valid_cover,test_cover,valid_in,test_in,avg_val
10,1,10,0.1,1,1,-0.45081419814109064,0.0,-0.554377086108314,0.0,0.002281034,0.0,0.0,-0.45081419814109064,-0.554377086108314,-0.8463820743529339
