seed,rho,a_seed,eta,gamma,init_rho,valid_obj,valid_prob,test_obj,test_prob,time,valid_cover,test_cover,valid_in,test_in,avg_val
20,1,20,0.1,1,1,-0.584585865258972,0.0,-0.5472255311050185,0.0,0.002380434,0.0,0.0,-0.584585865258972,-0.5472255311050185,-0.8029472567730827
