seed,rho,a_seed,eta,gamma,init_rho,valid_obj,valid_prob,test_obj,test_prob,time,valid_cover,test_cover,valid_in,test_in,avg_val
50,1,50,0.1,1,1,-0.537812474564228,0.005,-0.42381917473210345,0.006,0.002244674,0.0,0.0,-0.537812474564228,-0.42381917473210345,-0.8392927235394897
