seed,rho,a_seed,eta,gamma,init_rho,valid_obj,valid_prob,test_obj,test_prob,time,valid_cover,test_cover,valid_in,test_in,avg_val
60,1,60,0.1,1,1,-0.5262691638473956,0.0,-0.5737084514182118,0.0,0.002457773,0.0,0.0,-0.5262691638473956,-0.5737084514182118,-0.8092654280752182
