seed,rho,a_seed,eta,gamma,init_rho,valid_obj,valid_prob,test_obj,test_prob,time,valid_cover,test_cover,valid_in,test_in,avg_val
90,1,90,0.1,1,1,-0.597572423151201,0.0,-0.5779882373961848,0.0,0.002407204,0.0,0.0,-0.597572423151201,-0.5779882373961848,-0.844224683839934
