seed,rho,a_seed,eta,gamma,init_rho,valid_obj,valid_prob,test_obj,test_prob,time,valid_cover,test_cover,valid_in,test_in,valid_avg,avg_val,valid_cvar,test_cvar
10,1,10,0.12,1,1,-0.6773574309392851,0.0,-0.7052589144250423,0.0,0.002470948,0.0,0.0,0.02106962951674266,0.02106962951674417,-0.8314536204444275,-0.8449219777521226,-0.6192495737406933,-0.6420650967558351
