seed,rho,a_seed,eta,gamma,init_rho,valid_obj,valid_prob,test_obj,test_prob,time,valid_cover,test_cover,valid_in,test_in,avg_val
50,1,50,0.15,1,1,-0.33065665600446015,0.0,-0.3097752251332165,0.002,0.00037849,0.0,0.0,-0.3852316484815794,-0.3828324331628768,-0.7749363883706785
