seed,rho,a_seed,eta,gamma,init_rho,valid_obj,valid_prob,test_obj,test_prob,time,valid_cover,test_cover,valid_in,test_in,avg_val
0,1,0,0.12,1,1,-0.37917798023631605,0.0025,-0.4033706207924252,0.002,0.000378643,0.0,0.0,-0.41111371263252683,-0.4273472803234987,-0.831595500422322
