seed,rho,a_seed,eta,gamma,init_rho,valid_obj,valid_prob,test_obj,test_prob,time,valid_cover,test_cover,valid_in,test_in,avg_val
30,1,30,0.12,1,1,-0.2930980650652449,0.0,-0.3145962083754767,0.0,0.000377703,0.0,0.0,-0.3231898961592869,-0.3445837230821501,-0.8185822487836141
