seed,rho,a_seed,eta,gamma,init_rho,valid_obj,valid_prob,test_obj,test_prob,time,valid_cover,test_cover,valid_in,test_in,avg_val
50,1,50,0.12,1,1,-0.39786747424952995,0.0025,-0.39117589358711924,0.002,0.000520094,0.0,0.0,-0.42332954495628167,-0.4163212777566809,-0.7766237220945581
