seed,rho,a_seed,eta,gamma,init_rho,valid_obj,valid_prob,test_obj,test_prob,time,valid_cover,test_cover,valid_in,test_in,avg_val
40,1,40,0.12,1,1,-0.28433769994290886,0.0,-0.2581377831717378,0.006,0.00037216,0.0,0.0,-0.3171039106423738,-0.30136683180411533,-0.8288823168200894
