seed,rho,a_seed,eta,gamma,init_rho,valid_obj,valid_prob,test_obj,test_prob,time,valid_cover,test_cover,valid_in,test_in,avg_val
10,1,10,0.3,1,1,-0.47031777275951975,0.0,-0.5246831766124886,0.0,0.002235513,0.0,0.0,-0.6045617440725218,-0.6438687746301082,-0.8628292326679069
