seed,rho,a_seed,eta,gamma,init_rho,valid_obj,valid_prob,test_obj,test_prob,time,valid_cover,test_cover,valid_in,test_in,avg_val
30,1,30,0.3,1,1,-0.5040974505559451,0.0,-0.5061664377200743,0.0,0.002191684,0.0,0.0,-0.6372816332357845,-0.6333730898022237,-0.8560385286065519
