seed,rho,a_seed,eta,gamma,init_rho,valid_obj,valid_prob,test_obj,test_prob,time,valid_cover,test_cover,valid_in,test_in,avg_val
70,1,70,0.3,1,1,-0.49534545449224004,0.0,-0.4855276673748358,0.002,0.002275664,0.0,0.0,-0.6343611827964776,-0.6322047155877212,-0.8380475243749308
