seed,rho,a_seed,eta,gamma,init_rho,valid_obj,valid_prob,test_obj,test_prob,time,valid_cover,test_cover,valid_in,test_in,valid_avg,avg_val,valid_cvar,test_cvar
30,1,30,0.15,1,1,-0.6517228733239517,0.0,-0.6421966878532306,0.0,0.002464338,0.0,0.0,0.018840276150791514,0.018840276150790924,-0.8401640905010432,-0.8446866712634394,-0.5661987904540413,-0.5440389963474924
