seed,rho,a_seed,eta,gamma,init_rho,valid_obj,valid_prob,test_obj,test_prob,time,valid_cover,test_cover,valid_in,test_in,valid_avg,avg_val,valid_cvar,test_cvar
80,1,80,0.15,1,1,-0.6472823281430634,0.0,-0.6306824906312514,0.0,0.002220658,0.0,0.0,0.027092735225006707,0.02709273522500861,-0.8421577169015163,-0.8305803450448881,-0.5604314911949103,-0.5371873946037253
