seed,rho,a_seed,eta,gamma,init_rho,valid_obj,valid_prob,test_obj,test_prob,time,valid_cover,test_cover,valid_in,test_in,valid_avg,avg_val,valid_cvar,test_cvar
0,1,0,0.2,1,1,-0.6872047823002271,0.0,-0.7132432364638082,0.0,0.002092716,0.0,0.0,-0.002514209521933396,-0.002514209521942254,-0.8530939739242465,-0.8526154710645341,-0.6177900491215005,-0.6180272891944002
