seed,rho,a_seed,eta,gamma,init_rho,valid_obj,valid_prob,test_obj,test_prob,time,valid_cover,test_cover,valid_in,test_in,avg_val,valid_cvar,test_cvar
0,1,0,0.2,1,1,-0.6844307752976558,0.0,-0.6920988526784938,0.0,0.002087763,0.0,0.0,-0.0014420725350609413,-0.0014420725350835371,-0.9386805800672174,-0.5578239349308475,-0.5885989436365692
