seed,rho,a_seed,eta,gamma,init_rho,valid_obj,valid_prob,test_obj,test_prob,time,valid_cover,test_cover,valid_in,test_in,avg_val,valid_cvar,test_cvar
40,1,40,0.2,1,1,-0.6929057883332921,0.0,-0.7160177811446455,0.0,0.002258933,0.0,0.0,0.008371225919286861,0.008371225919283411,-0.9435241557965105,-0.5786928922436392,-0.5860804171145017
