seed,a_seed,nonrob_prob,nonrob_obj,scenario_probs,scenario_obj
0,0,1.0,-427.88390378948816,0.49497436232630154,-395.6737584226292
