seed,a_seed,nonrob_prob,nonrob_obj,scenario_probs,scenario_obj
20,20,1.0,-428.87284492148103,0.4819392778169361,-396.6157828744166
