seed,a_seed,nonrob_prob,nonrob_obj,scenario_probs,scenario_obj
40,40,1.0,-428.4382773601543,0.5451427386747141,-399.98784747954244
