seed,rho,a_seed,eta,gamma,init_rho,valid_obj,valid_prob,test_obj,test_prob,time,valid_cover,test_cover,valid_in,test_in,valid_avg,avg_val,valid_cvar,test_cvar
20,1,20,0.05,1,1,-0.6458896112068271,0.0,-0.6476617534831799,0.001,0.000374551,0.0,0.0,0.014273009161963049,0.015871087152371864,-0.8368625992468648,-0.838420169535294,-0.5006071078945735,-0.5086469575297652
