seed,rho,a_seed,eta,gamma,init_rho,valid_obj,valid_prob,test_obj,test_prob,time,valid_cover,test_cover,valid_in,test_in,avg_val,valid_cvar,test_cvar
40,1,40,0.05,1,1,-0.5870586411897412,0.0025,-0.5932874073014218,0.001,0.000367061,0.0,0.0,0.02705401592105656,0.027486123956914806,-0.8899982547418218,-0.449097359110666,-0.45432890834021006
