seed,rho,a_seed,eta,gamma,init_rho,valid_obj,valid_prob,test_obj,test_prob,time,valid_cover,test_cover,valid_in,test_in,valid_avg,avg_val,valid_cvar,test_cvar
50,1,50,0.05,1,1,-0.5842199603959342,0.0025,-0.6114623392395213,0.002,0.000359281,0.0,0.0,0.02052037988359323,0.020607822451408277,-0.8038166998546552,-0.8066957240189664,-0.4527994393043673,-0.4781709736430549
