seed,rho,a_seed,eta,gamma,init_rho,valid_obj,valid_prob,test_obj,test_prob,time,valid_cover,test_cover,valid_in,test_in,avg_val,valid_cvar,test_cvar
80,1,80,0.05,1,1,-0.5922446202890722,0.005,-0.5661816580075565,0.001,0.000380381,0.0,0.0,0.03258046293820339,0.03383310300819166,-0.8663778304471536,-0.3914290167800844,-0.42021050681776184
