seed,rho,a_seed,eta,gamma,init_rho,valid_obj,valid_prob,test_obj,test_prob,time,valid_cover,test_cover,valid_in,test_in,valid_avg,avg_val,valid_cvar,test_cvar
80,1,80,0.05,1,1,-0.6478605944220344,0.0,-0.6406485422561952,0.0,0.000376881,0.0,0.0,0.009510450911268824,0.00806546480759769,-0.8051521955516222,-0.8041959908562035,-0.5746694859380309,-0.5753222816911155
