seed,rho,a_seed,eta,gamma,init_rho,valid_obj,valid_prob,test_obj,test_prob,time,valid_cover,test_cover,valid_in,test_in,avg_val
30,1,30,0.05,1,1,-0.5988529519456028,0.0,-0.5903751411647081,0.0,0.002253215,0.0,0.0,-0.5471880276062088,-0.5319684032150825,-0.8346279764901494
