seed,rho,a_seed,eta,gamma,init_rho,valid_obj,valid_prob,test_obj,test_prob,time,valid_cover,test_cover,valid_in,test_in,valid_avg,avg_val,valid_cvar,test_cvar
30,1,30,0.3,1,1,-0.5457110415707085,0.005,-0.49695729867119004,0.006,0.000691714,0.0,0.0,0.04145852028223506,0.041458520282226685,-0.8526502545017436,-0.8260595554522815,-0.36230647279700695,-0.329989610983772
