seed,rho,a_seed,eta,gamma,init_rho,valid_obj,valid_prob,test_obj,test_prob,time,valid_cover,test_cover,valid_in,test_in,avg_val,valid_cvar,test_cvar
10,1,10,0.12,1,1,-0.7136633079467994,0.0,-0.7052260593587123,0.0,0.002207571,0.0,0.0,0.004772015435680992,0.004772015277928898,-0.9244161615056697,-0.6148734907307163,-0.6101920112159008
