seed,rho,a_seed,eta,gamma,init_rho,valid_obj,valid_prob,test_obj,test_prob,time,valid_cover,test_cover,valid_in,test_in,avg_val,valid_cvar,test_cvar
20,1,20,0.12,1,1,-0.6877990971409909,0.0,-0.6861772272085245,0.0,0.002171602,0.0,0.0,0.005285544014355437,0.005808453394903078,-0.8949768710271819,-0.5864468075609146,-0.5893224327227353
