seed,rho,a_seed,eta,gamma,init_rho,valid_obj,valid_prob,test_obj,test_prob,time,valid_cover,test_cover,valid_in,test_in,avg_val,valid_cvar,test_cvar
30,1,30,0.12,1,1,-0.6863156889448843,0.0025,-0.6798911702783998,0.0,0.002195552,0.0,0.0,0.022851505588703667,0.0228515055887183,-0.8859442661060782,-0.5858735685596539,-0.574638818721918
