seed,rho,a_seed,eta,gamma,init_rho,valid_obj,valid_prob,test_obj,test_prob,time,valid_cover,test_cover,valid_in,test_in,avg_val
10,1,10,0.12,1,1,-0.5434348818160654,0.0,-0.5654979794288528,0.0,0.002299355,0.0,0.0,-0.5633088144874501,-0.5851247600767223,-0.8558110312864088
