seed,rho,a_seed,eta,gamma,init_rho,valid_obj,valid_prob,test_obj,test_prob,time,valid_cover,test_cover,valid_in,test_in,avg_val
80,1,80,0.12,1,1,-0.576985900925517,0.0,-0.5483494637159607,0.0,0.002482485,0.0,0.0,-0.5929590194979544,-0.5643443962904756,-0.8351742373021075
