seed,a_seed,nonrob_prob,nonrob_obj,scenario_probs,scenario_obj
20,20,0.6188959066218525,-0.8549264173961706,0.39192706760744067,-0.8269622557843835
