seed,a_seed,nonrob_prob,nonrob_obj,scenario_probs,scenario_obj
40,40,0.6052860201445835,-0.9036001536080901,0.35591877251256393,-0.847828982814492
