seed,a_seed,nonrob_prob,nonrob_obj,scenario_probs,scenario_obj
50,50,0.6307717962701868,-0.8764014280618987,0.36167679423169324,-0.8402825810472482
