seed,a_seed,nonrob_prob,nonrob_obj,scenario_probs,scenario_obj
80,80,0.5961784325984872,-0.9214466299084683,0.390158300963685,-0.827813601410029
