seed,a_seed,nonrob_prob,nonrob_obj,scenario_probs,scenario_obj
90,90,0.6252152765396438,-0.889882655649117,0.38792063714768543,-0.8191372556505403
