seed,a_seed,nonrob_prob,nonrob_obj,scenario_probs,scenario_obj
40,40,0.6001484747901757,-0.871015676850553,0.33328746568627116,-0.8256780347012469
