seed,rho,a_seed,eta,gamma,init_rho,valid_obj,valid_prob,test_obj,test_prob,time,valid_cover,test_cover,valid_in,test_in,valid_avg,avg_val,valid_cvar,test_cvar
30,1,30,0.2,1,1,-0.7606035546787632,0.0,-0.7673956601494208,0.0,0.002447713,0.0,0.0,0.00038842878043813845,0.0006808406852840784,-0.8605292794139499,-0.87007868454242,-0.6617340512582203,-0.6662017505134867
