seed,rho,a_seed,eta,gamma,init_rho,valid_obj,valid_prob,test_obj,test_prob,time,valid_cover,test_cover,valid_in,test_in,avg_val,valid_cvar,test_cvar
80,1,80,0.2,1,1,-0.6845473911980449,0.0,-0.6765718668190817,0.0,0.002224713,0.0,0.0,0.006918607597432915,0.00691860759742285,-0.8880022502169763,-0.5860478448286645,-0.5912714207998707
