seed,rho,a_seed,eta,gamma,init_rho,valid_obj,valid_prob,test_obj,test_prob,time,valid_cover,test_cover,valid_in,test_in,avg_val,valid_cvar,test_cvar
90,1,90,0.2,1,1,-0.7130086816889396,0.0,-0.6987379576058337,0.0,0.002103543,0.0,0.0,-0.0037260557311169203,-0.0037260557310897164,-0.8984065684989957,-0.6026099261684199,-0.6119872975136397
