outer_iter,context_val,seed,alpha,eps,test_lcx_prob,test_lcx_obj,valid_lcx_prob,valid_lcx_obj,time,in_val,test_avg,valid_avg,test_lcx_cvar,valid_lcx_cvar
2,6,0,0.1,0.1,0.0,-0.1862463668112713,0.0,-0.6499767643939969,0.40851783752441406,5.128776564040256,-0.8295154003386082,-0.8440591993090505,0.11478768649108566,-0.49255943501390154
