seed,a_seed,nonrob_prob,nonrob_obj,scenario_probs,scenario_obj
10,10,0.5738745750710853,-0.8713628646083447,0.2907713928318906,-0.7692910724438685
