seed,rho,a_seed,eta,gamma,init_rho,valid_obj,valid_prob,test_obj,test_prob,time,valid_cover,test_cover,valid_in,test_in,valid_avg,avg_val,valid_cvar,test_cvar
20,1,20,0.1,1,1,-0.5274793976063699,0.0025,-0.5456348550052846,0.0,0.000807987,0.0,0.0,0.06962045220733723,0.06962045220734475,-0.799029774117141,-0.8088235986488742,-0.37431841280256173,-0.3812942194350314
