seed,rho,a_seed,eta,gamma,init_rho,valid_obj,valid_prob,test_obj,test_prob,time,valid_cover,test_cover,valid_in,test_in,avg_val,valid_cvar,test_cvar
20,1,20,0.05,1,1,-0.6750532168829637,0.0,-0.7215987864839908,0.0,0.002544264,0.0,0.0,0.01840342220555036,0.01840221142014648,-0.9017622102545033,-0.61314871338951,-0.645258650074417
