seed,rho,a_seed,eta,gamma,init_rho,valid_obj,valid_prob,test_obj,test_prob,time,valid_cover,test_cover,valid_in,test_in,valid_avg,avg_val,valid_cvar,test_cvar
40,1,40,0.05,1,1,-0.7409594124106327,0.0,-0.7633650932357947,0.0,0.002360141,0.0,0.0,0.010787945468884941,0.010760852909615492,-0.8403785842082112,-0.8436110369388102,-0.70053312309289,-0.7224607395053978
