seed,rho,a_seed,eta,gamma,init_rho,valid_obj,valid_prob,test_obj,test_prob,time,valid_cover,test_cover,valid_in,test_in,avg_val,valid_cvar,test_cvar
70,1,70,0.05,1,1,-0.7062231724744501,0.0,-0.7289379029016441,0.0,0.002291044,0.0,0.0,-0.0016917228834495929,-0.0017108214128506106,-0.9162108581999716,-0.5869044819173861,-0.6269459168181747
