seed,rho,a_seed,eta,gamma,init_rho,valid_obj,valid_prob,test_obj,test_prob,time,valid_cover,test_cover,valid_in,test_in,valid_avg,avg_val,valid_cvar,test_cvar
10,1,10,0.15,1,1,-0.6573298872207931,0.0,-0.6433522047083062,0.0,0.002224069,0.0,0.0,0.026724253260494556,0.026724253260474826,-0.8124209889653312,-0.8118343733558181,-0.5881316047367384,-0.5750705996719797
