seed,rho,a_seed,eta,gamma,init_rho,valid_obj,valid_prob,test_obj,test_prob,time,valid_cover,test_cover,valid_in,test_in,valid_avg,avg_val,valid_cvar,test_cvar
30,1,30,0.15,1,1,-0.6590943649903518,0.0,-0.6500006236608853,0.0,0.002224398,0.0,0.0,0.026130458549770995,0.026130458549773056,-0.8308503375677284,-0.8372124300342914,-0.5767495191423628,-0.5620772939522508
