seed,rho,a_seed,eta,gamma,init_rho,valid_obj,valid_prob,test_obj,test_prob,time,valid_cover,test_cover,valid_in,test_in,valid_avg,avg_val,valid_cvar,test_cvar
60,1,60,0.15,1,1,-0.6759307089038415,0.0,-0.6692514709502597,0.0,0.002216708,0.0,0.0,0.028528186712407973,0.02852818671240975,-0.8181029026530358,-0.8175551031544235,-0.6158724990583389,-0.6020121542392399
