seed,rho,a_seed,eta,gamma,init_rho,valid_obj,valid_prob,test_obj,test_prob,time,valid_cover,test_cover,valid_in,test_in,valid_avg,avg_val,valid_cvar,test_cvar
70,1,70,0.05,1,1,-0.6355274511303666,0.0,-0.6568099147931199,0.0,0.002192387,0.0,0.0,0.027934989109575925,0.027934989109574416,-0.8237044766689252,-0.8152089330042526,-0.5630254142636233,-0.5821193502220373
