seed,rho,a_seed,eta,gamma,init_rho,valid_obj,valid_prob,test_obj,test_prob,time,valid_cover,test_cover,valid_in,test_in,valid_avg,avg_val,valid_cvar,test_cvar
70,1,70,0.05,1,1,-0.5689139347411776,0.005,-0.6017362058448257,0.006,0.000453649,0.0,0.0,0.059384034181122126,0.059421243364503426,-0.783511054057443,-0.8240908592706794,-0.40262220236818075,-0.43422645779599
