seed,rho,a_seed,eta,gamma,init_rho,valid_obj,valid_prob,test_obj,test_prob,time,valid_cover,test_cover,valid_in,test_in,avg_val,valid_cvar,test_cvar
30,1,30,0.12,1,1,-0.545828167435329,0.0,-0.5603140726742533,0.0,0.00035235,0.0,0.0,0.0706739764339326,0.07067397643394403,-0.8716428246579381,-0.3828941357241219,-0.4229710053829704
