seed,rho,a_seed,eta,gamma,init_rho,valid_obj,valid_prob,test_obj,test_prob,time,valid_cover,test_cover,valid_in,test_in,valid_avg,avg_val,valid_cvar,test_cvar
60,1,60,0.12,1,1,-0.5613419988840969,0.0025,-0.5369228334231504,0.001,0.000376811,0.0,0.0,0.06618466421891289,0.06618466421893127,-0.8344699962688964,-0.8216661344321083,-0.42042279032646745,-0.42704358479550153
