seed,rho,a_seed,eta,gamma,init_rho,valid_obj,valid_prob,test_obj,test_prob,time,valid_cover,test_cover,valid_in,test_in,avg_val,valid_cvar,test_cvar
70,1,70,0.12,1,1,-0.5469417477496681,0.005,-0.5099269905728376,0.003,0.00034251,0.0,0.0,0.06844176951683544,0.06844176951687615,-0.8242441125801185,-0.3687251967003765,-0.33465847816094507
