seed,rho,a_seed,eta,gamma,init_rho,valid_obj,valid_prob,test_obj,test_prob,time,valid_cover,test_cover,valid_in,test_in,valid_avg,avg_val,valid_cvar,test_cvar
80,1,80,0.12,1,1,-0.484933140331284,0.0025,-0.4848742282688703,0.001,0.000345811,0.0,0.0,0.04927012439773435,0.04927012439778326,-0.7866930448705094,-0.8151979180448274,-0.3076315171324711,-0.32618184290729013
