seed,rho,a_seed,eta,gamma,init_rho,valid_obj,valid_prob,test_obj,test_prob,time,valid_cover,test_cover,valid_in,test_in,avg_val,valid_cvar,test_cvar
90,1,90,0.12,1,1,-0.557775458995001,0.01,-0.5735752176023254,0.01,0.000348601,0.0,0.0,-0.013183276812876876,-0.01269532744171139,-0.8998132082036019,-0.34470919342239104,-0.3556585320037948
