seed,rho,a_seed,eta,gamma,init_rho,valid_obj,valid_prob,test_obj,test_prob,time,valid_cover,test_cover,valid_in,test_in,valid_avg,avg_val,valid_cvar,test_cvar
80,1,80,0.1,1,1,-0.7564738652226739,0.0,-0.7860278461240493,0.0,0.002183475,0.0,0.0,-0.00024003598989248885,-0.0007941460906120743,-0.8606256488480579,-0.8601781231909473,-0.676296702435296,-0.7164507011490854
