seed,rho,a_seed,eta,gamma,init_rho,valid_obj,valid_prob,test_obj,test_prob,time,valid_cover,test_cover,valid_in,test_in,avg_val
0,1,0,0.1,1,1,-0.5679340913585998,0.0,-0.5630381021590629,0.0,0.002372765,0.0,0.0,-0.5679340913585998,-0.5630381021590629,-0.8166988322248626
