seed,rho,a_seed,eta,gamma,init_rho,valid_obj,valid_prob,test_obj,test_prob,time,valid_cover,test_cover,valid_in,test_in,avg_val
60,1,60,0.1,1,1,-0.5798050997863305,0.0,-0.573296904713451,0.0,0.002328994,0.0,0.0,-0.5798050997863305,-0.573296904713451,-0.8020974937685811
