seed,rho,a_seed,eta,gamma,init_rho,valid_obj,valid_prob,test_obj,test_prob,time,valid_cover,test_cover,valid_in,test_in,avg_val
70,1,70,0.1,1,1,-0.49317887970891167,0.0,-0.533198085925121,0.001,0.002468536,0.0,0.0,-0.49317887970891167,-0.533198085925121,-0.8236016461481774
