seed,rho,a_seed,eta,gamma,init_rho,valid_obj,valid_prob,test_obj,test_prob,time,valid_cover,test_cover,valid_in,test_in,valid_avg,avg_val,valid_cvar,test_cvar
60,1,60,0.05,1,1,-0.7826703770568023,0.0,-0.7614666511439202,0.0,0.002099156,0.0,0.0,0.010711908934301056,0.011503043606898414,-0.8541063305856621,-0.8457590523538522,-0.7496651257956599,-0.7038321687429128
