seed,rho,a_seed,eta,gamma,init_rho,valid_obj,valid_prob,test_obj,test_prob,time,valid_cover,test_cover,valid_in,test_in,avg_val
80,1,80,0.05,1,1,-0.3465881822541833,0.0,-0.39868972804396496,0.0,0.00036368,0.0,0.0,-0.2635269482955279,-0.30839028607726016,-0.82148792654227
