seed,rho,a_seed,eta,gamma,init_rho,valid_obj,valid_prob,test_obj,test_prob,time,valid_cover,test_cover,valid_in,test_in,avg_val
0,1,0,0.1,1,1,-0.5503688690173447,0.0,-0.5405515296111142,0.0,0.002193714,0.0,0.0,-0.5503688690173447,-0.5405515296111142,-0.8505737760944699
