seed,rho,a_seed,eta,gamma,init_rho,valid_obj,valid_prob,test_obj,test_prob,time,valid_cover,test_cover,valid_in,test_in,avg_val
30,1,30,0.1,1,1,-0.5688555397715954,0.0,-0.5889737886654707,0.0,0.002294763,0.0,0.0,-0.5688555397715954,-0.5889737886654707,-0.8377112376402674
