seed,rho,a_seed,eta,gamma,init_rho,valid_obj,valid_prob,test_obj,test_prob,time,valid_cover,test_cover,valid_in,test_in,avg_val
50,1,50,0.1,1,1,-0.6014768410230175,0.0,-0.5425116513738064,0.0,0.002187733,0.0,0.0,-0.6014768410230175,-0.5425116513738064,-0.8393738509230877
