seed,rho,a_seed,eta,gamma,init_rho,valid_obj,valid_prob,test_obj,test_prob,time,valid_cover,test_cover,valid_in,test_in,avg_val
0,1,0,0.1,1,1,-0.549611961841249,0.0,-0.5296330533785296,0.0,0.002300104,0.0,0.0,-0.549611961841249,-0.5296330533785296,-0.843760794405403
