seed,rho,a_seed,eta,gamma,init_rho,valid_obj,valid_prob,test_obj,test_prob,time,valid_cover,test_cover,valid_in,test_in,avg_val
10,1,10,0.1,1,1,-0.4966114910830795,0.0,-0.5551695088813496,0.0,0.002308274,0.0,0.0,-0.4966114910830795,-0.5551695088813496,-0.876122214384354
