seed,rho,a_seed,eta,gamma,init_rho,valid_obj,valid_prob,test_obj,test_prob,time,valid_cover,test_cover,valid_in,test_in,avg_val
30,1,30,0.1,1,1,-0.5424290220771593,0.0,-0.608077372066029,0.0,0.002388364,0.0,0.0,-0.5424290220771593,-0.608077372066029,-0.8407085635258958
