seed,rho,a_seed,eta,gamma,init_rho,valid_obj,valid_prob,test_obj,test_prob,time,valid_cover,test_cover,valid_in,test_in,avg_val
40,1,40,0.1,1,1,-0.5440828329745678,0.0,-0.5753562367649107,0.0,0.002191674,0.0,0.0,-0.5440828329745678,-0.5753562367649107,-0.8512875559489353
