seed,rho,a_seed,eta,gamma,init_rho,valid_obj,valid_prob,test_obj,test_prob,time,valid_cover,test_cover,valid_in,test_in,avg_val
50,1,50,0.1,1,1,-0.6074846389597799,0.0,-0.5123157684287063,0.0,0.002263884,0.0,0.0,-0.6074846389597799,-0.5123157684287063,-0.8489608263649927
