seed,rho,a_seed,eta,gamma,init_rho,valid_obj,valid_prob,test_obj,test_prob,time,valid_cover,test_cover,valid_in,test_in,avg_val
70,1,70,0.1,1,1,-0.5032046151637221,0.0,-0.4823527703808866,0.0,0.002377845,0.0,0.0,-0.5032046151637221,-0.4823527703808866,-0.8381950182532524
