seed,rho,a_seed,eta,gamma,init_rho,valid_obj,valid_prob,test_obj,test_prob,time,valid_cover,test_cover,valid_in,test_in,avg_val
80,1,80,0.1,1,1,-0.5759252325950525,0.0,-0.5491704236947623,0.0,0.002332864,0.0,0.0,-0.5759252325950525,-0.5491704236947623,-0.842764652819355
