seed,rho,a_seed,eta,gamma,init_rho,valid_obj,valid_prob,test_obj,test_prob,time,valid_cover,test_cover,valid_in,test_in,avg_val
90,1,90,0.1,1,1,-0.605828328939198,0.0,-0.5832778437890005,0.0,0.002454415,0.0,0.0,-0.605828328939198,-0.5832778437890005,-0.8532195061470629
