seed,rho,a_seed,eta,gamma,init_rho,valid_obj,valid_prob,test_obj,test_prob,time,valid_cover,test_cover,valid_in,test_in,valid_avg,avg_val,valid_cvar,test_cvar
40,1,40,0.2,1,1,-0.6740879367890282,0.0075,-0.6317736408621984,0.005,0.000362521,0.0,0.0,0.035910601093634115,0.03605347579174196,-0.8175831771730993,-0.8102021676815572,-0.4227149567188137,-0.4457149096547789
