seed,rho,a_seed,eta,gamma,init_rho,valid_obj,valid_prob,test_obj,test_prob,time,valid_cover,test_cover,valid_in,test_in,valid_avg,avg_val,valid_cvar,test_cvar
60,1,60,0.2,1,1,-0.6320659008756093,0.0025,-0.612430104503772,0.004,0.000377402,0.0,0.0,-0.012541536378431837,-0.01205034923762087,-0.8297374887816926,-0.8249566149038127,-0.45291486129444664,-0.43097694314754853
