seed,rho,a_seed,eta,gamma,init_rho,valid_obj,valid_prob,test_obj,test_prob,time,valid_cover,test_cover,valid_in,test_in,avg_val
20,1,20,0.05,1,1,-0.5594956745987743,0.0,-0.51922499157168,0.0,0.002394344,0.0,0.0,-0.49039825894641914,-0.4375272266733639,-0.8053420077716344
