seed,rho,a_seed,eta,gamma,init_rho,valid_obj,valid_prob,test_obj,test_prob,time,valid_cover,test_cover,valid_in,test_in,avg_val
70,1,70,0.05,1,1,-0.5456854804080585,0.0,-0.5094517647684205,0.0,0.002303894,0.0,0.0,-0.47705870237495684,-0.4365351790480934,-0.8111443453670659
