seed,rho,a_seed,eta,gamma,init_rho,valid_obj,valid_prob,test_obj,test_prob,time,valid_cover,test_cover,valid_in,test_in,valid_avg,avg_val,valid_cvar,test_cvar
20,1,20,0.3,1,1,-0.6869271501581317,0.0,-0.7130275618400648,0.002,0.002224996,0.0,0.0,0.003111026641636404,0.003111026641637009,-0.8454703892298169,-0.8527658304975689,-0.5699811237409582,-0.5905786815798479
