seed,rho,a_seed,eta,gamma,init_rho,valid_obj,valid_prob,test_obj,test_prob,time,valid_cover,test_cover,valid_in,test_in,valid_avg,avg_val,valid_cvar,test_cvar
30,1,30,0.3,1,1,-0.7055528860572603,0.0,-0.6938064160706892,0.0,0.002260606,0.0,0.0,0.011583993867872294,0.011583993867871744,-0.8469755362473418,-0.8322959975791906,-0.5607087693745921,-0.5605944550844413
