seed,rho,a_seed,eta,gamma,init_rho,valid_obj,valid_prob,test_obj,test_prob,time,valid_cover,test_cover,valid_in,test_in,valid_avg,avg_val,valid_cvar,test_cvar
70,1,70,0.3,1,1,-0.7268917373487163,0.0,-0.7096751649457037,0.002,0.002080515,0.0,0.0,0.01120452154994015,0.011204521549875777,-0.8581692492686886,-0.8534416404278187,-0.6370850556322792,-0.5883119990272998
