seed,rho,a_seed,eta,gamma,init_rho,valid_obj,valid_prob,test_obj,test_prob,time,valid_cover,test_cover,valid_in,test_in,avg_val
70,1,70,0.2,1,1,-0.5219820303455934,0.0,-0.5539514133833063,0.0,0.002058494,0.0,0.0,-0.5951102495016926,-0.6146816537162809,-0.813565264694121
