seed,a_seed,nonrob_prob,nonrob_obj,scenario_probs,scenario_obj
150,150,1.0,-428.32432888861615,0.6079641237537927,-401.29455519101003
