seed,a_seed,nonrob_prob,nonrob_obj,scenario_probs,scenario_obj
160,160,1.0,-428.494274138243,0.5300527903148754,-396.64038601007843
