seed,a_seed,nonrob_prob,nonrob_obj,scenario_probs,scenario_obj
170,170,1.0,-428.95176920732445,0.6467358198470077,-402.2001834187841
