seed,a_seed,nonrob_prob,nonrob_obj,scenario_probs,scenario_obj
180,180,1.0,-428.67889020272287,0.6885752733068157,-404.24922651162154
