seed,a_seed,nonrob_prob,nonrob_obj,scenario_probs,scenario_obj
190,190,1.0,-428.4778760047583,0.6849970922389784,-400.9593378486123
