seed,rho,a_seed,eta,gamma,init_rho,valid_obj,valid_prob,test_obj,test_prob,time,valid_cover,test_cover,valid_in,test_in,valid_avg,avg_val,valid_cvar,test_cvar
20,1,20,0.05,1,1,-0.6722946895377504,0.0,-0.6654817753530271,0.0,0.002091807,0.0,0.0,0.014725818926066525,0.015006888290690763,-0.8423044130614358,-0.843537501004312,-0.5834101616252068,-0.5834395739604594
