outer_iter,context_val,seed,alpha,eps,test_lcx_prob,test_lcx_obj,valid_lcx_prob,valid_lcx_obj,time,in_val,test_avg,valid_avg,test_lcx_cvar,valid_lcx_cvar
2,2,0,0.1,0.1,0.041666666666666664,0.09227354282017615,0.05263157894736842,-0.5193355862802577,0.4618241786956787,0.6832746738685465,-0.8376130719970022,-0.9245622166770463,0.6808671347901973,0.26479816813282225
