seed,rho,a_seed,eta,gamma,init_rho,valid_obj,valid_prob,test_obj,test_prob,time,valid_cover,test_cover,valid_in,test_in,valid_avg,avg_val,valid_cvar,test_cvar
40,1,40,0.3,1,1,-0.6521617680379743,0.0,-0.6468339457201892,0.0,0.002308528,0.0,0.0,0.012343721128268505,0.012343721128267541,-0.8702938604979576,-0.865671880546218,-0.5385182403445598,-0.5324318385714241
