,mean_eta,mean_init_rho,mean_valid_obj,mean_valid_prob,mean_test_obj,mean_test_prob,0.25_eta,0.25_init_rho,0.25_valid_obj,0.25_valid_prob,0.25_test_obj,0.25_test_prob,0.75_eta,0.75_init_rho,0.75_valid_obj,0.75_valid_prob,0.75_test_obj,0.75_test_prob
0,0.05,1.0,-0.7789884426804865,0.14499583333333332,-0.7905633695081794,0.13943166666666668,0.05,1.0,-0.7975745466135145,0.0,-0.8093433945476365,0.001,0.05,1.0,-0.749890660015993,0.35312499999999997,-0.7701971103503049,0.334
1,0.1,1.0,-0.7881583815804661,0.15205833333333332,-0.79736288539863,0.14656999999999998,0.1,1.0,-0.7996374733325035,0.0025,-0.8116683320386888,0.003,0.1,1.0,-0.7829736834968023,0.3525,-0.7783183038106423,0.341
2,0.15,1.0,-0.7902602722843041,0.16415,-0.8110502653245971,0.15082500000000001,0.15,1.0,-0.8098785226305407,0.005,-0.8174310961049247,0.005,0.15,1.0,-0.7748122447699449,0.365,-0.7839294535088748,0.32575
3,0.2,1.0,-0.7917012916759099,0.17642916666666666,-0.7978478073217656,0.17010666666666666,0.2,1.0,-0.8113188321926281,0.01,-0.8091026093307426,0.009,0.2,1.0,-0.7743950008455762,0.3875,-0.7821181743120627,0.351
4,0.23,1.0,-0.7904309289750469,0.17772500000000002,-0.7891818050909355,0.176125,0.23,1.0,-0.8113450197842417,0.0125,-0.7972249710338852,0.012,0.23,1.0,-0.7748049567311176,0.3675,-0.7778289223875834,0.377
5,0.25,1.0,-0.7907144218531122,0.177175,-0.7894281652620834,0.17523333333333332,0.25,1.0,-0.8113188321212761,0.0125,-0.7974834922031683,0.013,0.25,1.0,-0.7752131972427955,0.36,-0.7830597517891547,0.367
6,0.3,1.0,-0.784846484968717,0.19716666666666666,-0.7854297174647413,0.19076833333333332,0.3,1.0,-0.8084318959446164,0.0175,-0.79575389005437,0.01875,0.3,1.0,-0.773005906546967,0.425,-0.7790981495339743,0.395
7,0.33,1.0,-0.7887630820383612,0.197625,-0.7867729316104797,0.19530666666666666,0.33,1.0,-0.7995109277948829,0.02,-0.8002404548672377,0.02075,0.33,1.0,-0.772672148332693,0.395,-0.7831644299553079,0.40125
8,0.35,1.0,-0.7905768952609642,0.20564583333333333,-0.7876870468090273,0.20088333333333333,0.35,1.0,-0.8118721601930285,0.0225,-0.7973955672725058,0.022,0.35,1.0,-0.7738775692955945,0.403125,-0.7843321099684092,0.404
