,mean_eta,mean_init_rho,mean_valid_obj,mean_valid_prob,mean_test_obj,mean_test_prob,0.25_eta,0.25_init_rho,0.25_valid_obj,0.25_valid_prob,0.25_test_obj,0.25_test_prob,0.75_eta,0.75_init_rho,0.75_valid_obj,0.75_valid_prob,0.75_test_obj,0.75_test_prob
0,0.05,1.0,-0.8121057068069781,0.031214583333333337,-0.8111153806633872,0.028679166666666665,0.05,1.0,-0.8241952167490384,0.01,-0.8180870183446923,0.00975,0.05,1.0,-0.8044945306340361,0.0375,-0.8083273767424274,0.034
1,0.1,1.0,-0.8199628373153041,0.03753125,-0.8206533353547493,0.03979666666666667,0.1,1.0,-0.8293687736477925,0.005,-0.8249983096760313,0.006,0.1,1.0,-0.8119728121687156,0.04,-0.8128580490630105,0.048
2,0.15,1.0,-0.8220224970044984,0.03845208333333333,-0.8229775523646992,0.03460916666666666,0.15,1.0,-0.8303501792879064,0.0025,-0.8300212726148708,0.001,0.15,1.0,-0.8100738160899281,0.0425,-0.8188440026146385,0.03425
3,0.2,1.0,-0.8231272658221437,0.03988958333333333,-0.8253765042241217,0.036241666666666665,0.2,1.0,-0.8355466064485706,0.0,-0.8318158367751907,0.0,0.2,1.0,-0.8103938245170759,0.0425,-0.8204023450938306,0.031
4,0.23,1.0,-0.8275481365093529,0.03837708333333333,-0.8275785443958577,0.037059166666666664,0.23,1.0,-0.8385710638060571,0.0,-0.8331268172368949,0.0,0.23,1.0,-0.8170512607849181,0.028125,-0.8240500657207606,0.027
5,0.25,1.0,-0.8266421583708488,0.03998333333333333,-0.8271836281597709,0.038184166666666665,0.25,1.0,-0.8363215221733266,0.0,-0.8329022906106163,0.0,0.25,1.0,-0.8117345706856983,0.0325,-0.8246999279498026,0.029
6,0.3,1.0,-0.8265450061536066,0.04293958333333334,-0.8274279877007896,0.04119333333333333,0.3,1.0,-0.8361774708402752,0.0,-0.8329202762128027,0.0,0.3,1.0,-0.8170380011640207,0.04,-0.8209564192755514,0.029
7,0.33,1.0,-0.8275193472597064,0.04447916666666667,-0.8282427145627195,0.041499999999999995,0.33,1.0,-0.8377109900198569,0.0,-0.8324019117185891,0.0,0.33,1.0,-0.8166328773023487,0.035,-0.8255454471797717,0.029
8,0.35,1.0,-0.8264767110071586,0.043714583333333334,-0.8281468433910277,0.04211666666666666,0.35,1.0,-0.8366976004274465,0.0,-0.8329057439636613,0.0,0.35,1.0,-0.814955559351208,0.03,-0.8242209608694865,0.027
