,mean_eta,mean_init_rho,mean_valid_obj,mean_valid_prob,mean_test_obj,mean_test_prob,0.25_eta,0.25_init_rho,0.25_valid_obj,0.25_valid_prob,0.25_test_obj,0.25_test_prob,0.75_eta,0.75_init_rho,0.75_valid_obj,0.75_valid_prob,0.75_test_obj,0.75_test_prob
0,0.05,1.0,-0.8133827596415522,0.02760625,-0.8110125170344162,0.02636583333333333,0.05,1.0,-0.8285332491200456,0.0075,-0.8173009915438966,0.006,0.05,1.0,-0.8010926823084521,0.035,-0.803613749325233,0.033
1,0.1,1.0,-0.8183149303646641,0.03669791666666667,-0.8181281071654151,0.03438166666666667,0.1,1.0,-0.8246534882262042,0.0125,-0.8256908719302398,0.007,0.1,1.0,-0.8130972534678582,0.04,-0.8119684710995083,0.041
2,0.15,1.0,-0.8198569503100144,0.031102083333333332,-0.8205101979476197,0.03002166666666667,0.15,1.0,-0.8288907469249343,0.0,-0.8259266430130789,0.0,0.15,1.0,-0.8091967946936078,0.0275,-0.8161142710477584,0.029
3,0.2,1.0,-0.8216311539728651,0.03301041666666667,-0.8209511600817088,0.03126166666666667,0.2,1.0,-0.832194438876544,0.0,-0.826891996980744,0.0,0.2,1.0,-0.813300411197875,0.0275,-0.8144078784695976,0.025
4,0.23,1.0,-0.8219999357034613,0.03248333333333333,-0.8229848349766826,0.0320925,0.23,1.0,-0.8313163643903071,0.0,-0.8267514621320244,0.0,0.23,1.0,-0.8123916175907869,0.018125000000000002,-0.8181827162798239,0.021
5,0.25,1.0,-0.8197689479642153,0.03697916666666667,-0.8218594564740632,0.035464999999999997,0.25,1.0,-0.8307973111129913,0.0,-0.8271951141202241,0.0,0.25,1.0,-0.8082299594682133,0.0275,-0.8167385411588589,0.023
6,0.3,1.0,-0.8217319388101664,0.03828333333333333,-0.8228799919509487,0.03756166666666667,0.3,1.0,-0.8328970713012188,0.0,-0.8290959094440729,0.0,0.3,1.0,-0.8058108337963745,0.0225,-0.8186079423265729,0.024
7,0.33,1.0,-0.8220931443588798,0.03858333333333333,-0.8233990680185209,0.038239166666666664,0.33,1.0,-0.8343321704690138,0.0,-0.829155825605743,0.0,0.33,1.0,-0.807268489089788,0.0225,-0.8186930344454192,0.022
8,0.35,1.0,-0.8244655434435405,0.040585416666666665,-0.8255871263440672,0.04028333333333334,0.35,1.0,-0.8344982289700987,0.0,-0.8311843470726379,0.0,0.35,1.0,-0.8100371657218413,0.0225,-0.8202331392057385,0.023
