,mean_eta,mean_init_rho,mean_valid_obj,mean_valid_prob,mean_test_obj,mean_test_prob,0.25_eta,0.25_init_rho,0.25_valid_obj,0.25_valid_prob,0.25_test_obj,0.25_test_prob,0.75_eta,0.75_init_rho,0.75_valid_obj,0.75_valid_prob,0.75_test_obj,0.75_test_prob
0,0.05,1.0,-0.8164848282669797,0.03812708333333333,-0.8144445082281581,0.03973583333333333,0.05,1.0,-0.826270097224972,0.0075,-0.8218056586591281,0.009,0.05,1.0,-0.8065546571405565,0.0475,-0.8081028883577455,0.046
1,0.1,1.0,-0.8220186829463264,0.05317291666666667,-0.8232242165863725,0.0493925,0.1,1.0,-0.8357309842203404,0.01,-0.8322745363195047,0.005,0.1,1.0,-0.808183981188346,0.06,-0.8130611838980064,0.053
2,0.15,1.0,-0.8241991884757832,0.1098375,-0.8244689313438619,0.1073225,0.15,1.0,-0.835020328821318,0.0,-0.831783065996159,0.002,0.15,1.0,-0.8103485265797478,0.125,-0.8182379278396986,0.12925
3,0.2,1.0,-0.8229961900459174,0.21604583333333333,-0.8254942527136635,0.20516416666666668,0.2,1.0,-0.830325575927149,0.03,-0.8317951916621814,0.02575,0.2,1.0,-0.8130638771409575,0.320625,-0.8205653478233067,0.30674999999999997
4,0.23,1.0,-0.8244663537199334,0.2509895833333333,-0.8255154297035041,0.2406775,0.23,1.0,-0.8365507913308692,0.0675,-0.8336494277194131,0.058,0.23,1.0,-0.8161763459342535,0.375,-0.8180991584849535,0.36424999999999996
5,0.25,1.0,-0.8222003937407925,0.29107916666666667,-0.825912607253371,0.2822325,0.25,1.0,-0.8324887372237075,0.0725,-0.8329188664064476,0.06775,0.25,1.0,-0.8099098397266704,0.46,-0.8215331103645054,0.44925000000000004
6,0.3,1.0,-0.8283899919707817,0.30775416666666666,-0.8311800168125228,0.2978591666666667,0.3,1.0,-0.8371972701267012,0.1,-0.837990294365007,0.086,0.3,1.0,-0.8206285369215459,0.49,-0.8239006335293501,0.476
7,0.33,1.0,-0.8284595600631127,0.3872583333333333,-0.8302515109428285,0.37986,0.33,1.0,-0.8365942552422587,0.145,-0.840029884076631,0.15575,0.33,1.0,-0.8160679962414323,0.6175,-0.8220141261036444,0.598
8,0.35,1.0,-0.8261885878665124,0.3794875,-0.8282421861458821,0.37609,0.35,1.0,-0.8363544216436195,0.1425,-0.835334810717809,0.161,0.35,1.0,-0.815103812388845,0.6,-0.8199611167886434,0.5892499999999999
