seed,rho,a_seed,eta,gamma,init_rho,valid_obj,valid_prob,test_obj,test_prob,time,valid_cover,test_cover,valid_in,test_in,avg_val
30,1,30,0.2,1,1,-0.3409291990158357,0.0025,-0.40396695611911526,0.0,0.000374713,0.0,0.0,-0.44171842824516966,-0.5014344337105016,-0.8473208539580918
