seed,rho,a_seed,eta,gamma,init_rho,valid_obj,valid_prob,test_obj,test_prob,time,valid_cover,test_cover,valid_in,test_in,avg_val
0,1,0,0.1,1,1,-0.3748829565864178,0.0025,-0.3802455800329254,0.002,0.000384263,0.0,0.0,-0.3748829565864178,-0.3802455800329254,-0.8439918538175386
