seed,rho,a_seed,eta,gamma,init_rho,valid_obj,valid_prob,test_obj,test_prob,time,valid_cover,test_cover,valid_in,test_in,avg_val
30,1,30,0.1,1,1,-0.4030475775839911,0.0,-0.4369743857480566,0.0,0.000360762,0.0,0.0,-0.4030475775839911,-0.4369743857480566,-0.8238239059290388
