seed,rho,a_seed,eta,gamma,init_rho,valid_obj,valid_prob,test_obj,test_prob,time,valid_cover,test_cover,valid_in,test_in,avg_val
40,1,40,0.1,1,1,-0.4671188852423184,0.0,-0.43757525696372696,0.0,0.000370913,0.0,0.0,-0.4671188852423184,-0.43757525696372696,-0.8069718670388081
