seed,rho,a_seed,eta,gamma,init_rho,valid_obj,valid_prob,test_obj,test_prob,time,valid_cover,test_cover,valid_in,test_in,valid_avg,avg_val,valid_cvar,test_cvar
10,1,10,0.1,1,1,-0.710556385832638,0.0,-0.7070474760684443,0.0,0.002242777,0.0,0.0,0.015113102835286312,0.015113102835285122,-0.8449261242883077,-0.8537753578932428,-0.6059657399576578,-0.6360409681636999
