seed,rho,a_seed,eta,gamma,init_rho,valid_obj,valid_prob,test_obj,test_prob,time,valid_cover,test_cover,valid_in,test_in,valid_avg,avg_val,valid_cvar,test_cvar
30,1,30,0.1,1,1,-0.7180561790705355,0.0,-0.6702292610587419,0.0,0.002092116,0.0,0.0,0.022221149585739418,0.022221149585730165,-0.8378526948754157,-0.8189091976992268,-0.5972474255491717,-0.5910168105363737
