seed,rho,a_seed,eta,gamma,init_rho,valid_obj,valid_prob,test_obj,test_prob,time,valid_cover,test_cover,valid_in,test_in,valid_avg,avg_val,valid_cvar,test_cvar
90,1,90,0.1,1,1,-0.7363308906407497,0.0,-0.7352343450355293,0.0,0.002233337,0.0,0.0,0.007863836197188617,0.00813110527101405,-0.8348975046719858,-0.8435764668739332,-0.6509602816920361,-0.6513144307131067
