seed,rho,a_seed,eta,gamma,init_rho,valid_obj,valid_prob,test_obj,test_prob,time,valid_cover,test_cover,valid_in,test_in,avg_val
30,1,30,0.2,1,1,-0.34862727287498896,0.0,-0.3620170882423258,0.004,0.00034909,0.0,0.0,-0.45946244705031886,-0.4613391535456495,-0.8041419946578234
