seed,rho,a_seed,eta,gamma,init_rho,valid_obj,valid_prob,test_obj,test_prob,time,valid_cover,test_cover,valid_in,test_in,avg_val
40,1,40,0.2,1,1,-0.25071587869421835,0.005,-0.20225910679448655,0.004,0.00037787,0.0,0.0,-0.3602224741058482,-0.3437439093881169,-0.8530079120898202
