seed,rho,a_seed,eta,gamma,init_rho,valid_obj,valid_prob,test_obj,test_prob,time,valid_cover,test_cover,valid_in,test_in,valid_avg,avg_val,valid_cvar,test_cvar
10,1,10,0.15,1,1,-0.7691456016482299,0.0,-0.7531098039135133,0.0,0.002465553,0.0,0.0,0.005320185931026894,0.0050947799391024015,-0.85800904972675,-0.8505518122116493,-0.6679768325807,-0.6560272397832924
