seed,rho,a_seed,eta,gamma,init_rho,valid_obj,valid_prob,test_obj,test_prob,time,valid_cover,test_cover,valid_in,test_in,valid_avg,avg_val,valid_cvar,test_cvar
20,1,20,0.15,1,1,-0.6572697570486015,0.0025,-0.6905887869276597,0.0,0.002330832,0.0,0.0,-0.007411575182246487,-0.007411575182300097,-0.8312566495904676,-0.8453458762931275,-0.49337025716104155,-0.586343272137981
