seed,rho,a_seed,eta,gamma,init_rho,valid_obj,valid_prob,test_obj,test_prob,time,valid_cover,test_cover,valid_in,test_in,avg_val,valid_cvar,test_cvar
90,1,90,0.15,1,1,-0.734776183251116,0.0,-0.706216673211536,0.0,0.002055773,0.0,0.0,-0.003369191496810826,-0.0033691914968540806,-0.9099931416977547,-0.6266617894966152,-0.6329099628135888
