seed,a_seed,nonrob_prob,nonrob_obj,scenario_probs,scenario_obj
30,30,0.6140924749704714,-0.9013010604525823,0.25276093010006206,-0.8413390244505795
