seed,a_seed,nonrob_prob,nonrob_obj,scenario_probs,scenario_obj
90,90,0.629742740038584,-0.892767577249184,0.29399343516195636,-0.8390030152361817
