seed,rho,a_seed,eta,gamma,init_rho,valid_obj,valid_prob,test_obj,test_prob,time,valid_cover,test_cover,valid_in,test_in,avg_val
70,1,70,0.1,1,1,-0.256460674041193,0.015,-0.26754049692269627,0.018,0.00036992,0.0,0.0,-0.256460674041193,-0.26754049692269627,-0.7867489776830242
