seed,rho,a_seed,eta,gamma,init_rho,valid_obj,valid_prob,test_obj,test_prob,time,valid_cover,test_cover,valid_in,test_in,avg_val
50,1,50,0.12,1,1,-0.5342821729489099,0.0,-0.5047172586692498,0.0,0.002189893,0.0,0.0,-0.5530211536574089,-0.5269500937385476,-0.8291484714818816
