seed,rho,a_seed,eta,gamma,init_rho,valid_obj,valid_prob,test_obj,test_prob,time,valid_cover,test_cover,valid_in,test_in,avg_val
70,1,70,0.12,1,1,-0.500513038977562,0.0,-0.530742230445342,0.001,0.002190724,0.0,0.0,-0.5233983216604301,-0.5480915482804422,-0.8241194771071384
