seed,rho,a_seed,eta,gamma,init_rho,valid_obj,valid_prob,test_obj,test_prob,time,valid_cover,test_cover,valid_in,test_in,valid_avg,avg_val,valid_cvar,test_cvar
10,1,10,0.15,1,1,-0.5224134155523418,0.0025,-0.5392214246670444,0.001,0.000755903,0.0,0.0,0.06821824000469479,0.06821824000469585,-0.8187192913517817,-0.8198058889269935,-0.36236702739051335,-0.40693002966913727
