seed,rho,a_seed,eta,gamma,init_rho,valid_obj,valid_prob,test_obj,test_prob,time,valid_cover,test_cover,valid_in,test_in,valid_avg,avg_val,valid_cvar,test_cvar
40,1,40,0.15,1,1,-0.506926003809939,0.005,-0.49361424883314126,0.004,0.000741724,0.0,0.0,0.05294278848431178,0.05294278848432101,-0.8070023680095159,-0.8205408508140594,-0.30749297961693656,-0.3263283423374749
