seed,rho,a_seed,eta,gamma,init_rho,valid_obj,valid_prob,test_obj,test_prob,time,valid_cover,test_cover,valid_in,test_in,valid_avg,avg_val,valid_cvar,test_cvar
90,1,90,0.15,1,1,-0.5276498543371916,0.0025,-0.5278718433994491,0.002,0.000730968,0.0,0.0,0.06459911001333316,0.06459911001336026,-0.8167388303760325,-0.8144067714187688,-0.38901443073013386,-0.4000059924350437
