context_val,seed,alpha,eps,test_lcx_prob,test_lcx_obj,valid_lcx_prob,valid_lcx_obj,time,in_val,test_avg,valid_avg
14,0,0.12,0.1,0.0,-0.3650618805751988,0.0,-0.3413694606958689,2881.158447265625,0.31801332063413884,-0.7914641280703162,-0.7422157643767944
