context_val,seed,alpha,eps,test_lcx_prob,test_lcx_obj,valid_lcx_prob,valid_lcx_obj,time,in_val,test_avg,valid_avg
10,10,0.12,0.1,0.0,-0.4027713669670509,0.0,-0.5093735071548625,2795.1054627895355,0.3769075285526306,-0.7715537526360314,-0.7562481392242516
