context_val,seed,alpha,eps,test_lcx_prob,test_lcx_obj,valid_lcx_prob,valid_lcx_obj,time,in_val,test_avg,valid_avg
13,10,0.12,0.1,0.0,-0.19535423874339283,0.0,-0.4260295328905486,1867.3880760669708,0.2776412095614575,-0.8873908118758047,-0.9564762199702229
