context_val,seed,alpha,eps,test_lcx_prob,test_lcx_obj,valid_lcx_prob,valid_lcx_obj,time,in_val,test_avg,valid_avg
16,10,0.12,0.1,0.0,-0.2822883283311149,0.0,-0.5053578749193444,2343.961294412613,0.36509289394317035,-0.7722258154238454,-0.788651143688925
