context_val,seed,alpha,eps,test_lcx_prob,test_lcx_obj,valid_lcx_prob,valid_lcx_obj,time,in_val,test_avg,valid_avg
5,10,0.12,0.1,0.038461538461538464,0.016836411922707916,0.0,-0.5527384638749389,4571.992520332336,0.3865876039988329,-0.8640322077203236,-1.134638702496908
