context_val,seed,alpha,eps,test_lcx_prob,test_lcx_obj,valid_lcx_prob,valid_lcx_obj,time,in_val,test_avg,valid_avg
6,10,0.12,0.1,0.03225806451612903,-0.14616216244431263,0.0,-0.5685127310656215,461.0678491592407,0.11148221551061137,-0.8074001176714274,-0.9853790237265182
