context_val,seed,alpha,eps,test_lcx_prob,test_lcx_obj,valid_lcx_prob,valid_lcx_obj,time,in_val,test_avg,valid_avg
8,10,0.12,0.1,0.0,-0.25658367764550055,0.0,-0.5057911225991231,1305.7262604236603,0.1333364811215001,-0.7632041219995288,-0.8186176822858888
