context_val,seed,alpha,eps,test_lcx_prob,test_lcx_obj,valid_lcx_prob,valid_lcx_obj,time,in_val,test_avg,valid_avg
10,20,0.12,0.1,0.0,-0.15382454376171217,0.0,-0.555959810478132,2528.9977555274963,0.44418588294360684,-0.8017775950318864,-0.8680428474759562
