context_val,seed,alpha,eps,test_lcx_prob,test_lcx_obj,valid_lcx_prob,valid_lcx_obj,time,in_val,test_avg,valid_avg
13,20,0.12,0.1,0.0,-0.3708762421409368,0.0,-0.5673640926876038,2460.974546432495,0.2534515231576256,-0.7710754553809144,-0.897865597647976
