context_val,seed,alpha,eps,test_lcx_prob,test_lcx_obj,valid_lcx_prob,valid_lcx_obj,time,in_val,test_avg,valid_avg
15,20,0.12,0.1,0.0,0.006287761950292181,0.0,-0.38582794384976865,2339.0468294620514,0.4160505890229769,-0.6004130852426668,-0.7630056835548551
