context_val,seed,alpha,eps,test_lcx_prob,test_lcx_obj,valid_lcx_prob,valid_lcx_obj,time,in_val,test_avg,valid_avg
11,20,0.12,0.1,0.0,-0.2918159730176101,0.0,-0.35727967489331813,389.6576101779938,0.14962868733503948,-0.7121898083158434,-0.7430902276190442
