context_val,seed,alpha,eps,test_lcx_prob,test_lcx_obj,valid_lcx_prob,valid_lcx_obj,time,in_val,test_avg,valid_avg
15,30,0.12,0.1,0.043478260869565216,-0.19784628370363203,0.0,-0.5051184327765093,2202.639324426651,0.20068282577005916,-0.8332508854582004,-0.9351934005718284
