context_val,seed,alpha,eps,test_lcx_prob,test_lcx_obj,valid_lcx_prob,valid_lcx_obj,time,in_val,test_avg,valid_avg
2,30,0.12,0.1,0.0,-0.18858630050731687,0.0,-0.5929218135693755,4623.877490282059,0.4163208577529285,-0.7286566732980386,-0.8982103276534011
