context_val,seed,alpha,eps,test_lcx_prob,test_lcx_obj,valid_lcx_prob,valid_lcx_obj,time,in_val,test_avg,valid_avg
3,30,0.12,0.1,0.0,-0.25522366706199046,0.0,-0.10996206308507196,451.81599712371826,0.4073530387561422,-0.9093767385768247,-0.7504508416013077
