context_val,seed,alpha,eps,test_lcx_prob,test_lcx_obj,valid_lcx_prob,valid_lcx_obj,time,in_val,test_avg,valid_avg
5,30,0.12,0.1,0.0,-0.22255367138631385,0.0,-0.4293372828088241,4113.118741750717,0.2931821819943177,-0.6827954284096867,-0.8316027187878191
