context_val,seed,alpha,eps,test_lcx_prob,test_lcx_obj,valid_lcx_prob,valid_lcx_obj,time,in_val,test_avg,valid_avg
7,30,0.12,0.1,0.0,-0.16045568551290004,0.0,-0.523779256301678,688.9298837184906,0.19994030870996668,-0.7314978781154146,-0.7510995277366205
