context_val,seed,alpha,eps,test_lcx_prob,test_lcx_obj,valid_lcx_prob,valid_lcx_obj,time,in_val,test_avg,valid_avg
12,40,0.12,0.1,0.0,-0.41752170820139395,0.0,-0.16893373059027697,1046.9439589977264,0.38261683194932056,-0.8280892395523408,-0.7416331861836101
