context_val,seed,alpha,eps,test_lcx_prob,test_lcx_obj,valid_lcx_prob,valid_lcx_obj,time,in_val,test_avg,valid_avg
14,40,0.12,0.1,0.0,-0.141716591862274,0.0,-0.18190737658804781,3000.6714873313904,0.10828003421393954,-0.7261916154309267,-0.9284983275791057
