context_val,seed,alpha,eps,test_lcx_prob,test_lcx_obj,valid_lcx_prob,valid_lcx_obj,time,in_val,test_avg,valid_avg
2,40,0.12,0.1,0.0,-0.09417622298948918,0.0,-0.12558901528658603,2239.805141210556,0.36411940504249496,-0.71246493592602,-0.8154859409105071
