context_val,seed,alpha,eps,test_lcx_prob,test_lcx_obj,valid_lcx_prob,valid_lcx_obj,time,in_val,test_avg,valid_avg
9,40,0.12,0.1,0.0,-0.6262539593993628,0.0,-0.11730523794209782,1661.325091600418,0.3713273624558227,-0.9079744922243077,-0.7213213452797002
