context_val,seed,alpha,eps,test_lcx_prob,test_lcx_obj,valid_lcx_prob,valid_lcx_obj,time,in_val,test_avg,valid_avg
13,50,0.12,0.1,0.0,-0.15183715321596045,0.07692307692307693,0.0375482935415091,3865.759876012802,0.3091078467679866,-0.7291349245125867,-0.757853333924049
