context_val,seed,alpha,eps,test_lcx_prob,test_lcx_obj,valid_lcx_prob,valid_lcx_obj,time,in_val,test_avg,valid_avg
12,50,0.12,0.1,0.0,-0.4949716843670006,0.0,-0.4321364806748953,2150.032695055008,0.2327292410569826,-0.8640853941602347,-0.9167498938706754
