context_val,seed,alpha,eps,test_lcx_prob,test_lcx_obj,valid_lcx_prob,valid_lcx_obj,time,in_val,test_avg,valid_avg
2,50,0.12,0.1,0.0,-0.4068048780840134,0.0,-0.6369707879360211,869.2064824104309,0.30866025208303033,-0.8370747465706236,-1.0588194768163484
