context_val,seed,alpha,eps,test_lcx_prob,test_lcx_obj,valid_lcx_prob,valid_lcx_obj,time,in_val,test_avg,valid_avg
3,50,0.12,0.1,0.0,-0.3337009795064956,0.0,-0.1970572516532444,1956.9678630828857,0.36946178941873925,-0.666969118945104,-0.7615839735761134
