context_val,seed,alpha,eps,test_lcx_prob,test_lcx_obj,valid_lcx_prob,valid_lcx_obj,time,in_val,test_avg,valid_avg
6,50,0.12,0.1,0.03225806451612903,-0.114803275639597,0.0,-0.3963908113104042,749.1102652549744,0.16548186559757477,-0.7046070903639196,-0.7915394613706649
