context_val,seed,alpha,eps,test_lcx_prob,test_lcx_obj,valid_lcx_prob,valid_lcx_obj,time,in_val,test_avg,valid_avg
19,60,0.12,0.1,0.03571428571428571,-0.03632597192725542,0.0,-0.4107482966325099,2889.5149188041687,0.3103308612034859,-0.6747760517596787,-0.7081915834729355
