context_val,seed,alpha,eps,test_lcx_prob,test_lcx_obj,valid_lcx_prob,valid_lcx_obj,time,in_val,test_avg,valid_avg
12,70,0.12,0.1,0.0,-0.19748643773001948,0.0,-0.21391562417850174,1956.9439661502838,0.38860217836823874,-0.9499190079289005,-0.5323140890427839
