context_val,seed,alpha,eps,test_lcx_prob,test_lcx_obj,valid_lcx_prob,valid_lcx_obj,time,in_val,test_avg,valid_avg
17,70,0.12,0.1,0.0,-0.33116194891089384,0.125,0.5237226874368541,1488.9237794876099,0.19819205742000984,-0.8337905444544838,-0.5136588336321687
