context_val,seed,alpha,eps,test_lcx_prob,test_lcx_obj,valid_lcx_prob,valid_lcx_obj,time,in_val,test_avg,valid_avg
11,70,0.12,0.1,0.034482758620689655,-0.13008113667585966,0.0,-0.21549921148994894,1103.9023735523224,0.06870468014036413,-0.8053578724339843,-0.8337060942677468
