context_val,seed,alpha,eps,test_lcx_prob,test_lcx_obj,valid_lcx_prob,valid_lcx_obj,time,in_val,test_avg,valid_avg
6,70,0.12,0.1,0.0967741935483871,-0.2615553852862015,0.16666666666666666,0.3352683695751385,985.0743637084961,-0.3179981328986688,-0.8832311490803693,-0.6748542120139818
