context_val,seed,alpha,eps,test_lcx_prob,test_lcx_obj,valid_lcx_prob,valid_lcx_obj,time,in_val,test_avg,valid_avg
7,70,0.12,0.1,0.03571428571428571,-0.22926889941661246,0.0,-0.16238683253810038,3387.6964552402496,0.2767843491798811,-0.8488359228539067,-0.8451968191573735
