context_val,seed,alpha,eps,test_lcx_prob,test_lcx_obj,valid_lcx_prob,valid_lcx_obj,time,in_val,test_avg,valid_avg
10,80,0.12,0.1,0.0,-0.21481664764417707,0.0,-0.3436166854740639,2107.443175315857,0.30109098982951027,-0.8117841074712864,-0.7205259903284607
