context_val,seed,alpha,eps,test_lcx_prob,test_lcx_obj,valid_lcx_prob,valid_lcx_obj,time,in_val,test_avg,valid_avg
7,80,0.12,0.1,0.0,-0.3279766278475449,0.0,-0.36565622305349893,1214.413961648941,0.3686115608900324,-1.13052526529791,-0.759105409201438
