context_val,seed,alpha,eps,test_lcx_prob,test_lcx_obj,valid_lcx_prob,valid_lcx_obj,time,in_val,test_avg,valid_avg
8,80,0.12,0.1,0.038461538461538464,0.046813054314384005,0.0,0.14334014671337833,4409.036699295044,0.34904484386550444,-0.840148744645293,-0.7074843809276283
