context_val,seed,alpha,eps,test_lcx_prob,test_lcx_obj,valid_lcx_prob,valid_lcx_obj,time,in_val,test_avg,valid_avg
9,80,0.12,0.1,0.0,-0.3693960441929874,0.0,-0.0745457714511126,1164.9494302272797,0.3765833834352014,-0.8652466936176616,-0.6166976017490756
