context_val,seed,alpha,eps,test_lcx_prob,test_lcx_obj,valid_lcx_prob,valid_lcx_obj,time,in_val,test_avg,valid_avg
0,90,0.12,0.1,0.0,-0.5473035785405825,0.0,-0.42253091529796527,2774.7547709941864,0.2701760170038312,-0.9295453926934635,-0.7606886729103783
