context_val,seed,alpha,eps,test_lcx_prob,test_lcx_obj,valid_lcx_prob,valid_lcx_obj,time,in_val,test_avg,valid_avg
17,90,0.12,0.1,0.0,-0.3467758374560954,0.0,-0.346132286329631,2186.237113714218,0.29582555677036304,-0.9154589098940613,-0.7612207183567137
