context_val,seed,alpha,eps,test_lcx_prob,test_lcx_obj,valid_lcx_prob,valid_lcx_obj,time,in_val,test_avg,valid_avg
10,90,0.12,0.1,0.0,-0.48966709866944785,0.0,-0.5715087523786695,1981.5822217464447,0.3093977376303333,-0.8693184173648245,-0.8765156423201965
