context_val,seed,alpha,eps,test_lcx_prob,test_lcx_obj,valid_lcx_prob,valid_lcx_obj,time,in_val,test_avg,valid_avg
18,90,0.12,0.1,0.0,-0.359107497860122,0.0,-0.2435959540364687,1400.9730076789856,0.26054332127456714,-0.8065519977403842,-0.8052694588149342
