context_val,seed,alpha,eps,test_lcx_prob,test_lcx_obj,valid_lcx_prob,valid_lcx_obj,time,in_val,test_avg,valid_avg
15,90,0.12,0.1,0.0,-0.3309727744439927,0.0,-0.544077957137691,3168.5111122131348,0.3346127228720761,-0.7531813585901348,-0.9311886960707277
