context_val,seed,alpha,eps,test_lcx_prob,test_lcx_obj,valid_lcx_prob,valid_lcx_obj,time,in_val,test_avg,valid_avg
1,90,0.12,0.1,0.0,-0.42901779363683074,0.0,-0.5884524385379706,4582.894762992859,0.38183657628075884,-0.9406152624808947,-0.8992061574062742
