context_val,seed,alpha,eps,test_lcx_prob,test_lcx_obj,valid_lcx_prob,valid_lcx_obj,time,in_val,test_avg,valid_avg
2,90,0.12,0.1,0.0,-0.2868985429808648,0.0,-0.630256358332253,2469.927817583084,0.4195013130702064,-0.8271108483607849,-1.0945809374324724
