context_val,seed,alpha,eps,test_lcx_prob,test_lcx_obj,valid_lcx_prob,valid_lcx_obj,time,in_val,test_avg,valid_avg
6,90,0.12,0.1,0.0,-0.3651730656643043,0.0,-0.16517134801664007,696.1999759674072,0.19511878477713382,-0.882770560814871,-0.7096652292724754
