context_val,seed,alpha,eps,test_lcx_prob,test_lcx_obj,valid_lcx_prob,valid_lcx_obj,time,in_val,test_avg,valid_avg
7,90,0.12,0.1,0.0,-0.3994015783398164,0.0,-0.364271465027463,1560.2854073047638,0.32473376836302975,-0.754668062912371,-0.6468129631395386
