context_val,seed,alpha,eps,test_lcx_prob,test_lcx_obj,valid_lcx_prob,valid_lcx_obj,time,in_val,test_avg,valid_avg
8,90,0.12,0.1,0.0,-0.4885474265487714,0.0,-0.7035380789635008,2822.4503004550934,0.4107964318427936,-0.9438127325728293,-1.1320978122679144
