seed,rho,a_seed,eta,gamma,init_rho,valid_obj,valid_prob,test_obj,test_prob,time,valid_cover,test_cover,valid_in,test_in,valid_avg,avg_val,valid_cvar,test_cvar
60,1,60,0.3,1,1,-0.560139174345195,0.005,-0.5340073053573652,0.008,0.00040907,0.0,0.0,0.04884332394226918,0.0488433239422599,-0.8185278124244545,-0.8308719449747729,-0.33530904178425397,-0.32161808512471934
