seed,rho,a_seed,eta,gamma,init_rho,valid_obj,valid_prob,test_obj,test_prob,time,valid_cover,test_cover,valid_in,test_in,valid_avg,avg_val,valid_cvar,test_cvar
10,1,10,0.1,1,1,-0.7588955380012965,0.0,-0.7503146496685107,0.0,0.002445632,0.0,0.0,0.00408873407546189,0.00430093224430479,-0.8467417264168315,-0.8477749553456383,-0.6699858919918922,-0.6839856851896993
