seed,rho,a_seed,eta,gamma,init_rho,valid_obj,valid_prob,test_obj,test_prob,time,valid_cover,test_cover,valid_in,test_in,valid_avg,avg_val,valid_cvar,test_cvar
30,1,30,0.3,1,1,-0.6059281513597132,0.0,-0.6409007844551671,0.0,0.000378651,0.0,0.0,0.034096192716980174,0.03433689007625401,-0.8088761786900797,-0.8242966317229372,-0.49053665796829093,-0.5004623611914135
