seed,rho,a_seed,eta,gamma,init_rho,valid_obj,valid_prob,test_obj,test_prob,time,valid_cover,test_cover,valid_in,test_in,valid_avg,avg_val,valid_cvar,test_cvar
40,1,40,0.3,1,1,-0.6443019395191988,0.005,-0.6295719620662809,0.001,0.000383801,0.0,0.0,0.0330787704194653,0.032636779788075714,-0.8154447243911964,-0.8122015458591522,-0.4970494091960701,-0.4935385728933535
