seed,rho,a_seed,eta,gamma,init_rho,valid_obj,valid_prob,test_obj,test_prob,time,valid_cover,test_cover,valid_in,test_in,valid_avg,avg_val,valid_cvar,test_cvar
70,1,70,0.3,1,1,-0.656533645717446,0.0025,-0.5976349786944132,0.001,0.000350341,0.0,0.0,0.02886224223733259,0.029124223312166388,-0.8268287382954811,-0.8123277481899855,-0.47433002744228403,-0.4540076076086881
