seed,rho,a_seed,eta,gamma,init_rho,valid_obj,valid_prob,test_obj,test_prob,time,valid_cover,test_cover,valid_in,test_in,avg_val,valid_cvar,test_cvar
90,1,90,0.3,1,1,-0.5343958988827882,0.0025,-0.5801556104886062,0.002,0.00038312,0.0,0.0,-0.0068571531918266105,-0.006849924061513399,-0.9226391838883949,-0.3624103720370292,-0.4115542801865533
