seed,rho,a_seed,eta,gamma,init_rho,valid_obj,valid_prob,test_obj,test_prob,time,valid_cover,test_cover,valid_in,test_in,avg_val
0,1,0,0.1,1,1,-0.34722233437349276,0.0025,-0.37190580210601165,0.0,0.000418933,0.0,0.0,-0.34722233437349276,-0.37190580210601165,-0.8297025212344998
