seed,rho,a_seed,eta,gamma,init_rho,valid_obj,valid_prob,test_obj,test_prob,time,valid_cover,test_cover,valid_in,test_in,avg_val
40,1,40,0.1,1,1,-0.270516923920249,0.005,-0.33398473408284635,0.002,0.000445252,0.0,0.0,-0.270516923920249,-0.33398473408284635,-0.807465787871635
