seed,rho,a_seed,eta,gamma,init_rho,valid_obj,valid_prob,test_obj,test_prob,time,valid_cover,test_cover,valid_in,test_in,avg_val
50,1,50,0.1,1,1,-0.333123412620999,0.005,-0.3403616989355516,0.003,0.000366502,0.0,0.0,-0.333123412620999,-0.3403616989355516,-0.7671658139028171
