seed,rho,a_seed,eta,gamma,init_rho,valid_obj,valid_prob,test_obj,test_prob,time,valid_cover,test_cover,valid_in,test_in,avg_val
60,1,60,0.1,1,1,-0.4235152806053314,0.0,-0.3941002405532959,0.001,0.001073507,0.0,0.0,-0.4235152806053314,-0.3941002405532959,-0.812406478944981
