seed,rho,a_seed,eta,gamma,init_rho,valid_obj,valid_prob,test_obj,test_prob,time,valid_cover,test_cover,valid_in,test_in,avg_val
90,1,90,0.1,1,1,-0.3509950852105768,0.005,-0.3468226523919409,0.002,0.000416772,0.0,0.0,-0.3509950852105768,-0.3468226523919409,-0.8146717426145121
