seed,rho,a_seed,eta,gamma,init_rho,valid_obj,valid_prob,test_obj,test_prob,time,valid_cover,test_cover,valid_in,test_in,avg_val
70,1,70,0.05,1,1,-0.490508350350071,0.0,-0.5264908276864023,0.0,0.002244294,0.0,0.0,-0.41197670860504026,-0.4433797939027423,-0.8196654680338853
