seed,rho,a_seed,eta,gamma,init_rho,valid_obj,valid_prob,test_obj,test_prob,time,valid_cover,test_cover,valid_in,test_in,avg_val,valid_cvar,test_cvar
40,1,40,0.1,1,1,-0.5477498257660186,0.005,-0.5285018035304062,0.004,0.00038691,0.0,0.0,0.02858610902233818,0.028586109022342113,-0.8927148709486049,-0.32691042505618534,-0.3582027355720028
