seed,rho,a_seed,eta,gamma,init_rho,valid_obj,valid_prob,test_obj,test_prob,time,valid_cover,test_cover,valid_in,test_in,avg_val,valid_cvar,test_cvar
80,1,80,0.1,1,1,-0.5178233497373698,0.0,-0.5291315462148671,0.003,0.000377501,0.0,0.0,0.05722079745205078,0.05722079745205918,-0.8514024824948446,-0.36243441331452214,-0.3651338990489543
