seed,rho,a_seed,eta,gamma,init_rho,valid_obj,valid_prob,test_obj,test_prob,time,valid_cover,test_cover,valid_in,test_in,valid_avg,avg_val,valid_cvar,test_cvar
60,1,60,0.3,1,1,-0.5491394746191296,0.0,-0.5076511954244379,0.006,0.000602067,0.0,0.0,0.0710892226041227,0.07108922260410964,-0.7941933460383549,-0.7966471793973774,-0.4093245018747057,-0.3306679895160101
