seed,rho,a_seed,eta,gamma,init_rho,valid_obj,valid_prob,test_obj,test_prob,time,valid_cover,test_cover,valid_in,test_in,avg_val
0,1,0,0.3,1,1,-0.4138506587911065,0.005,-0.4434920981492872,0.0,0.00036432,0.0,0.0,-0.5560252056862592,-0.5959287944758545,-0.8542038691290825
