seed,rho,a_seed,eta,gamma,init_rho,valid_obj,valid_prob,test_obj,test_prob,time,valid_cover,test_cover,valid_in,test_in,avg_val
20,1,20,0.3,1,1,-0.36429134928211454,0.0,-0.34034231052129865,0.0,0.00043253,0.0,0.0,-0.5422808951668271,-0.510994932909148,-0.7976295352613283
