seed,rho,a_seed,eta,gamma,init_rho,valid_obj,valid_prob,test_obj,test_prob,time,valid_cover,test_cover,valid_in,test_in,avg_val
30,1,30,0.3,1,1,-0.38234474019133097,0.0,-0.33434422913810896,0.006,0.00041711,0.0,0.0,-0.5359756750437348,-0.5108033487150361,-0.8309233275708056
