seed,rho,a_seed,eta,gamma,init_rho,valid_obj,valid_prob,test_obj,test_prob,time,valid_cover,test_cover,valid_in,test_in,avg_val
60,1,60,0.3,1,1,-0.22042289628219736,0.02,-0.2430723918168151,0.012,0.00036142,0.0,0.0,-0.49623518485788876,-0.483749485927036,-0.8285249548890096
