seed,rho,a_seed,eta,gamma,init_rho,valid_obj,valid_prob,test_obj,test_prob,time,valid_cover,test_cover,valid_in,test_in,avg_val
90,1,90,0.3,1,1,-0.22087835696168379,0.01,-0.288811103473211,0.004,0.00037239,0.0,0.0,-0.448608794134168,-0.4855157358465285,-0.8270021060625388
