seed,a_seed,nonrob_prob,nonrob_obj,scenario_probs,scenario_obj
70,70,0.6134405437040457,-0.8728459806096556,0.30091295298425785,-0.8341723089779215
