seed,rho,a_seed,eta,gamma,init_rho,valid_obj,valid_prob,test_obj,test_prob,time,valid_cover,test_cover,valid_in,test_in,avg_val
20,1,20,0.2,1,1,-0.628361951687401,0.0,-0.548205120138576,0.0,0.002333824,0.0,0.0,-0.6728210836960995,-0.6171250938095767,-0.8403820848667349
