seed,rho,a_seed,eta,gamma,init_rho,valid_obj,valid_prob,test_obj,test_prob,time,valid_cover,test_cover,valid_in,test_in,avg_val
80,1,80,0.2,1,1,-0.5608054402548126,0.0,-0.5521814983507751,0.0,0.002341055,0.0,0.0,-0.627523661462291,-0.6160974813300989,-0.8490369049742965
