seed,rho,a_seed,eta,gamma,init_rho,valid_obj,valid_prob,test_obj,test_prob,time,valid_cover,test_cover,valid_in,test_in,avg_val
30,1,30,0.1,1,1,-0.2915556941241502,0.0,-0.32565254056011866,0.001,0.000415112,0.0,0.0,-0.2915556941241502,-0.32565254056011866,-0.8199075332387568
