seed,rho,a_seed,eta,gamma,init_rho,valid_obj,valid_prob,test_obj,test_prob,time,valid_cover,test_cover,valid_in,test_in,avg_val
50,1,50,0.1,1,1,-0.3143475288438382,0.0075,-0.30882087714665507,0.004,0.000426703,0.0,0.0,-0.3143475288438382,-0.30882087714665507,-0.7592958850472449
