seed,rho,a_seed,eta,gamma,init_rho,valid_obj,valid_prob,test_obj,test_prob,time,valid_cover,test_cover,valid_in,test_in,avg_val
60,1,60,0.1,1,1,-0.41427234163426246,0.0,-0.3833290883881461,0.001,0.000409092,0.0,0.0,-0.41427234163426246,-0.3833290883881461,-0.8062576338451954
