seed,rho,a_seed,eta,gamma,init_rho,valid_obj,valid_prob,test_obj,test_prob,time,valid_cover,test_cover,valid_in,test_in,avg_val
70,1,70,0.1,1,1,-0.3428706692235049,0.0,-0.3436999502513306,0.003,0.000422453,0.0,0.0,-0.3428706692235049,-0.3436999502513306,-0.8054384797210346
