seed,rho,a_seed,eta,gamma,init_rho,valid_obj,valid_prob,test_obj,test_prob,time,valid_cover,test_cover,valid_in,test_in,avg_val,valid_cvar,test_cvar
0,1,0,0.05,1,1,-0.7030036165131445,0.0,-0.6997145912564648,0.0,0.002142785,0.0,0.0,0.007235162835121429,0.007235162833256677,-0.9187929449817119,-0.5814918492595974,-0.6110678828446853
