seed,rho,a_seed,eta,gamma,init_rho,valid_obj,valid_prob,test_obj,test_prob,time,valid_cover,test_cover,valid_in,test_in,valid_avg,avg_val,valid_cvar,test_cvar
30,1,30,0.05,1,1,-0.7133102237705689,0.0,-0.7216061794838933,0.0,0.002460143,0.0,0.0,-0.000163003175762573,-6.237445996598768e-05,-0.8371579768297391,-0.8463169881317014,-0.6435962452928218,-0.6349010857121005
