seed,rho,a_seed,eta,gamma,init_rho,valid_obj,valid_prob,test_obj,test_prob,time,valid_cover,test_cover,valid_in,test_in,valid_avg,avg_val,valid_cvar,test_cvar
30,1,30,0.1,1,1,-0.4996713997243324,0.005,-0.5018194164155111,0.004,0.00044163,0.0,0.0,0.04458555214939364,0.044585552149394574,-0.8200854415019644,-0.8056884280860006,-0.3386826481451262,-0.3503707357061241
