seed,rho,a_seed,eta,gamma,init_rho,valid_obj,valid_prob,test_obj,test_prob,time,valid_cover,test_cover,valid_in,test_in,avg_val
0,1,0,0.3,1,1,-0.3764195231638735,0.0025,-0.3864225851000099,0.0,0.000398032,0.0,0.0,-0.5507491062141567,-0.5501146288751103,-0.8271651347705532
