seed,rho,a_seed,eta,gamma,init_rho,valid_obj,valid_prob,test_obj,test_prob,time,valid_cover,test_cover,valid_in,test_in,avg_val
50,1,50,0.05,1,1,-0.5390527114229691,0.0,-0.5267562853051732,0.0,0.002406766,0.0,0.0,-0.4667569476739974,-0.44728266115707416,-0.8455016966112757
