seed,rho,a_seed,eta,gamma,init_rho,valid_obj,valid_prob,test_obj,test_prob,time,valid_cover,test_cover,valid_in,test_in,avg_val
60,1,60,0.05,1,1,-0.5800983983571367,0.0,-0.5873516242788824,0.0,0.002430986,0.0,0.0,-0.528218692489355,-0.5354059803085879,-0.8238983302628106
