seed,rho,a_seed,eta,gamma,init_rho,valid_obj,valid_prob,test_obj,test_prob,time,valid_cover,test_cover,valid_in,test_in,avg_val,valid_cvar,test_cvar
0,1,0,0.2,1,1,-0.5667693460784127,0.0025,-0.5777195777335657,0.0,0.000362,0.0,0.0,0.06371946216699186,0.06371946216699226,-0.8638430229802297,-0.4025475398690019,-0.42534832656281424
