seed,rho,a_seed,eta,gamma,init_rho,valid_obj,valid_prob,test_obj,test_prob,time,valid_cover,test_cover,valid_in,test_in,valid_avg,avg_val,valid_cvar,test_cvar
70,1,70,0.2,1,1,-0.5499949749843362,0.0,-0.5310316815722147,0.002,0.000365911,0.0,0.0,0.07351940733802248,0.07351940733802402,-0.7956433742315039,-0.8005349245995057,-0.3757759149833984,-0.3666113000471018
