seed,rho,a_seed,eta,gamma,init_rho,valid_obj,valid_prob,test_obj,test_prob,time,valid_cover,test_cover,valid_in,test_in,valid_avg,avg_val,valid_cvar,test_cvar
60,1,60,0.2,1,1,-0.5333994411617384,0.0,-0.5060475729262932,0.004,0.000789969,0.0,0.0,0.06735064521771003,0.06735064521772449,-0.80131939308091,-0.8064191515834279,-0.3885587315647747,-0.3422009055710457
