seed,rho,a_seed,eta,gamma,init_rho,valid_obj,valid_prob,test_obj,test_prob,time,valid_cover,test_cover,valid_in,test_in,avg_val
80,1,80,0.05,1,1,-0.5123586246835282,0.0,-0.5336038769411021,0.0,0.002433375,0.0,0.0,-0.456409164350827,-0.4715542418015541,-0.8019854518595748
