seed,rho,a_seed,eta,gamma,init_rho,valid_obj,valid_prob,test_obj,test_prob,time,valid_cover,test_cover,valid_in,test_in,avg_val
90,1,90,0.05,1,1,-0.5973113549321115,0.0,-0.5836095654973108,0.0,0.002384565,0.0,0.0,-0.5361346059499693,-0.5277065873685535,-0.8342120426766719
