seed,rho,a_seed,eta,gamma,init_rho,valid_obj,valid_prob,test_obj,test_prob,time,valid_cover,test_cover,valid_in,test_in,valid_avg,avg_val,valid_cvar,test_cvar
10,1,10,0.15,1,1,-0.5653405748036848,0.0,-0.5540938852307983,0.002,0.000763586,0.0,0.0,0.03885110338975432,0.038137224963430354,-0.8304261311355046,-0.8278646229770238,-0.47292445920769544,-0.43970543871969225
