seed,rho,a_seed,eta,gamma,init_rho,valid_obj,valid_prob,test_obj,test_prob,time,valid_cover,test_cover,valid_in,test_in,valid_avg,avg_val,valid_cvar,test_cvar
20,1,20,0.15,1,1,-0.5494708687710581,0.005,-0.5295538894470764,0.0,0.000757754,0.0,0.0,0.018288678216855737,0.017723148719162644,-0.8202627627776157,-0.7983698369252128,-0.4239838417508279,-0.39150321708217106
