seed,rho,a_seed,eta,gamma,init_rho,valid_obj,valid_prob,test_obj,test_prob,time,valid_cover,test_cover,valid_in,test_in,valid_avg,avg_val,valid_cvar,test_cvar
40,1,40,0.15,1,1,-0.5058196030217554,0.0,-0.5017990368237274,0.006,0.000820781,0.0,0.0,0.028863232603650237,0.02808759446032869,-0.7863368095775849,-0.8064817572253457,-0.35603019002258357,-0.30522042130305727
