seed,rho,a_seed,eta,gamma,init_rho,valid_obj,valid_prob,test_obj,test_prob,time,valid_cover,test_cover,valid_in,test_in,valid_avg,avg_val,valid_cvar,test_cvar
60,1,60,0.15,1,1,-0.5574989146941643,0.0,-0.5329313763570619,0.004,0.000742325,0.0,0.0,0.03701646008359747,0.0365594849851986,-0.7985355254122544,-0.7907953335866451,-0.43647132048544224,-0.37950162200097526
