seed,a_seed,nonrob_prob,nonrob_obj,scenario_probs,scenario_obj
0,0,0.7239739590474884,-0.8543266207390519,0.5950193515634692,-0.8688699828374352
