seed,a_seed,nonrob_prob,nonrob_obj,scenario_probs,scenario_obj
20,20,0.7522495641613288,-0.7800527155483286,0.6257753520988815,-0.8536853889434489
