seed,a_seed,nonrob_prob,nonrob_obj,scenario_probs,scenario_obj
60,60,0.6813490757608404,-0.8325204824388999,0.6558635686209215,-0.8375503166896981
