seed,a_seed,nonrob_prob,nonrob_obj,scenario_probs,scenario_obj
70,70,0.6790155840891134,-0.9780818863334206,0.6314212135903311,-0.8824118629499725
