seed,a_seed,nonrob_prob,nonrob_obj,scenario_probs,scenario_obj
80,80,0.7124116528895941,-0.8873316630514161,0.6080749479278891,-0.848943078896857
