seed,a_seed,nonrob_prob,nonrob_obj,scenario_probs,scenario_obj
90,90,0.712117363845305,-0.8648927657962492,0.6557017737164796,-0.8115575376327934
