seed,rho,a_seed,eta,gamma,init_rho,valid_obj,valid_prob,test_obj,test_prob,time,valid_cover,test_cover,valid_in,test_in,avg_val
40,1,40,0.15,1,1,-0.26259577043878,0.005,-0.1707672802011559,0.012,0.00037446,0.0,0.0,-0.3392850557504502,-0.28483842906867607,-0.8136240776264861
