seed,rho,a_seed,eta,gamma,init_rho,valid_obj,valid_prob,test_obj,test_prob,time,valid_cover,test_cover,valid_in,test_in,avg_val,valid_cvar,test_cvar
0,1,0,0.05,1,1,-0.5921041081252884,0.0025,-0.570198126635134,0.001,0.00037504,0.0,0.0,0.08351312741927211,0.08351312754734636,-0.8810967624392358,-0.4125462660631825,-0.4291587548415346
