seed,rho,a_seed,eta,gamma,init_rho,valid_obj,valid_prob,test_obj,test_prob,time,valid_cover,test_cover,valid_in,test_in,valid_avg,avg_val,valid_cvar,test_cvar
10,1,10,0.05,1,1,-0.6323895557124732,0.0025,-0.6548401687353599,0.002,0.000356681,0.0,0.0,0.04179512431370158,0.041552145048049674,-0.8127565580913557,-0.811708623043942,-0.49597140772456344,-0.5023082373971702
