seed,rho,a_seed,eta,gamma,init_rho,valid_obj,valid_prob,test_obj,test_prob,time,valid_cover,test_cover,valid_in,test_in,valid_avg,avg_val,valid_cvar,test_cvar
20,1,20,0.05,1,1,-0.6208438236029896,0.0025,-0.6046061270468253,0.003,0.000348261,0.0,0.0,0.057169054878384154,0.057739428713199585,-0.823865572900513,-0.8277572863214124,-0.4253976877806874,-0.45267376209285254
