seed,rho,a_seed,eta,gamma,init_rho,valid_obj,valid_prob,test_obj,test_prob,time,valid_cover,test_cover,valid_in,test_in,valid_avg,avg_val,valid_cvar,test_cvar
30,1,30,0.05,1,1,-0.5970860827296383,0.0,-0.6089805267854551,0.0,0.000433341,0.0,0.0,0.020659000537545116,0.019916653390424987,-0.8173969805613668,-0.8211306204547729,-0.48863406915173085,-0.4812837397177978
