seed,rho,a_seed,eta,gamma,init_rho,valid_obj,valid_prob,test_obj,test_prob,time,valid_cover,test_cover,valid_in,test_in,valid_avg,avg_val,valid_cvar,test_cvar
40,1,40,0.05,1,1,-0.5764353320612153,0.0,-0.5716301799171852,0.001,0.000380601,0.0,0.0,0.021937820895360557,0.021395234247956765,-0.7927654314385728,-0.7891479351113947,-0.4522647648304021,-0.44078653273843615
