seed,rho,a_seed,eta,gamma,init_rho,valid_obj,valid_prob,test_obj,test_prob,time,valid_cover,test_cover,valid_in,test_in,avg_val,valid_cvar,test_cvar
90,1,90,0.05,1,1,-0.5797429887261968,0.0,-0.604519494090475,0.002,0.00038447,0.0,0.0,0.02133106602883856,0.02185533244099774,-0.8936568535145389,-0.4475343293855798,-0.45284598430138107
