context_val,seed,alpha,eps,test_lcx_prob,test_lcx_obj,valid_lcx_prob,valid_lcx_obj,time,in_val,test_avg,valid_avg
14,0,0.08,0.1,0.0,-0.5399428300251164,0.0,-0.6322152995267227,34609.365600824356,0.4766986355644038,-0.8238013194339047,-0.8699369625706995
