context_val,seed,alpha,eps,test_lcx_prob,test_lcx_obj,valid_lcx_prob,valid_lcx_obj,time,in_val,test_avg,valid_avg
11,10,0.08,0.1,0.0,-0.13162070216533953,0.0,-0.2192748385997353,32419.04835510254,0.5537006759045738,-0.8377231763463837,-0.7041289513818556
