context_val,seed,alpha,eps,test_lcx_prob,test_lcx_obj,valid_lcx_prob,valid_lcx_obj,time,in_val,test_avg,valid_avg
17,10,0.08,0.1,0.0,-0.5071010718696923,0.0,-0.6348386377002272,35050.628062963486,0.3391918522785081,-0.8010138344557151,-0.9022934174371315
