context_val,seed,alpha,eps,test_lcx_prob,test_lcx_obj,valid_lcx_prob,valid_lcx_obj,time,in_val,test_avg,valid_avg
8,10,0.08,0.1,0.0,-0.47707099196932207,0.0,-0.6297712930559195,36030.590792417526,0.3392802405111816,-0.7951908831980737,-0.7558381621419556
