context_val,seed,alpha,eps,test_lcx_prob,test_lcx_obj,valid_lcx_prob,valid_lcx_obj,time,in_val,test_avg,valid_avg
19,20,0.08,0.1,0.0,-0.3988552449642016,0.0,-0.36692917918852713,35546.61270928383,0.4214729525709835,-0.7590688521704838,-0.789935399431951
