context_val,seed,alpha,eps,test_lcx_prob,test_lcx_obj,valid_lcx_prob,valid_lcx_obj,time,in_val,test_avg,valid_avg
16,20,0.08,0.1,0.0,-0.2916036625708653,0.0,0.05049252547269792,34552.44802379608,0.5028619780024683,-0.8164036610863437,-0.7216493134800551
