context_val,seed,alpha,eps,test_lcx_prob,test_lcx_obj,valid_lcx_prob,valid_lcx_obj,time,in_val,test_avg,valid_avg
11,20,0.08,0.1,0.0,-0.061345151020087446,0.0,-0.5039245609068451,14728.631731510162,0.4845938185247446,-0.7620974481678174,-0.8748035901786374
