context_val,seed,alpha,eps,test_lcx_prob,test_lcx_obj,valid_lcx_prob,valid_lcx_obj,time,in_val,test_avg,valid_avg
6,20,0.08,0.1,0.0,-0.18549337415519052,0.08333333333333333,0.15377356068616377,17931.725013017654,0.38413894313015057,-0.7669904565289686,-0.6416549486212865
