context_val,seed,alpha,eps,test_lcx_prob,test_lcx_obj,valid_lcx_prob,valid_lcx_obj,time,in_val,test_avg,valid_avg
15,30,0.08,0.1,0.0,-0.3244229379629807,0.0,-0.56632011851083,34372.55676627159,0.2985906431568994,-0.6981034491660444,-0.9063501435221224
