context_val,seed,alpha,eps,test_lcx_prob,test_lcx_obj,valid_lcx_prob,valid_lcx_obj,time,in_val,test_avg,valid_avg
13,30,0.08,0.1,0.0,-0.45059244750604915,0.0,-0.5227132068201035,35543.95318007469,0.30064735771824386,-0.8190708582787029,-0.8262415321483209
