context_val,seed,alpha,eps,test_lcx_prob,test_lcx_obj,valid_lcx_prob,valid_lcx_obj,time,in_val,test_avg,valid_avg
14,30,0.08,0.1,0.0,-0.39690894811615235,0.0,0.06637239903502748,34189.079527139664,0.3449153884517253,-0.7563824601915384,-0.7334451111765419
