context_val,seed,alpha,eps,test_lcx_prob,test_lcx_obj,valid_lcx_prob,valid_lcx_obj,time,in_val,test_avg,valid_avg
6,30,0.08,0.1,0.0,-0.2131048609823195,0.0,-0.3898961539323934,9555.254521131516,0.3796561978475728,-0.7719238655392816,-0.9446894911031422
