context_val,seed,alpha,eps,test_lcx_prob,test_lcx_obj,valid_lcx_prob,valid_lcx_obj,time,in_val,test_avg,valid_avg
9,30,0.08,0.1,0.0,-0.13134971087859507,0.0,-0.3752465453508581,13444.719718456268,0.4396631817144286,-0.7310351772479516,-0.7444514988883717
