context_val,seed,alpha,eps,test_lcx_prob,test_lcx_obj,valid_lcx_prob,valid_lcx_obj,time,in_val,test_avg,valid_avg
7,40,0.08,0.1,0.0,-0.5076379618643573,0.0,-0.5552611352906875,35136.24502801895,0.37773826722899867,-0.8889174156369583,-0.8149558869005832
