context_val,seed,alpha,eps,test_lcx_prob,test_lcx_obj,valid_lcx_prob,valid_lcx_obj,time,in_val,test_avg,valid_avg
13,50,0.08,0.1,0.0,-0.2915121722455031,0.0,-0.44371227912125216,32428.79945254326,0.37025032307482963,-0.7173705896128931,-0.7836218448760823
