context_val,seed,alpha,eps,test_lcx_prob,test_lcx_obj,valid_lcx_prob,valid_lcx_obj,time,in_val,test_avg,valid_avg
15,50,0.08,0.1,0.0,-0.5132391862437459,0.0,-0.4463051724357082,34043.94887518883,0.44734412437228693,-0.7692765971046356,-0.7574180109924096
