context_val,seed,alpha,eps,test_lcx_prob,test_lcx_obj,valid_lcx_prob,valid_lcx_obj,time,in_val,test_avg,valid_avg
14,50,0.08,0.1,0.0,-0.5266493748346459,0.0,-0.3715251845449726,35368.608382463455,0.4434195287532171,-0.8340199945261737,-0.8845659969338044
