context_val,seed,alpha,eps,test_lcx_prob,test_lcx_obj,valid_lcx_prob,valid_lcx_obj,time,in_val,test_avg,valid_avg
8,50,0.08,0.1,0.0,-0.5814541959465147,0.0,-0.6366736613337588,34804.6487057209,0.474062845748892,-0.9471331915116082,-0.9050843018803044
