context_val,seed,alpha,eps,test_lcx_prob,test_lcx_obj,valid_lcx_prob,valid_lcx_obj,time,in_val,test_avg,valid_avg
9,50,0.08,0.1,0.0,-0.20189715220682158,0.0,-0.4458005203220322,32674.48379945755,0.5278449360244818,-0.7422221651613642,-0.7755160950204242
