context_val,seed,alpha,eps,test_lcx_prob,test_lcx_obj,valid_lcx_prob,valid_lcx_obj,time,in_val,test_avg,valid_avg
9,60,0.08,0.1,0.0,-0.32510834557109664,0.0,-0.43407594189010157,32838.27118182182,0.5258385634601912,-0.7710427163541274,-0.8708480460261133
