context_val,seed,alpha,eps,test_lcx_prob,test_lcx_obj,valid_lcx_prob,valid_lcx_obj,time,in_val,test_avg,valid_avg
11,70,0.08,0.1,0.0,-0.1582313242672694,0.0,-0.40484000694910327,28279.183817863464,0.2461608843807955,-0.8008773406813523,-0.9178387552663005
