context_val,seed,alpha,eps,test_lcx_prob,test_lcx_obj,valid_lcx_prob,valid_lcx_obj,time,in_val,test_avg,valid_avg
17,70,0.08,0.1,0.0,-0.465053995536693,0.0,-0.3611059498351167,35541.104976415634,0.3971238921543202,-0.8697351146027507,-0.8031828691507346
