context_val,seed,alpha,eps,test_lcx_prob,test_lcx_obj,valid_lcx_prob,valid_lcx_obj,time,in_val,test_avg,valid_avg
12,70,0.08,0.1,0.0,-0.4570398387409118,0.0,-0.5527195285618284,36048.06413888931,0.3415561547000701,-0.7919830261264413,-0.8809286972003284
