context_val,seed,alpha,eps,test_lcx_prob,test_lcx_obj,valid_lcx_prob,valid_lcx_obj,time,in_val,test_avg,valid_avg
8,70,0.08,0.1,0.0,-0.27675819186810585,0.0,-0.7383343801228833,36924.04806995392,0.4610311634849406,-0.7793922979490031,-0.9755902261652004
