context_val,seed,alpha,eps,test_lcx_prob,test_lcx_obj,valid_lcx_prob,valid_lcx_obj,time,in_val,test_avg,valid_avg
9,70,0.08,0.1,0.0,-0.4298962465795329,0.0,-0.3890389398916595,32212.726209402084,0.49857775866282605,-0.8376368003124853,-0.8693347651253565
