context_val,seed,alpha,eps,test_lcx_prob,test_lcx_obj,valid_lcx_prob,valid_lcx_obj,time,in_val,test_avg,valid_avg
11,80,0.08,0.1,0.0,-0.383632334978848,0.0,-0.5389230062045829,30688.131589651108,0.19706557208809886,-0.8777130213763457,-0.8878910253940279
