context_val,seed,alpha,eps,test_lcx_prob,test_lcx_obj,valid_lcx_prob,valid_lcx_obj,time,in_val,test_avg,valid_avg
8,80,0.08,0.1,0.0,-0.6044449561051771,0.0,-0.5869306179540286,35546.76997232437,0.4027939182589168,-0.8719618816919457,-0.794379334509254
