context_val,seed,alpha,eps,test_lcx_prob,test_lcx_obj,valid_lcx_prob,valid_lcx_obj,time,in_val,test_avg,valid_avg
12,90,0.08,0.1,0.0,-0.2597961363138381,0.0,-0.5152178451606019,35694.74030208588,0.33201749933426306,-0.7633869439274743,-0.854379939191934
