context_val,seed,alpha,eps,test_lcx_prob,test_lcx_obj,valid_lcx_prob,valid_lcx_obj,time,in_val,test_avg,valid_avg
11,90,0.08,0.1,0.0,-0.46327550110434873,0.0,-0.13523515795611987,31112.639895439148,0.39906844366938715,-0.7799661891796239,-0.7260717339354594
