context_val,seed,alpha,eps,test_lcx_prob,test_lcx_obj,valid_lcx_prob,valid_lcx_obj,time,in_val,test_avg,valid_avg
17,90,0.08,0.1,0.0,-0.23883861071956236,0.0,-0.6882932238232005,35076.044736385345,0.35400327120121833,-0.8175470134643008,-0.9036952684341892
