context_val,seed,alpha,eps,test_lcx_prob,test_lcx_obj,valid_lcx_prob,valid_lcx_obj,time,in_val,test_avg,valid_avg
6,90,0.08,0.1,0.0,-0.07509307822445468,0.0,-0.10279704861525725,4887.061792373657,0.6191610346190931,-0.7844655870403252,-0.844614226631485
