context_val,seed,alpha,eps,test_lcx_prob,test_lcx_obj,valid_lcx_prob,valid_lcx_obj,time,in_val,test_avg,valid_avg
9,90,0.08,0.1,0.0,-0.3761440581359515,0.0,-0.5036387235453271,32449.880653858185,0.3273969332145087,-0.814166887753238,-0.9312900294646297
