seed,rho,a_seed,eta,gamma,init_rho,valid_obj,valid_prob,test_obj,test_prob,time,valid_cover,test_cover,valid_in,test_in,avg_val
0,1,0,0.3,1,1,-0.375642926042027,0.0025,-0.38422502942741876,0.0,0.000394913,0.0,0.0,-0.5512397990662445,-0.5501844394434238,-0.8281694911461308
