seed,rho,a_seed,eta,gamma,init_rho,valid_obj,valid_prob,test_obj,test_prob,time,valid_cover,test_cover,valid_in,test_in,avg_val
40,1,40,0.3,1,1,-0.3049883454789219,0.0075,-0.32756863954560705,0.004,0.000415253,0.0,0.0,-0.5127570776749699,-0.5181881017010138,-0.8137614691589068
