seed,rho,a_seed,eta,gamma,init_rho,valid_obj,valid_prob,test_obj,test_prob,time,valid_cover,test_cover,valid_in,test_in,avg_val
50,1,50,0.3,1,1,-0.3209483711939533,0.005,-0.3156739673159302,0.005,0.000406912,0.0,0.0,-0.5021974650748919,-0.4969557976973405,-0.7745641571820084
