seed,a_seed,nonrob_prob,nonrob_obj,scenario_probs,scenario_obj
70,70,1.0,-429.01887168871525,0.5794091329770553,-397.1632718440013
