seed,a_seed,nonrob_prob,nonrob_obj,scenario_probs,scenario_obj
90,90,1.0,-428.9641305741511,0.5984218356394411,-401.59302059862216
