seed,rho,a_seed,eta,gamma,init_rho,valid_obj,valid_prob,test_obj,test_prob,time,valid_cover,test_cover,valid_in,test_in,valid_avg,avg_val,valid_cvar,test_cvar
10,1,10,0.12,1,1,-0.66624897020704,0.0,-0.6979874792153955,0.0,0.002771488,0.0,0.0,0.012750061202338013,0.01275006120233643,-0.8424946775079718,-0.8556532338367497,-0.5781561294973385,-0.6326057895846128
