seed,rho,a_seed,eta,gamma,init_rho,valid_obj,valid_prob,test_obj,test_prob,time,valid_cover,test_cover,valid_in,test_in,valid_avg,avg_val,valid_cvar,test_cvar
40,1,40,0.12,1,1,-0.6688921948425488,0.0,-0.635281385602771,0.0,0.002186596,0.0,0.0,0.0008160073948059388,0.0008160073948063469,-0.8488507246769256,-0.8277410431061499,-0.5652646792207312,-0.5104716370531601
