seed,rho,a_seed,eta,gamma,init_rho,valid_obj,valid_prob,test_obj,test_prob,time,valid_cover,test_cover,valid_in,test_in,valid_avg,avg_val,valid_cvar,test_cvar
70,1,70,0.12,1,1,-0.7003540841684095,0.0,-0.696159846301809,0.0,0.002373716,0.0,0.0,0.0082618218383285,0.008261821838328421,-0.8423625214576138,-0.8398915796691094,-0.6329011829384789,-0.5968073258875423
