seed,rho,a_seed,eta,gamma,init_rho,valid_obj,valid_prob,test_obj,test_prob,time,valid_cover,test_cover,valid_in,test_in,avg_val
20,1,20,0.15,1,1,-0.36576395471971723,0.0025,-0.3559344393949845,0.005,0.000468613,0.0,0.0,-0.44102066763449554,-0.429547799645012,-0.8209885911370666
