seed,rho,a_seed,eta,gamma,init_rho,valid_obj,valid_prob,test_obj,test_prob,time,valid_cover,test_cover,valid_in,test_in,avg_val
50,1,50,0.15,1,1,-0.29077860967878916,0.0075,-0.28274901919468437,0.005,0.000377243,0.0,0.0,-0.36195976738965624,-0.3577930364362177,-0.7597195116496458
