seed,rho,a_seed,eta,gamma,init_rho,valid_obj,valid_prob,test_obj,test_prob,time,valid_cover,test_cover,valid_in,test_in,avg_val
60,1,60,0.15,1,1,-0.4594085779100925,0.0,-0.472434251469348,0.0,0.000441213,0.0,0.0,-0.5056684372009114,-0.5155821119881204,-0.8141331863842473
