seed,rho,a_seed,eta,gamma,init_rho,valid_obj,valid_prob,test_obj,test_prob,time,valid_cover,test_cover,valid_in,test_in,avg_val
70,1,70,0.15,1,1,-0.41252941524239095,0.0,-0.39048936389097433,0.001,0.000374272,0.0,0.0,-0.46861536004963,-0.44599482789414685,-0.7979196075323712
