seed,a_seed,nonrob_prob,nonrob_obj,scenario_probs,scenario_obj,scenario_in,nonrob_in
90,90,0.5498872624823377,0.32713239711773057,0.15378731529421907,-0.32727466625055934,-0.54072721972276,-0.9678764386581363
