seed,rho,a_seed,eta,gamma,init_rho,valid_obj,valid_prob,test_obj,test_prob,time,valid_cover,test_cover,valid_in,test_in,valid_avg,avg_val,valid_cvar,test_cvar
60,1,60,0.1,1,1,-0.5407227642589147,0.0,-0.5205871242563405,0.004,0.000858274,0.0,0.0,0.0355917812068723,0.03488829214126278,-0.8042074720629024,-0.7917392329285505,-0.449573120227122,-0.36526334359717194
