seed,rho,a_seed,eta,gamma,init_rho,valid_obj,valid_prob,test_obj,test_prob,time,valid_cover,test_cover,valid_in,test_in,valid_avg,avg_val,valid_cvar,test_cvar
70,1,70,0.15,1,1,-0.5903800925544889,0.005,-0.6116710722698803,0.004,0.00043985,0.0,0.0,0.032663312811834586,0.032332489449185105,-0.7873957605602867,-0.8204591954331379,-0.3906458784245028,-0.3957193284530885
