seed,rho,a_seed,eta,gamma,init_rho,valid_obj,valid_prob,test_obj,test_prob,time,valid_cover,test_cover,valid_in,test_in,avg_val,valid_cvar,test_cvar
40,1,40,0.1,1,1,-0.6923645246114325,0.0025,-0.7071745792192636,0.001,0.002076683,0.0,0.0,-0.013079824912030238,-0.01307982491203661,-0.9759583420267922,-0.5521753239066771,-0.5457042200733431
