seed,rho,a_seed,eta,gamma,init_rho,valid_obj,valid_prob,test_obj,test_prob,time,valid_cover,test_cover,valid_in,test_in,avg_val,valid_cvar,test_cvar
60,1,60,0.1,1,1,-0.6577327388743479,0.0,-0.6664882110099425,0.0,0.002181424,0.0,0.0,0.0048472040294581685,0.004847204029421631,-0.9135858140687049,-0.5484391622295554,-0.5736792354701109
