seed,rho,a_seed,eta,gamma,init_rho,valid_obj,valid_prob,test_obj,test_prob,time,valid_cover,test_cover,valid_in,test_in,avg_val,valid_cvar,test_cvar
90,1,90,0.1,1,1,-0.7431982502792679,0.0,-0.7066745683145879,0.0,0.002226433,0.0,0.0,0.01573809787096549,0.015738097870961403,-0.9069756411195385,-0.6449723646606641,-0.624941259713515
