seed,rho,a_seed,eta,gamma,init_rho,valid_obj,valid_prob,test_obj,test_prob,time,valid_cover,test_cover,valid_in,test_in,avg_val,valid_cvar,test_cvar
40,1,40,0.2,1,1,-0.5681471538220816,0.005,-0.5513858226544248,0.005,0.000365611,0.0,0.0,0.023811491196078113,0.023811491196065956,-0.912154802568693,-0.38821632832787645,-0.38643073413266227
