seed,rho,a_seed,eta,gamma,init_rho,valid_obj,valid_prob,test_obj,test_prob,time,valid_cover,test_cover,valid_in,test_in,avg_val,valid_cvar,test_cvar
50,1,50,0.2,1,1,-0.5049670873932264,0.0075,-0.4489041419444991,0.012,0.00037007,0.0,0.0,0.06910963740488324,0.06910963740495665,-0.7968454251749408,-0.2904541443281229,-0.22658892457221594
