seed,rho,a_seed,eta,gamma,init_rho,valid_obj,valid_prob,test_obj,test_prob,time,valid_cover,test_cover,valid_in,test_in,avg_val,valid_cvar,test_cvar
70,1,70,0.2,1,1,-0.5545323435673395,0.005,-0.5140901037872503,0.003,0.000345751,0.0,0.0,0.0597280751344911,0.05972807513446455,-0.832193668259205,-0.38518201558148546,-0.3474745850720213
