seed,rho,a_seed,eta,gamma,init_rho,valid_obj,valid_prob,test_obj,test_prob,time,valid_cover,test_cover,valid_in,test_in,avg_val,valid_cvar,test_cvar
90,1,90,0.2,1,1,-0.4934603308811021,0.0075,-0.5290125678515256,0.01,0.00036432,0.0,0.0,-0.011144152973087178,-0.01114415297303076,-0.9058554185653784,-0.2760486702135609,-0.30745735485307046
