seed,rho,a_seed,eta,gamma,init_rho,valid_obj,valid_prob,test_obj,test_prob,time,valid_cover,test_cover,valid_in,test_in,valid_avg,avg_val,valid_cvar,test_cvar
90,1,90,0.2,1,1,-0.5723343979643598,0.0,-0.5492902471351351,0.0,0.00034368,0.0,0.0,0.07137810647952701,0.07137810647955616,-0.8216813260921798,-0.8134433119888764,-0.39871228531597724,-0.4313192537670415
