seed,a_seed,nonrob_prob,nonrob_obj,scenario_probs,scenario_obj
30,30,1.0,-427.6766089048216,0.5088355931376931,-396.96395036420864
