seed,rho,a_seed,eta,gamma,init_rho,valid_obj,valid_prob,test_obj,test_prob,time,valid_cover,test_cover,valid_in,test_in,valid_avg,avg_val,valid_cvar,test_cvar
20,1,20,0.3,1,1,-0.5718834708233811,0.0,-0.5440514408581494,0.002,0.0004527,0.0,0.0,0.05466597357328814,0.05466597357329263,-0.8305423826291795,-0.805477823968121,-0.47664876869959266,-0.3804338505121135
