seed,rho,a_seed,eta,gamma,init_rho,valid_obj,valid_prob,test_obj,test_prob,time,valid_cover,test_cover,valid_in,test_in,valid_avg,avg_val,valid_cvar,test_cvar
60,1,60,0.3,1,1,-0.567139078517988,0.015,-0.4890031927879813,0.01,0.0004354,0.0,0.0,0.04681513520502323,0.04681513520491904,-0.834162655404917,-0.8407670882656441,-0.3276701463298056,-0.2967941453605758
