seed,rho,a_seed,eta,gamma,init_rho,valid_obj,valid_prob,test_obj,test_prob,time,valid_cover,test_cover,valid_in,test_in,avg_val
20,1,20,0.15,1,1,-0.4882936587902955,0.0,-0.5507113166491575,0.0,0.002517676,0.0,0.0,-0.5367709723670191,-0.5884460880526114,-0.8199341226343475
