seed,rho,a_seed,eta,gamma,init_rho,valid_obj,valid_prob,test_obj,test_prob,time,valid_cover,test_cover,valid_in,test_in,avg_val
60,1,60,0.15,1,1,-0.5506510379787003,0.0,-0.5579141361915789,0.0,0.002380245,0.0,0.0,-0.5891767890930221,-0.5912930249849229,-0.8317432865175372
