seed,rho,a_seed,eta,gamma,init_rho,valid_obj,valid_prob,test_obj,test_prob,time,valid_cover,test_cover,valid_in,test_in,avg_val
70,1,70,0.15,1,1,-0.4829910253460024,0.0,-0.5175071885982891,0.001,0.002161494,0.0,0.0,-0.5377345841749601,-0.5614628953017793,-0.8264591249122059
