seed,rho,a_seed,eta,gamma,init_rho,valid_obj,valid_prob,test_obj,test_prob,time,valid_cover,test_cover,valid_in,test_in,avg_val
90,1,90,0.15,1,1,-0.5060272460908997,0.0,-0.5036914170225053,0.0,0.002493197,0.0,0.0,-0.5531488794447564,-0.5486046120235369,-0.8477928787348298
