seed,rho,a_seed,eta,gamma,init_rho,valid_obj,valid_prob,test_obj,test_prob,time,valid_cover,test_cover,valid_in,test_in,avg_val
0,1,0,0.15,1,1,-0.5665798328818246,0.0,-0.5417077577360829,0.0,0.002342334,0.0,0.0,-0.6030489575665802,-0.5832065138520452,-0.8622920514449927
