seed,rho,a_seed,eta,gamma,init_rho,valid_obj,valid_prob,test_obj,test_prob,time,valid_cover,test_cover,valid_in,test_in,valid_avg,avg_val,valid_cvar,test_cvar
90,1,90,0.3,1,1,-0.43543703540625867,0.01,-0.525541705433959,0.0,0.00046655,0.0,0.0,0.04182060446184486,0.041820604461847995,-0.8497464236405875,-0.8898718363810184,-0.25149891516653683,-0.3570588107934853
