seed,rho,a_seed,eta,gamma,init_rho,valid_obj,valid_prob,test_obj,test_prob,time,valid_cover,test_cover,valid_in,test_in,avg_val
0,1,0,0.15,1,1,-0.3855915668660459,0.0,-0.42290267693677724,0.0,0.00040543,0.0,0.0,-0.4463330922991919,-0.483197809668133,-0.845446192273531
