seed,rho,a_seed,eta,gamma,init_rho,valid_obj,valid_prob,test_obj,test_prob,time,valid_cover,test_cover,valid_in,test_in,avg_val
20,1,20,0.15,1,1,-0.31977825865464365,0.0,-0.3094424369487242,0.004,0.00039739,0.0,0.0,-0.3774640641790159,-0.374999844531086,-0.7930272777494406
