seed,rho,a_seed,eta,gamma,init_rho,valid_obj,valid_prob,test_obj,test_prob,time,valid_cover,test_cover,valid_in,test_in,avg_val
50,1,50,0.15,1,1,-0.3135571947293044,0.0,-0.32677830825385507,0.008,0.00035362,0.0,0.0,-0.37407680490669604,-0.39880784293830845,-0.7826559276740481
