seed,rho,a_seed,eta,gamma,init_rho,valid_obj,valid_prob,test_obj,test_prob,time,valid_cover,test_cover,valid_in,test_in,avg_val
80,1,80,0.15,1,1,-0.1841014605231886,0.005,-0.279121282269934,0.006,0.00036392,0.0,0.0,-0.2563475068059282,-0.35954075700525984,-0.8540964487418135
