seed,rho,a_seed,eta,gamma,init_rho,valid_obj,valid_prob,test_obj,test_prob,time,valid_cover,test_cover,valid_in,test_in,avg_val
10,1,10,0.12,1,1,-0.5874905620246395,0.0,-0.5623641069032844,0.0,0.002501626,0.0,0.0,-0.5997851418643463,-0.5758592884911787,-0.8269953299775319
