seed,rho,a_seed,eta,gamma,init_rho,valid_obj,valid_prob,test_obj,test_prob,time,valid_cover,test_cover,valid_in,test_in,avg_val
60,1,60,0.12,1,1,-0.5698572757131913,0.0,-0.5818492443927796,0.0,0.002213395,0.0,0.0,-0.5831457895667058,-0.5966028665046729,-0.8163321881005773
