seed,a_seed,nonrob_prob,nonrob_obj,scenario_probs,scenario_obj
30,30,0.6558020125299536,-0.8840228054660273,0.6160398302677714,-0.8501942839837182
