seed,rho,a_seed,eta,gamma,init_rho,valid_obj,valid_prob,test_obj,test_prob,time,valid_cover,test_cover,valid_in,test_in,valid_avg,avg_val,valid_cvar,test_cvar
0,1,0,0.12,1,1,-0.6196576219677568,0.005,-0.6099117072346354,0.0,0.00041402,0.0,0.0,0.03792295987066407,0.03779664647922747,-0.8376362710526076,-0.8341685658146258,-0.4930942600459699,-0.48276131593039434
