seed,rho,a_seed,eta,gamma,init_rho,valid_obj,valid_prob,test_obj,test_prob,time,valid_cover,test_cover,valid_in,test_in,valid_avg,avg_val,valid_cvar,test_cvar
30,1,30,0.12,1,1,-0.5448559077507559,0.0,-0.5440694149959857,0.004,0.00041472,0.0,0.0,-0.011258522129091375,-0.011691408282002743,-0.8480335848413256,-0.857726226492688,-0.4099080595547706,-0.3495008379319965
