seed,rho,a_seed,eta,gamma,init_rho,valid_obj,valid_prob,test_obj,test_prob,time,valid_cover,test_cover,valid_in,test_in,valid_avg,avg_val,valid_cvar,test_cvar
40,1,40,0.12,1,1,-0.5610190893544342,0.0,-0.5841437088284229,0.006,0.00040064,0.0,0.0,0.01192839663041606,0.01167442451364317,-0.8159697718310309,-0.8119488707242102,-0.47247216269115194,-0.4439519920422231
