context_val,seed,alpha,eps,test_lcx_prob,test_lcx_obj,valid_lcx_prob,valid_lcx_obj,time,in_val,test_avg,valid_avg
12,0,0.08,0.12,0.0,-0.4029970467933295,0.0,-0.24854490200530677,1068.8435261249542,0.2792086085076926,-0.9069964864032372,-0.7481805819567763
