context_val,seed,alpha,eps,test_lcx_prob,test_lcx_obj,valid_lcx_prob,valid_lcx_obj,time,in_val,test_avg,valid_avg
14,0,0.08,0.12,0.0,-0.36506308948868,0.0,-0.34136994684503286,2396.2859563827515,0.29751216978752043,-0.7914644846108218,-0.7422158678108045
