context_val,seed,alpha,eps,test_lcx_prob,test_lcx_obj,valid_lcx_prob,valid_lcx_obj,time,in_val,test_avg,valid_avg
17,0,0.08,0.12,0.0,-0.5032038721096833,0.0,-0.2902916686876741,1372.3391864299774,0.1606866174843283,-0.8473581659725292,-0.8897435559499065
