context_val,seed,alpha,eps,test_lcx_prob,test_lcx_obj,valid_lcx_prob,valid_lcx_obj,time,in_val,test_avg,valid_avg
0,10,0.08,0.12,0.0,-0.25456323185640517,0.0,-0.4561124187109834,4302.487564325333,0.35670976708738966,-0.8484623612171911,-0.8863322555049494
