context_val,seed,alpha,eps,test_lcx_prob,test_lcx_obj,valid_lcx_prob,valid_lcx_obj,time,in_val,test_avg,valid_avg
17,10,0.08,0.12,0.0,-0.22103312011374998,0.0,-0.3351022123180479,1357.0276608467102,0.13614357407374458,-0.8364667347854293,-0.7832066658817709
