context_val,seed,alpha,eps,test_lcx_prob,test_lcx_obj,valid_lcx_prob,valid_lcx_obj,time,in_val,test_avg,valid_avg
13,10,0.08,0.12,0.0,-0.19535445223827033,0.0,-0.426029357009281,1565.756231546402,0.2529370780410925,-0.8873908674376773,-0.9564763386502595
