context_val,seed,alpha,eps,test_lcx_prob,test_lcx_obj,valid_lcx_prob,valid_lcx_obj,time,in_val,test_avg,valid_avg
18,10,0.08,0.12,0.0,-0.03522839910088929,0.0,0.10508458641488991,2989.383789539337,0.25740624397405104,-0.7615809182875024,-0.5744824473684914
