context_val,seed,alpha,eps,test_lcx_prob,test_lcx_obj,valid_lcx_prob,valid_lcx_obj,time,in_val,test_avg,valid_avg
1,10,0.08,0.12,0.0,-0.22958702399626346,0.0,-0.19934126663207918,6997.630171775818,0.40987242174084804,-0.8739904929429396,-0.6656311487426171
