context_val,seed,alpha,eps,test_lcx_prob,test_lcx_obj,valid_lcx_prob,valid_lcx_obj,time,in_val,test_avg,valid_avg
19,10,0.08,0.12,0.0,-0.26969219544533346,0.0,-0.7257142986382186,2472.2848386764526,0.19371257570589528,-0.8572200471688272,-0.9734010688644212
