context_val,seed,alpha,eps,test_lcx_prob,test_lcx_obj,valid_lcx_prob,valid_lcx_obj,time,in_val,test_avg,valid_avg
16,10,0.08,0.12,0.0,-0.2822882381557437,0.0,-0.5053581789856697,2104.6511735916138,0.33370015880533954,-0.7722258276984955,-0.7886511683747225
