context_val,seed,alpha,eps,test_lcx_prob,test_lcx_obj,valid_lcx_prob,valid_lcx_obj,time,in_val,test_avg,valid_avg
7,10,0.08,0.12,0.0,-0.280491178031572,0.14285714285714285,0.7204836141121422,2171.622412919998,0.28082314686914905,-0.9028413265117973,-0.8291127979497093
