context_val,seed,alpha,eps,test_lcx_prob,test_lcx_obj,valid_lcx_prob,valid_lcx_obj,time,in_val,test_avg,valid_avg
8,10,0.08,0.12,0.0,-0.25658366714036684,0.0,-0.5057909345591683,1516.0446412563324,0.11202022171328742,-0.7632041411815335,-0.8186176695974475
