context_val,seed,alpha,eps,test_lcx_prob,test_lcx_obj,valid_lcx_prob,valid_lcx_obj,time,in_val,test_avg,valid_avg
9,10,0.08,0.12,0.0,-0.27050701211969713,0.0,-0.3193109980789596,1204.195231437683,0.32293078279798043,-0.8205124370853778,-0.7795407942274256
