context_val,seed,alpha,eps,test_lcx_prob,test_lcx_obj,valid_lcx_prob,valid_lcx_obj,time,in_val,test_avg,valid_avg
16,20,0.08,0.12,0.0,-0.2681014900087651,0.0,0.02582533573698284,2257.801458835602,0.2313835223210389,-0.8054609194822655,-0.5585723538388647
