context_val,seed,alpha,eps,test_lcx_prob,test_lcx_obj,valid_lcx_prob,valid_lcx_obj,time,in_val,test_avg,valid_avg
6,20,0.08,0.12,0.0,-0.2784466829664389,0.0,-0.3897034575423303,555.6702184677124,0.21338681641830998,-0.7580406289510955,-0.8495937739453358
