context_val,seed,alpha,eps,test_lcx_prob,test_lcx_obj,valid_lcx_prob,valid_lcx_obj,time,in_val,test_avg,valid_avg
7,20,0.08,0.12,0.0,-0.2367111644324039,0.0,-0.0779757656819243,1717.0243225097656,0.25026907009334226,-0.7536651029587501,-0.9133140641473881
