context_val,seed,alpha,eps,test_lcx_prob,test_lcx_obj,valid_lcx_prob,valid_lcx_obj,time,in_val,test_avg,valid_avg
9,20,0.08,0.12,0.0,-0.3134464430321506,0.0,-0.2531273864151809,1695.6698019504547,0.35041292352977577,-0.7227846979267374,-0.8055639006452652
