context_val,seed,alpha,eps,test_lcx_prob,test_lcx_obj,valid_lcx_prob,valid_lcx_obj,time,in_val,test_avg,valid_avg
0,30,0.08,0.12,0.0,-0.17721193181411898,0.0,-0.25389541081415257,2015.1619067192078,0.27772857704890686,-0.7513492111037408,-0.7291539529414813
