context_val,seed,alpha,eps,test_lcx_prob,test_lcx_obj,valid_lcx_prob,valid_lcx_obj,time,in_val,test_avg,valid_avg
14,30,0.08,0.12,0.043478260869565216,-0.08448246505901087,0.0,-0.3743493426313897,2565.1752536296844,0.4185618727590026,-0.7443785344058533,-0.7457646963478604
