context_val,seed,alpha,eps,test_lcx_prob,test_lcx_obj,valid_lcx_prob,valid_lcx_obj,time,in_val,test_avg,valid_avg
6,30,0.08,0.12,0.0,-0.06230791691198593,0.0,-0.2782852202453674,622.8961544036865,0.2788810034656634,-0.8053860495781842,-0.8487479340749652
