context_val,seed,alpha,eps,test_lcx_prob,test_lcx_obj,valid_lcx_prob,valid_lcx_obj,time,in_val,test_avg,valid_avg
8,30,0.08,0.12,0.0,-0.060003942956979396,0.0,-0.05408018729796199,3143.9872891902924,0.3882315105319567,-0.677284409709215,-0.5859687879365657
