context_val,seed,alpha,eps,test_lcx_prob,test_lcx_obj,valid_lcx_prob,valid_lcx_obj,time,in_val,test_avg,valid_avg
9,30,0.08,0.12,0.0,-0.40239235728686973,0.09090909090909091,-0.0049754000492491235,896.7882242202759,0.10152543617692461,-0.7476435284398741,-0.8248847168924427
