context_val,seed,alpha,eps,test_lcx_prob,test_lcx_obj,valid_lcx_prob,valid_lcx_obj,time,in_val,test_avg,valid_avg
0,40,0.08,0.12,0.0,0.005013588146120712,0.07142857142857142,0.15492227396023284,1873.7280197143555,0.2103842975485927,-0.6623137297232846,-0.7383852785778188
