context_val,seed,alpha,eps,test_lcx_prob,test_lcx_obj,valid_lcx_prob,valid_lcx_obj,time,in_val,test_avg,valid_avg
17,40,0.08,0.12,0.0,-0.44030541632999265,0.0,0.05932874672263799,2318.7596113681793,0.34557935894212155,-0.9577354779822305,-0.4198446948335619
