context_val,seed,alpha,eps,test_lcx_prob,test_lcx_obj,valid_lcx_prob,valid_lcx_obj,time,in_val,test_avg,valid_avg
15,40,0.08,0.12,0.0,-0.2932117465284899,0.0,-0.2722834076362427,5392.2779722213745,0.2682095623771396,-0.8329487679007307,-0.7672496133730551
