context_val,seed,alpha,eps,test_lcx_prob,test_lcx_obj,valid_lcx_prob,valid_lcx_obj,time,in_val,test_avg,valid_avg
6,40,0.08,0.12,0.03225806451612903,0.3119085591957549,0.08333333333333333,0.3689318012724768,830.738523721695,0.3641135284358954,-0.5564578065293114,-0.5389178393638364
