context_val,seed,alpha,eps,test_lcx_prob,test_lcx_obj,valid_lcx_prob,valid_lcx_obj,time,in_val,test_avg,valid_avg
7,40,0.08,0.12,0.03571428571428571,-0.11402372742765902,0.0,-0.7555799323813887,948.7976162433624,0.18335655819433253,-0.7465444849595546,-0.9651602403456285
