context_val,seed,alpha,eps,test_lcx_prob,test_lcx_obj,valid_lcx_prob,valid_lcx_obj,time,in_val,test_avg,valid_avg
9,40,0.08,0.12,0.0,-0.6288033352924235,0.0,-0.11533433974450172,2057.0036175251007,0.3481774086000298,-0.9081519141053701,-0.7198772499624607
