context_val,seed,alpha,eps,test_lcx_prob,test_lcx_obj,valid_lcx_prob,valid_lcx_obj,time,in_val,test_avg,valid_avg
14,50,0.08,0.12,0.0,-0.32977712990732183,0.0,-0.3604012333574035,3616.3819551467896,0.41408069532503355,-0.6988508324677616,-0.8255664612255729
