context_val,seed,alpha,eps,test_lcx_prob,test_lcx_obj,valid_lcx_prob,valid_lcx_obj,time,in_val,test_avg,valid_avg
17,50,0.08,0.12,0.0,-0.2492234440525024,0.0,-0.4369006102868967,1282.2542099952698,0.14241180824038022,-0.7729187845246843,-0.8077967166460885
