context_val,seed,alpha,eps,test_lcx_prob,test_lcx_obj,valid_lcx_prob,valid_lcx_obj,time,in_val,test_avg,valid_avg
18,50,0.08,0.12,0.037037037037037035,0.1852107338461976,0.0,-0.22943144050561637,1233.583970785141,0.33293708571640523,-0.6729524525223692,-0.9974902669984104
