context_val,seed,alpha,eps,test_lcx_prob,test_lcx_obj,valid_lcx_prob,valid_lcx_obj,time,in_val,test_avg,valid_avg
19,50,0.08,0.12,0.03571428571428571,-0.003005637074060726,0.0,-0.6915200211987464,1848.729190826416,0.39843611194021333,-0.8418448836245206,-1.0268510614499413
