context_val,seed,alpha,eps,test_lcx_prob,test_lcx_obj,valid_lcx_prob,valid_lcx_obj,time,in_val,test_avg,valid_avg
16,50,0.08,0.12,0.037037037037037035,0.13406517059587195,0.0,-0.35298612676905544,2567.419933319092,0.22570804204177308,-0.7434740230071534,-0.7792112591168138
