context_val,seed,alpha,eps,test_lcx_prob,test_lcx_obj,valid_lcx_prob,valid_lcx_obj,time,in_val,test_avg,valid_avg
2,50,0.08,0.12,0.0,-0.40542722838473216,0.0,-0.6366952750749433,1051.3178281784058,0.27419001076301036,-0.836218158495499,-1.0579249558312604
