context_val,seed,alpha,eps,test_lcx_prob,test_lcx_obj,valid_lcx_prob,valid_lcx_obj,time,in_val,test_avg,valid_avg
6,50,0.08,0.12,0.03225806451612903,-0.11480319783342044,0.0,-0.3963907714237817,730.7453544139862,0.1442499075328487,-0.704607079779286,-0.7915394524667438
