context_val,seed,alpha,eps,test_lcx_prob,test_lcx_obj,valid_lcx_prob,valid_lcx_obj,time,in_val,test_avg,valid_avg
9,50,0.08,0.12,0.03571428571428571,-0.21033648712929978,0.18181818181818182,0.17301406662085844,612.6206126213074,0.1054952629744129,-0.7642633288515389,-0.5515339315191098
