context_val,seed,alpha,eps,test_lcx_prob,test_lcx_obj,valid_lcx_prob,valid_lcx_obj,time,in_val,test_avg,valid_avg
0,60,0.08,0.12,0.0,-0.07489297940789374,0.0,-0.3591763947859039,3144.5324063301086,0.2954621430781888,-0.6751572970814298,-0.8326849732240184
