context_val,seed,alpha,eps,test_lcx_prob,test_lcx_obj,valid_lcx_prob,valid_lcx_obj,time,in_val,test_avg,valid_avg
19,60,0.08,0.12,0.03571428571428571,-0.03632580452349573,0.0,-0.41074760491912155,2458.88152217865,0.2765612236059111,-0.6747758580578177,-0.7081911859432419
