context_val,seed,alpha,eps,test_lcx_prob,test_lcx_obj,valid_lcx_prob,valid_lcx_obj,time,in_val,test_avg,valid_avg
14,60,0.08,0.12,0.0,-0.038761147276083936,0.0,-0.5833183089970204,1937.8277809619904,0.32916442804224105,-0.8686312660553434,-0.9301711351656121
