context_val,seed,alpha,eps,test_lcx_prob,test_lcx_obj,valid_lcx_prob,valid_lcx_obj,time,in_val,test_avg,valid_avg
17,60,0.08,0.12,0.0,-0.31902577989867925,0.0,-0.5151157243762893,948.5402669906616,0.3927414371395211,-0.8867477651125918,-0.9274328831529404
