context_val,seed,alpha,eps,test_lcx_prob,test_lcx_obj,valid_lcx_prob,valid_lcx_obj,time,in_val,test_avg,valid_avg
2,60,0.08,0.12,0.038461538461538464,-0.0034342621753141365,0.0,-0.6036723864710882,2635.7259755134583,0.3452002627248629,-0.7564191445313659,-0.8585787964906518
