context_val,seed,alpha,eps,test_lcx_prob,test_lcx_obj,valid_lcx_prob,valid_lcx_obj,time,in_val,test_avg,valid_avg
6,60,0.08,0.12,0.0,-0.24229517256786923,0.0,-0.08222603618540236,1549.4935023784637,0.32619203731838425,-0.8152403051637895,-0.6523496671764476
