context_val,seed,alpha,eps,test_lcx_prob,test_lcx_obj,valid_lcx_prob,valid_lcx_obj,time,in_val,test_avg,valid_avg
7,60,0.08,0.12,0.0,-0.4115647305467644,0.0,-0.3516877456698028,3465.9756264686584,0.3197092246638651,-0.7883457858815938,-0.6918458422114467
