context_val,seed,alpha,eps,test_lcx_prob,test_lcx_obj,valid_lcx_prob,valid_lcx_obj,time,in_val,test_avg,valid_avg
18,70,0.08,0.12,0.0,-0.4464406183861717,0.0,-0.40274172264308994,2695.2787840366364,0.2961462477547508,-0.8685745695188574,-0.7719110569054763
