context_val,seed,alpha,eps,test_lcx_prob,test_lcx_obj,valid_lcx_prob,valid_lcx_obj,time,in_val,test_avg,valid_avg
15,70,0.08,0.12,0.0,-0.15954397053813052,0.0,-0.41129805204927133,2306.249167442322,0.18390936588443307,-0.6635347135173083,-0.867042845138378
