context_val,seed,alpha,eps,test_lcx_prob,test_lcx_obj,valid_lcx_prob,valid_lcx_obj,time,in_val,test_avg,valid_avg
13,70,0.08,0.12,0.0,-0.36486516567015076,0.0,-0.3225366143394175,2253.4922544956207,0.43104982199969083,-0.7952673227622999,-0.7260038413341815
