context_val,seed,alpha,eps,test_lcx_prob,test_lcx_obj,valid_lcx_prob,valid_lcx_obj,time,in_val,test_avg,valid_avg
1,70,0.08,0.12,0.0,-0.48835916757244097,0.0,0.19978290648847352,1864.7056481838226,0.3738963137344765,-0.8353699072553182,-0.5685389670881296
