context_val,seed,alpha,eps,test_lcx_prob,test_lcx_obj,valid_lcx_prob,valid_lcx_obj,time,in_val,test_avg,valid_avg
5,70,0.08,0.12,0.0,-0.10469165152327646,0.0,-0.49011689257065605,4136.242577075958,0.3641248663772743,-0.7190279538092099,-0.7418878437872901
