context_val,seed,alpha,eps,test_lcx_prob,test_lcx_obj,valid_lcx_prob,valid_lcx_obj,time,in_val,test_avg,valid_avg
7,70,0.08,0.12,0.03571428571428571,-0.22926190201389204,0.0,-0.16238186628378365,3368.7796771526337,0.2574941734035088,-0.8488366376779349,-0.8451995065281862
