context_val,seed,alpha,eps,test_lcx_prob,test_lcx_obj,valid_lcx_prob,valid_lcx_obj,time,in_val,test_avg,valid_avg
13,80,0.08,0.12,0.0,-0.3367311200824974,0.0,0.030426786663107497,1782.94477891922,0.19462339468034356,-0.8675486971073184,-0.61729084965408
