context_val,seed,alpha,eps,test_lcx_prob,test_lcx_obj,valid_lcx_prob,valid_lcx_obj,time,in_val,test_avg,valid_avg
14,80,0.08,0.12,0.0,-0.2289153169302557,0.0,-0.28258396359712784,4743.661738872528,0.41622366136591543,-0.8730507673292673,-0.7110672016318028
