context_val,seed,alpha,eps,test_lcx_prob,test_lcx_obj,valid_lcx_prob,valid_lcx_obj,time,in_val,test_avg,valid_avg
19,80,0.08,0.12,0.0,-0.3193264995731283,0.0,-0.47050324512897845,2102.36359834671,0.28491794477963406,-0.8170177004039406,-0.8232527628842118
