context_val,seed,alpha,eps,test_lcx_prob,test_lcx_obj,valid_lcx_prob,valid_lcx_obj,time,in_val,test_avg,valid_avg
2,80,0.08,0.12,0.0,-0.26219630739003896,0.0,-0.290177049803149,2243.622875928879,0.3277185741200683,-0.7480179880664716,-0.7953028758910866
