context_val,seed,alpha,eps,test_lcx_prob,test_lcx_obj,valid_lcx_prob,valid_lcx_obj,time,in_val,test_avg,valid_avg
3,80,0.08,0.12,0.0,-0.357550231910186,0.0,-0.21324042529305198,1495.981283903122,0.23543632078720364,-0.7615555312783527,-0.7090829062205211
