context_val,seed,alpha,eps,test_lcx_prob,test_lcx_obj,valid_lcx_prob,valid_lcx_obj,time,in_val,test_avg,valid_avg
5,80,0.08,0.12,0.0,-0.4392142340857186,0.0,-0.458900348004039,5237.23210811615,0.2497711100643809,-0.8291511501457366,-0.8576654923332103
