context_val,seed,alpha,eps,test_lcx_prob,test_lcx_obj,valid_lcx_prob,valid_lcx_obj,time,in_val,test_avg,valid_avg
8,80,0.08,0.12,0.038461538461538464,0.048486035174254725,0.0,0.1445477402924198,4421.290479898453,0.32072526376642385,-0.8397637652343063,-0.7079489382331613
