context_val,seed,alpha,eps,test_lcx_prob,test_lcx_obj,valid_lcx_prob,valid_lcx_obj,time,in_val,test_avg,valid_avg
9,80,0.08,0.12,0.0,-0.3693962609244153,0.0,-0.07454574454386217,1257.2534546852112,0.3489450269490186,-0.8652467174434222,-0.6166976229709468
