context_val,seed,alpha,eps,test_lcx_prob,test_lcx_obj,valid_lcx_prob,valid_lcx_obj,time,in_val,test_avg,valid_avg
12,90,0.08,0.12,0.0,-0.3285675837410236,0.0,-0.32207066476176155,2336.3794255256653,0.3634617670139649,-0.7876537828415519,-0.7841485750131472
