context_val,seed,alpha,eps,test_lcx_prob,test_lcx_obj,valid_lcx_prob,valid_lcx_obj,time,in_val,test_avg,valid_avg
17,90,0.08,0.12,0.0,-0.3467751423170616,0.0,-0.34613000561649054,2404.228536605835,0.26870934931259155,-0.9154591741144481,-0.7612204151190786
