context_val,seed,alpha,eps,test_lcx_prob,test_lcx_obj,valid_lcx_prob,valid_lcx_obj,time,in_val,test_avg,valid_avg
13,90,0.08,0.12,0.0,-0.3975388555483663,0.0,-0.33916158433193916,2368.890896320343,0.23992405495638272,-0.7902111558540833,-0.7900888863084408
