context_val,seed,alpha,eps,test_lcx_prob,test_lcx_obj,valid_lcx_prob,valid_lcx_obj,time,in_val,test_avg,valid_avg
11,90,0.08,0.12,0.0,-0.079397386912552,0.0,-0.454493679003077,149.30070996284485,0.32922624717936816,-0.9046589749070119,-0.9544816192026981
