context_val,seed,alpha,eps,test_lcx_prob,test_lcx_obj,valid_lcx_prob,valid_lcx_obj,time,in_val,test_avg,valid_avg
14,90,0.08,0.12,0.043478260869565216,0.21186912190079987,0.0,0.03572251003180632,1228.4829547405243,0.3373774100703402,-0.6877052429318595,-0.7225696219025244
