context_val,seed,alpha,eps,test_lcx_prob,test_lcx_obj,valid_lcx_prob,valid_lcx_obj,time,in_val,test_avg,valid_avg
6,90,0.08,0.12,0.0,-0.3651727340063563,0.0,-0.16517135013262205,736.0739870071411,0.17518595046337423,-0.8827705558886921,-0.7096652688684196
