context_val,seed,alpha,eps,test_lcx_prob,test_lcx_obj,valid_lcx_prob,valid_lcx_obj,time,in_val,test_avg,valid_avg
7,90,0.08,0.12,0.0,-0.3994013911364666,0.0,-0.3642720387635355,1596.3517656326294,0.30183826517577056,-0.754668019892178,-0.646813152447911
