seed,rho,a_seed,eta,gamma,init_rho,valid_obj,valid_prob,test_obj,test_prob,time,valid_cover,test_cover,valid_in,test_in,valid_avg,avg_val,valid_cvar,test_cvar
50,1,50,0.05,1,1,-0.667656732247131,0.0,-0.6526470425523545,0.0,0.002689464,0.0,0.0,0.02032059989342069,0.020320599893419534,-0.818284004684292,-0.8151425801393335,-0.6027770796240758,-0.573512457863027
