seed,rho,a_seed,eta,gamma,init_rho,valid_obj,valid_prob,test_obj,test_prob,time,valid_cover,test_cover,valid_in,test_in,valid_avg,avg_val,valid_cvar,test_cvar
70,1,70,0.05,1,1,-0.6939683225436903,0.0,-0.6835658245130116,0.0,0.002699514,0.0,0.0,0.01639123504948491,0.01639123504948537,-0.8348332920769787,-0.8290025077143635,-0.5909675746322285,-0.5818643357138183
