seed,rho,a_seed,eta,gamma,init_rho,valid_obj,valid_prob,test_obj,test_prob,time,valid_cover,test_cover,valid_in,test_in,avg_val
0,1,0,0.1,1,1,-0.35288037168054975,0.0,-0.38339405052144493,0.004,0.00037015,0.0,0.0,-0.35288037168054975,-0.38339405052144493,-0.8720259030965422
