seed,rho,a_seed,eta,gamma,init_rho,valid_obj,valid_prob,test_obj,test_prob,time,valid_cover,test_cover,valid_in,test_in,avg_val
10,1,10,0.1,1,1,-0.3706701064342418,0.0,-0.347633128779353,0.002,0.0003558,0.0,0.0,-0.3706701064342418,-0.347633128779353,-0.8253100068665643
