seed,rho,a_seed,eta,gamma,init_rho,valid_obj,valid_prob,test_obj,test_prob,time,valid_cover,test_cover,valid_in,test_in,avg_val
20,1,20,0.1,1,1,-0.3571376724314288,0.0,-0.3593709630325084,0.002,0.00042681,0.0,0.0,-0.3571376724314288,-0.3593709630325084,-0.7907150354664612
