seed,rho,a_seed,eta,gamma,init_rho,valid_obj,valid_prob,test_obj,test_prob,time,valid_cover,test_cover,valid_in,test_in,avg_val
60,1,60,0.1,1,1,-0.36581443856840296,0.01,-0.2935167347102144,0.006,0.00034606,0.0,0.0,-0.36581443856840296,-0.2935167347102144,-0.7982345797126498
