seed,rho,a_seed,eta,gamma,init_rho,valid_obj,valid_prob,test_obj,test_prob,time,valid_cover,test_cover,valid_in,test_in,avg_val
30,1,30,0.05,1,1,-0.5185545437831972,0.0,-0.5544549187788825,0.0,0.002185054,0.0,0.0,-0.42807696789059146,-0.497527554624315,-0.8150062446035918
