seed,rho,a_seed,eta,gamma,init_rho,valid_obj,valid_prob,test_obj,test_prob,time,valid_cover,test_cover,valid_in,test_in,avg_val
50,1,50,0.05,1,1,-0.5085580566191176,0.0,-0.5102410069826164,0.0,0.002188413,0.0,0.0,-0.4425510895033886,-0.4224118757118502,-0.8445389233340307
