seed,rho,a_seed,eta,gamma,init_rho,valid_obj,valid_prob,test_obj,test_prob,time,valid_cover,test_cover,valid_in,test_in,avg_val
60,1,60,0.05,1,1,-0.47634449649292354,0.005,-0.5591907307550931,0.0,0.002279124,0.0,0.0,-0.3715938793160864,-0.5013933493118213,-0.8418406781844233
