seed,rho,a_seed,eta,gamma,init_rho,valid_obj,valid_prob,test_obj,test_prob,time,valid_cover,test_cover,valid_in,test_in,valid_avg,avg_val,valid_cvar,test_cvar
40,1,40,0.05,1,1,-0.5056355944390354,0.005,-0.498779735100734,0.01,0.000772205,0.0,0.0,0.027366205970574386,0.027148903307533678,-0.7931306406406153,-0.8034650610448861,-0.33353349483929795,-0.25974469773229747
