seed,rho,a_seed,eta,gamma,init_rho,valid_obj,valid_prob,test_obj,test_prob,time,valid_cover,test_cover,valid_in,test_in,valid_avg,avg_val,valid_cvar,test_cvar
70,1,70,0.05,1,1,-0.4013194464869667,0.0,-0.4979105757491041,0.004,0.000752883,0.0,0.0,0.07776694467004043,0.07776694467003063,-0.7607359487788677,-0.8074382259399969,-0.24164062694315275,-0.3311624286273802
