seed,rho,a_seed,eta,gamma,init_rho,valid_obj,valid_prob,test_obj,test_prob,time,valid_cover,test_cover,valid_in,test_in,avg_val,valid_cvar,test_cvar
0,1,0,0.15,1,1,-0.5834621587009855,0.005,-0.5655138165566266,0.0,0.00036798,0.0,0.0,0.061782264070884205,0.06178226407090197,-0.8743236764690322,-0.3865058608128689,-0.41043161022705665
