seed,rho,a_seed,eta,gamma,init_rho,valid_obj,valid_prob,test_obj,test_prob,time,valid_cover,test_cover,valid_in,test_in,avg_val,valid_cvar,test_cvar
30,1,30,0.15,1,1,-0.5412811066587481,0.0025,-0.5474173195919095,0.0,0.000371491,0.0,0.0,0.061888731845011244,0.06188873184500732,-0.8719958761571912,-0.3775807326309088,-0.41369807233225775
