seed,rho,a_seed,eta,gamma,init_rho,valid_obj,valid_prob,test_obj,test_prob,time,valid_cover,test_cover,valid_in,test_in,valid_avg,avg_val,valid_cvar,test_cvar
50,1,50,0.15,1,1,-0.48068700482963855,0.01,-0.49607145078631776,0.006,0.000403251,0.0,0.0,0.04287603796151147,0.042876037961485335,-0.7949931883567461,-0.7951097352000542,-0.26764154079137,-0.29563139474190125
