seed,rho,a_seed,eta,gamma,init_rho,valid_obj,valid_prob,test_obj,test_prob,time,valid_cover,test_cover,valid_in,test_in,valid_avg,avg_val,valid_cvar,test_cvar
80,1,80,0.15,1,1,-0.5060335744428729,0.0,-0.5127389166758666,0.0,0.000372052,0.0,0.0,0.06290042661179722,0.06290042661180072,-0.7902931508130987,-0.8009314330454943,-0.3437600262878449,-0.3694997143279336
