seed,rho,a_seed,eta,gamma,init_rho,valid_obj,valid_prob,test_obj,test_prob,time,valid_cover,test_cover,valid_in,test_in,avg_val,valid_cvar,test_cvar
90,1,90,0.15,1,1,-0.5281978476036758,0.0025,-0.5400170120787453,0.005,0.000438051,0.0,0.0,0.029031646141025002,0.029031646141061372,-0.8826577167813114,-0.3585684227930936,-0.3546869232532198
