seed,rho,a_seed,eta,gamma,init_rho,valid_obj,valid_prob,test_obj,test_prob,time,valid_cover,test_cover,valid_in,test_in,valid_avg,avg_val,valid_cvar,test_cvar
10,1,10,0.2,1,1,-0.7305620770668686,0.0,-0.7072585124214623,0.0,0.002293832,0.0,0.0,0.019247071080728498,0.019247071080727474,-0.8494510954641415,-0.8460184356330376,-0.6242438087425999,-0.5979367526799423
