seed,rho,a_seed,eta,gamma,init_rho,valid_obj,valid_prob,test_obj,test_prob,time,valid_cover,test_cover,valid_in,test_in,valid_avg,avg_val,valid_cvar,test_cvar
30,1,30,0.2,1,1,-0.6750622106430264,0.0,-0.6968242011374128,0.0,0.002753144,0.0,0.0,0.013733420979093927,0.013733420979089264,-0.8439078257423719,-0.8560734006088085,-0.5801349723043371,-0.5802172314867892
