seed,rho,a_seed,eta,gamma,init_rho,valid_obj,valid_prob,test_obj,test_prob,time,valid_cover,test_cover,valid_in,test_in,avg_val,valid_cvar,test_cvar
30,1,30,0.2,1,1,-0.6748022289127535,0.0,-0.6758995717731922,0.0,0.002751053,0.0,0.0,0.026428751275642526,0.026428751275645167,-0.8858721881760986,-0.5777295973763199,-0.5739402377294571
