seed,rho,a_seed,eta,gamma,init_rho,valid_obj,valid_prob,test_obj,test_prob,time,valid_cover,test_cover,valid_in,test_in,avg_val,valid_cvar,test_cvar
60,1,60,0.2,1,1,-0.7169204871412517,0.0,-0.7234501589533793,0.0,0.002576013,0.0,0.0,0.021235273131322185,0.021235273131322025,-0.9079221521653071,-0.6260674553477074,-0.6461341951847175
