seed,rho,a_seed,eta,gamma,init_rho,valid_obj,valid_prob,test_obj,test_prob,time,valid_cover,test_cover,valid_in,test_in,avg_val,valid_cvar,test_cvar
70,1,70,0.2,1,1,-0.6837064112272211,0.0,-0.6900331278614862,0.0,0.002346052,0.0,0.0,0.018113719589004797,0.0181137195890041,-0.9048545723736661,-0.5652349730964813,-0.5948281606942262
