outer_iter,context_val,seed,alpha,eps,test_lcx_prob,test_lcx_obj,valid_lcx_prob,valid_lcx_obj,time,in_val,test_avg,valid_avg,test_lcx_cvar,valid_lcx_cvar
41,2,10,0.1,0.1,0.0,-0.5666561076883218,0.0,-0.6282847370005573,0,0.38447331504709953,-0.83227571181021,-0.8525096744579076,-0.34967673288376616,-0.5508869939603569
