outer_iter,context_val,seed,alpha,eps,test_lcx_prob,test_lcx_obj,valid_lcx_prob,valid_lcx_obj,time,in_val,test_avg,valid_avg,test_lcx_cvar,valid_lcx_cvar
46,8,10,0.1,0.1,0.0,-0.5916045649701556,0.0,-0.7457877604401412,0,0.48037821007591497,-0.799007668811178,-0.8719201514147893,-0.49366915619734203,-0.667120280972834
