outer_iter,context_val,seed,alpha,eps,test_lcx_prob,test_lcx_obj,valid_lcx_prob,valid_lcx_obj,time,in_val,test_avg,valid_avg,test_lcx_cvar,valid_lcx_cvar
52,17,20,0.1,0.1,0.0,-0.6516810604433637,0.0,-0.5917782904476994,0,0.46655399781404006,-0.8037478970967394,-0.8022011162130566,-0.5796776116678867,-0.5009567724958108
