outer_iter,context_val,seed,alpha,eps,test_lcx_prob,test_lcx_obj,valid_lcx_prob,valid_lcx_obj,time,in_val,test_avg,valid_avg,test_lcx_cvar,valid_lcx_cvar
42,1,20,0.1,0.1,0.0,-0.6910687901188719,0.0,-0.5906551029399735,0,0.49444969043499104,-0.8261255074497783,-0.8334951163383005,-0.6473647556487052,-0.5761127284011909
