outer_iter,context_val,seed,alpha,eps,test_lcx_prob,test_lcx_obj,valid_lcx_prob,valid_lcx_obj,time,in_val,test_avg,valid_avg,test_lcx_cvar,valid_lcx_cvar
57,11,20,0.1,0.1,0.0,-0.6317281822218873,0.0,-0.6588249750552925,0,0.47276475133529045,-0.8181013847509062,-0.8436141864820538,-0.5722606839910189,-0.6582401044206184
