outer_iter,context_val,seed,alpha,eps,test_lcx_prob,test_lcx_obj,valid_lcx_prob,valid_lcx_obj,time,in_val,test_avg,valid_avg,test_lcx_cvar,valid_lcx_cvar
48,7,20,0.1,0.1,0.0,-0.7211731546906561,0.0,-0.6548691671947265,0,0.4667153624384916,-0.8490540207215677,-0.858641210511549,-0.5856926708420189,-0.6187708675820374
