outer_iter,context_val,seed,alpha,eps,test_lcx_prob,test_lcx_obj,valid_lcx_prob,valid_lcx_obj,time,in_val,test_avg,valid_avg,test_lcx_cvar,valid_lcx_cvar
42,1,30,0.1,0.1,0.0,-0.6048675903798897,0.0,-0.5139316899378462,0,0.5208551536684398,-0.8137594940153909,-0.7808442251699999,-0.49899512191956835,-0.43128115016010066
