outer_iter,context_val,seed,alpha,eps,test_lcx_prob,test_lcx_obj,valid_lcx_prob,valid_lcx_obj,time,in_val,test_avg,valid_avg,test_lcx_cvar,valid_lcx_cvar
47,17,30,0.1,0.1,0.0,-0.6411098367584731,0.0,-0.5732899815576871,0,0.46873273414046934,-0.8317366610279273,-0.8063383082694577,-0.5948095586003083,-0.5458827138408139
