outer_iter,context_val,seed,alpha,eps,test_lcx_prob,test_lcx_obj,valid_lcx_prob,valid_lcx_obj,time,in_val,test_avg,valid_avg,test_lcx_cvar,valid_lcx_cvar
48,7,30,0.1,0.1,0.0,-0.5383986650956069,0.0,-0.6393219906912825,0,0.39211224184205423,-0.8392058150118498,-0.8057706763747591,-0.4920013190938256,-0.5809428626716392
