outer_iter,context_val,seed,alpha,eps,test_lcx_prob,test_lcx_obj,valid_lcx_prob,valid_lcx_obj,time,in_val,test_avg,valid_avg,test_lcx_cvar,valid_lcx_cvar
43,0,40,0.1,0.1,0.0,-0.5971626946502949,0.0,-0.5768368029482343,0,0.4047389030865558,-0.7738551534095685,-0.7395128104214596,-0.43529876296973846,-0.4404718149325485
