outer_iter,context_val,seed,alpha,eps,test_lcx_prob,test_lcx_obj,valid_lcx_prob,valid_lcx_obj,time,in_val,test_avg,valid_avg,test_lcx_cvar,valid_lcx_cvar
60,14,40,0.1,0.1,0.0,-0.5641845884584288,0.0,-0.6189197240909063,0,0.387512384781773,-0.777533587296973,-0.73840193280664,-0.42747764090494195,-0.5951104594315635
