outer_iter,context_val,seed,alpha,eps,test_lcx_prob,test_lcx_obj,valid_lcx_prob,valid_lcx_obj,time,in_val,test_avg,valid_avg,test_lcx_cvar,valid_lcx_cvar
58,19,40,0.1,0.1,0.0,-0.5892173819317995,0.0,-0.5012790777064742,0,0.4582249694571186,-0.7896134686535994,-0.7692661061171006,-0.508224016599475,-0.4892844951241487
