outer_iter,context_val,seed,alpha,eps,test_lcx_prob,test_lcx_obj,valid_lcx_prob,valid_lcx_obj,time,in_val,test_avg,valid_avg,test_lcx_cvar,valid_lcx_cvar
53,18,40,0.1,0.1,0.0,-0.5876563597963481,0.0,-0.5273866642375741,0,0.46181873572189613,-0.791208596157909,-0.7908835557780136,-0.48698697816012815,-0.4474502187921515
