outer_iter,context_val,seed,alpha,eps,test_lcx_prob,test_lcx_obj,valid_lcx_prob,valid_lcx_obj,time,in_val,test_avg,valid_avg,test_lcx_cvar,valid_lcx_cvar
47,7,40,0.1,0.1,0.0,-0.5567347158539873,0.0,-0.5311016721359836,0,0.3841804022233258,-0.812805827842172,-0.8050333073191971,-0.24847974388230964,-0.29410594096897197
