outer_iter,context_val,seed,alpha,eps,test_lcx_prob,test_lcx_obj,valid_lcx_prob,valid_lcx_obj,time,in_val,test_avg,valid_avg,test_lcx_cvar,valid_lcx_cvar
43,0,50,0.1,0.1,0.0,-0.6515588556986545,0.0,-0.4938130409742173,0,0.424829752744608,-0.7819582465092053,-0.7037781992245892,-0.5264884722004213,-0.4635723342542075
