outer_iter,context_val,seed,alpha,eps,test_lcx_prob,test_lcx_obj,valid_lcx_prob,valid_lcx_obj,time,in_val,test_avg,valid_avg,test_lcx_cvar,valid_lcx_cvar
54,17,50,0.1,0.1,0.0,-0.6531607691596252,0.0,-0.7133790060877795,0,0.4843029171667531,-0.8266710230780597,-0.8189987900371859,-0.571216881157597,-0.6617175782067893
