outer_iter,context_val,seed,alpha,eps,test_lcx_prob,test_lcx_obj,valid_lcx_prob,valid_lcx_obj,time,in_val,test_avg,valid_avg,test_lcx_cvar,valid_lcx_cvar
48,3,50,0.1,0.1,0.0,-0.5961848658498451,0.0,-0.651576321023855,0,0.4811171481069806,-0.790861780681473,-0.8268666591531415,-0.5382007489187338,-0.6175999079384391
