outer_iter,context_val,seed,alpha,eps,test_lcx_prob,test_lcx_obj,valid_lcx_prob,valid_lcx_obj,time,in_val,test_avg,valid_avg
43,6,50,0.1,0.1,0.0,-0.22359741414146128,0.0,-0.24991781887611117,75101.34875798225,0.49779039144557485,-0.8500410045544683,-0.7600522254806019
