outer_iter,context_val,seed,alpha,eps,test_lcx_prob,test_lcx_obj,valid_lcx_prob,valid_lcx_obj,time,in_val,test_avg,valid_avg,test_lcx_cvar,valid_lcx_cvar
56,18,60,0.1,0.1,0.0,-0.5279036286305903,0.0,-0.6779736988714445,0,0.26751917611219683,-0.7843664513451565,-0.811523465197682,-0.43149243656918007,-0.6221976676914412
