outer_iter,context_val,seed,alpha,eps,test_lcx_prob,test_lcx_obj,valid_lcx_prob,valid_lcx_obj,time,in_val,test_avg,valid_avg,test_lcx_cvar,valid_lcx_cvar
58,19,60,0.1,0.1,0.0,-0.545694194873511,0.0,-0.6253900914300067,0,0.298283180001899,-0.7996127550756498,-0.851084021228784,-0.47366416239285886,-0.5560738923996552
