outer_iter,context_val,seed,alpha,eps,test_lcx_prob,test_lcx_obj,valid_lcx_prob,valid_lcx_obj,time,in_val,test_avg,valid_avg,test_lcx_cvar,valid_lcx_cvar
58,4,60,0.1,0.1,0.0,-0.6104537524023815,0.0,-0.547415850104392,0,0.37280994305279475,-0.8145050300059417,-0.7769373451490224,-0.432635733384745,-0.5019092941455559
