outer_iter,context_val,seed,alpha,eps,test_lcx_prob,test_lcx_obj,valid_lcx_prob,valid_lcx_obj,time,in_val,test_avg,valid_avg,test_lcx_cvar,valid_lcx_cvar
52,18,70,0.1,0.1,0.0,-0.6316347787658214,0.0,-0.6122471366133561,0,0.31517963182601516,-0.7720676548759348,-0.7818472096096787,-0.5727691037313768,-0.5667574174803593
