outer_iter,context_val,seed,alpha,eps,test_lcx_prob,test_lcx_obj,valid_lcx_prob,valid_lcx_obj,time,in_val,test_avg,valid_avg,test_lcx_cvar,valid_lcx_cvar
60,12,70,0.1,0.1,0.02127659574468085,-0.46955898729256396,0.0,-0.7356786862032372,0,0.3339497917770007,-0.755127001014428,-0.8795214728038353,-0.07014793306441477,-0.734887833444551
