outer_iter,context_val,seed,alpha,eps,test_lcx_prob,test_lcx_obj,valid_lcx_prob,valid_lcx_obj,time,in_val,test_avg,valid_avg,test_lcx_cvar,valid_lcx_cvar
57,19,70,0.1,0.1,0.0,-0.36063186816745785,0.0,-0.2021660605153957,0,0.2352814851218802,-0.7264001638847041,-0.737565208618573,-0.19662737647368037,-0.15821924862389788
