outer_iter,context_val,seed,alpha,eps,test_lcx_prob,test_lcx_obj,valid_lcx_prob,valid_lcx_obj,time,in_val,test_avg,valid_avg,test_lcx_cvar,valid_lcx_cvar
48,7,70,0.1,0.1,0.0,-0.6056809369764091,0.0,-0.6600312577182527,0,0.3641798459989058,-0.8180038344010825,-0.7857516051067832,-0.5344713578829751,-0.6075369694199312
