outer_iter,context_val,seed,alpha,eps,test_lcx_prob,test_lcx_obj,valid_lcx_prob,valid_lcx_obj,time,in_val,test_avg,valid_avg,test_lcx_cvar,valid_lcx_cvar
46,8,70,0.1,0.1,0.0,-0.5957170901702867,0.0,-0.6503777255059207,0,0.482974166750575,-0.8183924769684716,-0.8755104553552364,-0.5260439739659615,-0.5774261047856102
