outer_iter,context_val,seed,alpha,eps,test_lcx_prob,test_lcx_obj,valid_lcx_prob,valid_lcx_obj,time,in_val,test_avg,valid_avg,test_lcx_cvar,valid_lcx_cvar
43,0,80,0.1,0.1,0.0,-0.623197885113871,0.0,-0.7328827538936796,0,0.435558661137777,-0.7872300712010394,-0.7889007832798489,-0.5992679811088999,-0.5333303371651955
