outer_iter,context_val,seed,alpha,eps,test_lcx_prob,test_lcx_obj,valid_lcx_prob,valid_lcx_obj,time,in_val,test_avg,valid_avg,test_lcx_cvar,valid_lcx_cvar
56,18,80,0.1,0.1,0.0,-0.5918158438998822,0.0,-0.6302583328263024,0,0.4216219968441879,-0.8226491109912671,-0.8324324714742131,-0.527629250003982,-0.563760326893221
