outer_iter,context_val,seed,alpha,eps,test_lcx_prob,test_lcx_obj,valid_lcx_prob,valid_lcx_obj,time,in_val,test_avg,valid_avg,test_lcx_cvar,valid_lcx_cvar
58,12,80,0.1,0.1,0.0,-0.6640259373687218,0.0,-0.7287077986191685,0,0.39242129293258254,-0.7770671485788622,-0.7992296657720573,-0.5663710562624432,-0.706396252031022
