outer_iter,context_val,seed,alpha,eps,test_lcx_prob,test_lcx_obj,valid_lcx_prob,valid_lcx_obj,time,in_val,test_avg,valid_avg,test_lcx_cvar,valid_lcx_cvar
43,1,80,0.1,0.1,0.0,-0.5641245223096729,0.0,-0.6031497858317517,0,0.44340416780349023,-0.8180271311980141,-0.7990101952722148,-0.35154662470963693,-0.5128071843501376
