outer_iter,context_val,seed,alpha,eps,test_lcx_prob,test_lcx_obj,valid_lcx_prob,valid_lcx_obj,time,in_val,test_avg,valid_avg
61,14,80,0.1,0.1,0.0,-0.6434195918396087,0.0,-0.46702282761901054,81963.6105439663,0.4331230522624252,-0.8280919121344709,-0.8162982229266312
