outer_iter,context_val,seed,alpha,eps,test_lcx_prob,test_lcx_obj,valid_lcx_prob,valid_lcx_obj,time,in_val,test_avg,valid_avg,test_lcx_cvar,valid_lcx_cvar
57,4,80,0.1,0.1,0.0,-0.6945273371665971,0.0,-0.766093749198268,0,0.27161562823447005,-0.8056303052848176,-0.88857889871129,-0.625270910763624,-0.7449110110993147
