outer_iter,context_val,seed,alpha,eps,test_lcx_prob,test_lcx_obj,valid_lcx_prob,valid_lcx_obj,time,in_val,test_avg,valid_avg,test_lcx_cvar,valid_lcx_cvar
58,5,80,0.1,0.1,0.0,-0.7022021506580588,0.0,-0.5081847372720136,0,0.4397247445343835,-0.8644932723946243,-0.8426982507203494,-0.6255114754610654,-0.4745857670648196
