outer_iter,context_val,seed,alpha,eps,test_lcx_prob,test_lcx_obj,valid_lcx_prob,valid_lcx_obj,time,in_val,test_avg,valid_avg,test_lcx_cvar,valid_lcx_cvar
43,0,90,0.1,0.1,0.0,-0.7100294516992438,0.0,-0.7313268743748468,0,0.4015411984598147,-0.8484063361621897,-0.8356012258706952,-0.6280715536485237,-0.6109316999728883
