outer_iter,context_val,seed,alpha,eps,test_lcx_prob,test_lcx_obj,valid_lcx_prob,valid_lcx_obj,time,in_val,test_avg,valid_avg,test_lcx_cvar,valid_lcx_cvar
42,1,90,0.1,0.1,0.0,-0.6969061511912565,0.0,-0.7633785002233195,0,0.45160363924947117,-0.8434939730500447,-0.8491331714574539,-0.667833644527013,-0.7615395068975455
