outer_iter,context_val,seed,alpha,eps,test_lcx_prob,test_lcx_obj,valid_lcx_prob,valid_lcx_obj,time,in_val,test_avg,valid_avg,test_lcx_cvar,valid_lcx_cvar
41,2,90,0.1,0.1,0.0,-0.6589186666091911,0.0,-0.5697785333129577,0,0.4016104267348405,-0.8299138211837603,-0.8142781442211757,-0.6027042738712423,-0.5500160781695277
