outer_iter,context_val,seed,alpha,eps,test_lcx_prob,test_lcx_obj,valid_lcx_prob,valid_lcx_obj,time,in_val,test_avg,valid_avg,test_lcx_cvar,valid_lcx_cvar
56,5,90,0.1,0.1,0.0,-0.5688304700961462,0.0,-0.6977529084000553,0,0.47022038663710225,-0.8236773700666665,-0.8273431179183444,-0.5104927490842129,-0.6613432353952649
