outer_iter,context_val,seed,alpha,eps,test_lcx_prob,test_lcx_obj,valid_lcx_prob,valid_lcx_obj,time,in_val,test_avg,valid_avg,test_lcx_cvar,valid_lcx_cvar
49,7,90,0.1,0.1,0.0,-0.5761192334639296,0.0,-0.6136477673638282,0,0.3032874263031759,-0.8092053708933609,-0.7723904365759308,-0.5255402983571245,-0.5843660357731829
