context_val,seed,alpha,eps,test_lcx_prob,test_lcx_obj,valid_lcx_prob,valid_lcx_obj,time,in_val,test_avg,valid_avg
10,0,0.1,0.12,0.0,-0.13936000413926167,0.0,0.14257460525931206,4374.027064323425,0.3034297678256484,-0.7200625022952367,-0.6972744430913759
