context_val,seed,alpha,eps,test_lcx_prob,test_lcx_obj,valid_lcx_prob,valid_lcx_obj,time,in_val,test_avg,valid_avg
11,0,0.1,0.12,0.0,-0.21255946102615422,0.0,-0.23656333260471496,360.297425031662,0.03840251663776962,-0.9462041919621282,-0.9075634058043395
