context_val,seed,alpha,eps,test_lcx_prob,test_lcx_obj,valid_lcx_prob,valid_lcx_obj,time,in_val,test_avg,valid_avg
18,0,0.1,0.12,0.0,-0.3066889371454593,0.0,-0.45531933130160546,918.5074009895325,0.25163212034078586,-0.8043187258642177,-0.8790352604619385
