context_val,seed,alpha,eps,test_lcx_prob,test_lcx_obj,valid_lcx_prob,valid_lcx_obj,time,in_val,test_avg,valid_avg
19,0,0.1,0.12,0.0,-0.13585268585650276,0.0,-0.4617479905363685,2353.9501390457153,0.28208843481559787,-0.7504408903309845,-0.9562291993278725
