context_val,seed,alpha,eps,test_lcx_prob,test_lcx_obj,valid_lcx_prob,valid_lcx_obj,time,in_val,test_avg,valid_avg
3,0,0.1,0.12,0.0,-0.5174560161704214,0.0,-0.5538043597477309,1594.502810716629,0.3645650616854897,-0.8425872919926413,-1.0454059181338005
