context_val,seed,alpha,eps,test_lcx_prob,test_lcx_obj,valid_lcx_prob,valid_lcx_obj,time,in_val,test_avg,valid_avg
7,0,0.1,0.12,0.0,-0.42652809826960497,0.0,-0.3522378156766057,3202.802328824997,0.42671160801328656,-0.779107129153482,-0.7614089001558562
