context_val,seed,alpha,eps,test_lcx_prob,test_lcx_obj,valid_lcx_prob,valid_lcx_obj,time,in_val,test_avg,valid_avg
17,10,0.1,0.12,0.0,-0.2210322784078442,0.0,-0.33510236615598576,1439.9409275054932,0.14869113902843634,-0.8364665604128128,-0.7832067843277468
