context_val,seed,alpha,eps,test_lcx_prob,test_lcx_obj,valid_lcx_prob,valid_lcx_obj,time,in_val,test_avg,valid_avg
13,10,0.1,0.12,0.0,-0.19535441808953888,0.0,-0.42602946287453786,1377.3738367557526,0.2644320345454754,-0.8873909219546331,-0.9564764277698496
