context_val,seed,alpha,eps,test_lcx_prob,test_lcx_obj,valid_lcx_prob,valid_lcx_obj,time,in_val,test_avg,valid_avg
3,10,0.1,0.12,0.045454545454545456,-0.14238429745094347,0.0,-0.6370809482518061,3613.643604516983,0.21865974173749897,-0.8326178177224706,-1.034749789733512
