context_val,seed,alpha,eps,test_lcx_prob,test_lcx_obj,valid_lcx_prob,valid_lcx_obj,time,in_val,test_avg,valid_avg
5,10,0.1,0.12,0.038461538461538464,0.016465314646953354,0.0,-0.5523086997183091,5000.070114612579,0.3788396941951155,-0.8641154351236141,-1.1344352884239959
