context_val,seed,alpha,eps,test_lcx_prob,test_lcx_obj,valid_lcx_prob,valid_lcx_obj,time,in_val,test_avg,valid_avg
7,10,0.1,0.12,0.0,-0.2800605481729179,0.14285714285714285,0.7209605416428149,1829.505607843399,0.29405846009284964,-0.9027321781754347,-0.8290520919728456
