context_val,seed,alpha,eps,test_lcx_prob,test_lcx_obj,valid_lcx_prob,valid_lcx_obj,time,in_val,test_avg,valid_avg
9,10,0.1,0.12,0.0,-0.27050705386094326,0.0,-0.31931099662867224,1322.6640014648438,0.3382723148392982,-0.8205124410752378,-0.7795407753212296
