context_val,seed,alpha,eps,test_lcx_prob,test_lcx_obj,valid_lcx_prob,valid_lcx_obj,time,in_val,test_avg,valid_avg
15,20,0.1,0.12,0.0,0.006286790748442572,0.0,-0.38582755031847193,3230.3286633491516,0.4069322235036267,-0.6004130884671539,-0.7630056118794046
