context_val,seed,alpha,eps,test_lcx_prob,test_lcx_obj,valid_lcx_prob,valid_lcx_obj,time,in_val,test_avg,valid_avg
12,20,0.1,0.12,0.0,-0.3841847306294118,0.0,-0.2918463419807008,2268.279354572296,0.21002142432900056,-0.8065026087535391,-0.620924352091472
