context_val,seed,alpha,eps,test_lcx_prob,test_lcx_obj,valid_lcx_prob,valid_lcx_obj,time,in_val,test_avg,valid_avg
2,20,0.1,0.12,0.0,-0.2685762708296478,0.0,-0.00840774100059933,3174.1508288383484,0.3946328318394108,-0.8397706908305376,-0.821083477024311
