context_val,seed,alpha,eps,test_lcx_prob,test_lcx_obj,valid_lcx_prob,valid_lcx_obj,time,in_val,test_avg,valid_avg
8,20,0.1,0.12,0.0,-0.3233330655908459,0.0,-0.5729983530460702,1368.2656736373901,0.2835453973384874,-0.7458415109767282,-0.8484334865829568
