context_val,seed,alpha,eps,test_lcx_prob,test_lcx_obj,valid_lcx_prob,valid_lcx_obj,time,in_val,test_avg,valid_avg
0,30,0.1,0.12,0.0,-0.17721153049681307,0.0,-0.253895904893958,1615.3101415634155,0.29183231425905704,-0.7513492750092089,-0.729154015585836
