context_val,seed,alpha,eps,test_lcx_prob,test_lcx_obj,valid_lcx_prob,valid_lcx_obj,time,in_val,test_avg,valid_avg
16,30,0.1,0.12,0.0,-0.28775325158519166,0.0,-0.5927181653517095,1831.6400516033173,0.1588344366532531,-0.8796520776506191,-0.8619976400722862
