context_val,seed,alpha,eps,test_lcx_prob,test_lcx_obj,valid_lcx_prob,valid_lcx_obj,time,in_val,test_avg,valid_avg
13,30,0.1,0.12,0.0,-0.14505303350171078,0.07692307692307693,0.21690875459303688,1488.3718304634094,0.4311308479220276,-0.9664722731362777,-0.7967735984270676
