context_val,seed,alpha,eps,test_lcx_prob,test_lcx_obj,valid_lcx_prob,valid_lcx_obj,time,in_val,test_avg,valid_avg
14,30,0.1,0.12,0.043478260869565216,-0.08448218539253917,0.0,-0.374350072719881,3183.063993692398,0.43042057668650036,-0.7443785961030998,-0.7457647082199507
