context_val,seed,alpha,eps,test_lcx_prob,test_lcx_obj,valid_lcx_prob,valid_lcx_obj,time,in_val,test_avg,valid_avg
2,30,0.1,0.12,0.0,-0.18858684858192232,0.0,-0.5929214989732752,5163.3724620342255,0.4094544190765925,-0.7286565600283752,-0.8982102281407277
