context_val,seed,alpha,eps,test_lcx_prob,test_lcx_obj,valid_lcx_prob,valid_lcx_obj,time,in_val,test_avg,valid_avg
6,30,0.1,0.12,0.0,-0.062307796897513104,0.0,-0.27828507189024454,529.4114549160004,0.29482207354737694,-0.8053860562705552,-0.8487479845920869
