context_val,seed,alpha,eps,test_lcx_prob,test_lcx_obj,valid_lcx_prob,valid_lcx_obj,time,in_val,test_avg,valid_avg
7,30,0.1,0.12,0.0,-0.16045567502227046,0.0,-0.5237792617364638,1145.3006029129028,0.18796006727155634,-0.7314978817978632,-0.751099512632063
