context_val,seed,alpha,eps,test_lcx_prob,test_lcx_obj,valid_lcx_prob,valid_lcx_obj,time,in_val,test_avg,valid_avg
8,30,0.1,0.12,0.0,-0.05969614670684823,0.0,-0.050506811762500936,2072.463392019272,0.4002078783010192,-0.6772910213894303,-0.5866138261672335
