context_val,seed,alpha,eps,test_lcx_prob,test_lcx_obj,valid_lcx_prob,valid_lcx_obj,time,in_val,test_avg,valid_avg
13,40,0.1,0.12,0.041666666666666664,0.20855655551008048,0.0,-0.5704431680647641,1537.300616979599,0.41739471269226924,-0.6963224601440245,-0.8512323669424803
