context_val,seed,alpha,eps,test_lcx_prob,test_lcx_obj,valid_lcx_prob,valid_lcx_obj,time,in_val,test_avg,valid_avg
11,40,0.1,0.12,0.0,-0.39623604351528513,0.0,-0.49247358289444554,1147.7261464595795,0.2926966831919781,-0.9425130095250455,-0.9439364053921093
