context_val,seed,alpha,eps,test_lcx_prob,test_lcx_obj,valid_lcx_prob,valid_lcx_obj,time,in_val,test_avg,valid_avg
19,40,0.1,0.12,0.0,-0.25370836834491345,0.0,-0.583628877204751,1558.7995691299438,0.2609312675263116,-0.7021898716445204,-0.8900032054480302
