context_val,seed,alpha,eps,test_lcx_prob,test_lcx_obj,valid_lcx_prob,valid_lcx_obj,time,in_val,test_avg,valid_avg
3,40,0.1,0.12,0.0,-0.1313941038065516,0.0,-0.23151080114767017,2843.6421933174133,0.41925278868823107,-0.7854943625915155,-0.7230861521348076
