context_val,seed,alpha,eps,test_lcx_prob,test_lcx_obj,valid_lcx_prob,valid_lcx_obj,time,in_val,test_avg,valid_avg
5,40,0.1,0.12,0.0,-0.4834858438738198,0.0,-0.42244843183984715,3401.091433763504,0.3860107033582971,-0.8055289322599715,-0.7938268701323248
