context_val,seed,alpha,eps,test_lcx_prob,test_lcx_obj,valid_lcx_prob,valid_lcx_obj,time,in_val,test_avg,valid_avg
7,40,0.1,0.12,0.03571428571428571,-0.11403432305545552,0.0,-0.7555833060734516,893.3465971946716,0.19836997556857391,-0.7465472770047352,-0.9651660351948674
