context_val,seed,alpha,eps,test_lcx_prob,test_lcx_obj,valid_lcx_prob,valid_lcx_obj,time,in_val,test_avg,valid_avg
8,40,0.1,0.12,0.0,-0.18644041520595075,0.0,-0.24238576382692315,3306.27006816864,0.2287091277750752,-0.6836452311302537,-0.6877257871022573
