context_val,seed,alpha,eps,test_lcx_prob,test_lcx_obj,valid_lcx_prob,valid_lcx_obj,time,in_val,test_avg,valid_avg
1,50,0.1,0.12,0.0,-0.07659486516932279,0.0,-0.3058991845002986,2329.56982088089,0.23591114615097067,-0.7663958148976805,-0.685918870607508
