context_val,seed,alpha,eps,test_lcx_prob,test_lcx_obj,valid_lcx_prob,valid_lcx_obj,time,in_val,test_avg,valid_avg
11,50,0.1,0.12,0.0,-0.3205769826505307,0.0,-0.3228607351797814,376.90239572525024,0.3280987239049422,-0.8853337821761873,-0.8447276823790011
