context_val,seed,alpha,eps,test_lcx_prob,test_lcx_obj,valid_lcx_prob,valid_lcx_obj,time,in_val,test_avg,valid_avg
16,50,0.1,0.12,0.037037037037037035,0.13406623473995644,0.0,-0.35298746581635926,1753.7644510269165,0.2483655799907309,-0.7434739404966387,-0.7792117891255725
