context_val,seed,alpha,eps,test_lcx_prob,test_lcx_obj,valid_lcx_prob,valid_lcx_obj,time,in_val,test_avg,valid_avg
12,50,0.1,0.12,0.0,-0.49497168817178533,0.0,-0.4321364718496673,1940.8064286708832,0.21993138861667821,-0.8640853955995528,-0.9167499065253677
