context_val,seed,alpha,eps,test_lcx_prob,test_lcx_obj,valid_lcx_prob,valid_lcx_obj,time,in_val,test_avg,valid_avg
14,50,0.1,0.12,0.0,-0.32796848067825896,0.0,-0.3585180579392082,3446.067453622818,0.42422165302544484,-0.6990038974254932,-0.8253436834530998
