context_val,seed,alpha,eps,test_lcx_prob,test_lcx_obj,valid_lcx_prob,valid_lcx_obj,time,in_val,test_avg,valid_avg
13,50,0.1,0.12,0.0,-0.1518369918485752,0.07692307692307693,0.03754858004457959,3366.345050096512,0.3008425763106224,-0.7291349179388468,-0.757853223466343
