context_val,seed,alpha,eps,test_lcx_prob,test_lcx_obj,valid_lcx_prob,valid_lcx_obj,time,in_val,test_avg,valid_avg
6,50,0.1,0.12,0.03225806451612903,-0.11480360227466438,0.0,-0.3963906458023052,875.4070377349854,0.1557791930763811,-0.7046072244476631,-0.7915393598639336
