context_val,seed,alpha,eps,test_lcx_prob,test_lcx_obj,valid_lcx_prob,valid_lcx_obj,time,in_val,test_avg,valid_avg
8,50,0.1,0.12,0.0,-0.4134391436892409,0.0,0.3256690843371316,3200.4475762844086,0.35352732561882755,-0.8061966493941914,-0.6768343637512331
