context_val,seed,alpha,eps,test_lcx_prob,test_lcx_obj,valid_lcx_prob,valid_lcx_obj,time,in_val,test_avg,valid_avg
11,60,0.1,0.12,0.0,-0.4459749077273732,0.0,-0.4877856412357835,765.684473991394,0.08755407237246932,-0.8842974897534922,-0.7630515547489043
