context_val,seed,alpha,eps,test_lcx_prob,test_lcx_obj,valid_lcx_prob,valid_lcx_obj,time,in_val,test_avg,valid_avg
16,70,0.1,0.12,0.0,-0.15651197285819068,0.0,-0.5302708467456514,1210.8401436805725,0.2670487965719702,-0.8208535043808363,-1.007674395191081
