context_val,seed,alpha,eps,test_lcx_prob,test_lcx_obj,valid_lcx_prob,valid_lcx_obj,time,in_val,test_avg,valid_avg
17,70,0.1,0.12,0.0,-0.33116208539502356,0.125,0.5237236308126196,1672.7464995384216,0.1880461062008674,-0.8337905499262496,-0.5136588300792373
