context_val,seed,alpha,eps,test_lcx_prob,test_lcx_obj,valid_lcx_prob,valid_lcx_obj,time,in_val,test_avg,valid_avg
2,70,0.1,0.12,0.0,-0.26073740251586347,0.0,-0.43267867221025413,3192.4539034366608,0.3750707171659815,-0.8004158677164163,-0.9551673072731556
