context_val,seed,alpha,eps,test_lcx_prob,test_lcx_obj,valid_lcx_prob,valid_lcx_obj,time,in_val,test_avg,valid_avg
3,70,0.1,0.12,0.0,-0.23092839372927512,0.0,-0.5139890552131686,1534.941385269165,0.30973196961241706,-0.9737654618446959,-0.980144423778514
