context_val,seed,alpha,eps,test_lcx_prob,test_lcx_obj,valid_lcx_prob,valid_lcx_obj,time,in_val,test_avg,valid_avg
7,70,0.1,0.12,0.03571428571428571,-0.22926013886526064,0.0,-0.16238090449195164,3571.200436115265,0.26736336964436475,-0.8488365989866168,-0.8452003769381786
