context_val,seed,alpha,eps,test_lcx_prob,test_lcx_obj,valid_lcx_prob,valid_lcx_obj,time,in_val,test_avg,valid_avg
1,80,0.1,0.12,0.0,-0.44904497651604824,0.0,-0.6895240677784218,2104.398927927017,0.26865060350377684,-0.9018837013548943,-1.0207543758406257
