context_val,seed,alpha,eps,test_lcx_prob,test_lcx_obj,valid_lcx_prob,valid_lcx_obj,time,in_val,test_avg,valid_avg
7,80,0.1,0.12,0.0,-0.3281925037723162,0.0,-0.36559083273260295,1001.4726600646973,0.3577879653603128,-1.1306573738901216,-0.7592149161968987
