context_val,seed,alpha,eps,test_lcx_prob,test_lcx_obj,valid_lcx_prob,valid_lcx_obj,time,in_val,test_avg,valid_avg
8,80,0.1,0.12,0.038461538461538464,0.03899728769989153,0.0,0.13903105063377852,5898.284450531006,0.34112902175706544,-0.8403177502181335,-0.7088303083532487
