context_val,seed,alpha,eps,test_lcx_prob,test_lcx_obj,valid_lcx_prob,valid_lcx_obj,time,in_val,test_avg,valid_avg
14,90,0.1,0.12,0.043478260869565216,0.21186915818411778,0.0,0.035722571130697045,1391.9025955200195,0.3467427160029973,-0.6877052499761694,-0.722569616337731
