context_val,seed,alpha,eps,test_lcx_prob,test_lcx_obj,valid_lcx_prob,valid_lcx_obj,time,in_val,test_avg,valid_avg
1,90,0.1,0.12,0.0,-0.4290175056558145,0.0,-0.588453265022657,4349.565390825272,0.3716317519510839,-0.9406153995217083,-0.8992061384275318
