context_val,seed,alpha,eps,test_lcx_prob,test_lcx_obj,valid_lcx_prob,valid_lcx_obj,time,in_val,test_avg,valid_avg
2,90,0.1,0.12,0.0,-0.29095985023779564,0.0,-0.6220831395091961,3430.8053905963898,0.4116493680530426,-0.8303127143539052,-1.094131588734994
