context_val,seed,alpha,eps,test_lcx_prob,test_lcx_obj,valid_lcx_prob,valid_lcx_obj,time,in_val,test_avg,valid_avg
6,90,0.1,0.12,0.0,-0.3651729980629731,0.0,-0.16517164898728606,633.7739315032959,0.18740392373043133,-0.8827706032364733,-0.7096651896777971
