seed,rho,a_seed,eta,gamma,init_rho,valid_obj,valid_prob,test_obj,test_prob,time,valid_cover,test_cover,valid_in,test_in,valid_avg,avg_val,valid_cvar,test_cvar
30,1,30,0.15,1,1,-0.6930674961971481,0.0,-0.6937703347126499,0.0,0.002303807,0.0,0.0,0.005392383244423896,0.005392383244423894,-0.8429302270113642,-0.8308318441002653,-0.5460872763813267,-0.550147570642233
