seed,rho,a_seed,eta,gamma,init_rho,valid_obj,valid_prob,test_obj,test_prob,time,valid_cover,test_cover,valid_in,test_in,valid_avg,avg_val,valid_cvar,test_cvar
60,1,60,0.15,1,1,-0.6964143586518705,0.0,-0.6722172622553483,0.0,0.002095096,0.0,0.0,0.016398583273886568,0.016398583273898867,-0.8480058187534373,-0.8388542474492453,-0.6102107672149847,-0.5613812002602485
