seed,rho,a_seed,eta,gamma,init_rho,valid_obj,valid_prob,test_obj,test_prob,time,valid_cover,test_cover,valid_in,test_in,avg_val
90,1,90,0.3,1,1,-0.5748067141605645,0.0,-0.5691305243243105,0.0,0.002415255,0.0,0.0,-0.6685738382515662,-0.6638913819863376,-0.8248693405426475
