seed,rho,a_seed,eta,gamma,init_rho,valid_obj,valid_prob,test_obj,test_prob,time,valid_cover,test_cover,valid_in,test_in,avg_val
0,1,0,0.2,1,1,-0.5657312549940625,0.0,-0.5593983204053302,0.0,0.002599028,0.0,0.0,-0.6246013038363384,-0.6203169061964029,-0.8380093989408123
