seed,rho,a_seed,eta,gamma,init_rho,valid_obj,valid_prob,test_obj,test_prob,time,valid_cover,test_cover,valid_in,test_in,avg_val
10,1,10,0.2,1,1,-0.5780182231202653,0.0,-0.5825872982905278,0.0,0.002299105,0.0,0.0,-0.6369660123931404,-0.641095790701485,-0.8448580727025684
