seed,rho,a_seed,eta,gamma,init_rho,valid_obj,valid_prob,test_obj,test_prob,time,valid_cover,test_cover,valid_in,test_in,avg_val
20,1,20,0.2,1,1,-0.5008530559095947,0.0,-0.5555288163041578,0.0,0.002640887,0.0,0.0,-0.5734931398586668,-0.613290360829144,-0.8406346809197139
