seed,rho,a_seed,eta,gamma,init_rho,valid_obj,valid_prob,test_obj,test_prob,time,valid_cover,test_cover,valid_in,test_in,avg_val
30,1,30,0.2,1,1,-0.5574307131479497,0.0,-0.5396106530948711,0.0,0.002414296,0.0,0.0,-0.6163473863770541,-0.6084372535822004,-0.8459905691238384
