seed,rho,a_seed,eta,gamma,init_rho,valid_obj,valid_prob,test_obj,test_prob,time,valid_cover,test_cover,valid_in,test_in,avg_val
80,1,80,0.2,1,1,-0.5712806790332635,0.0,-0.5444309470778577,0.0,0.002207575,0.0,0.0,-0.6294462253913286,-0.6075014277845872,-0.8332914460295783
