seed,rho,a_seed,eta,gamma,init_rho,valid_obj,valid_prob,test_obj,test_prob,time,valid_cover,test_cover,valid_in,test_in,avg_val
0,1,0,0.3,1,1,-0.38093410171738334,0.0025,-0.38850231313158257,0.0,0.000435133,0.0,0.0,-0.5534553217808059,-0.5525860348335208,-0.8280354774157254
