seed,rho,a_seed,eta,gamma,init_rho,valid_obj,valid_prob,test_obj,test_prob,time,valid_cover,test_cover,valid_in,test_in,avg_val
70,1,70,0.3,1,1,-0.34886051022595826,0.0,-0.329440384124865,0.004,0.000424113,0.0,0.0,-0.5312704576691135,-0.517992077745483,-0.8041107206789847
