seed,rho,a_seed,eta,gamma,init_rho,valid_obj,valid_prob,test_obj,test_prob,time,valid_cover,test_cover,valid_in,test_in,valid_avg,avg_val,valid_cvar,test_cvar
40,1,40,0.12,1,1,-0.48828799377882603,0.0,-0.4676962150167763,0.006,0.000805914,0.0,0.0,0.059877312314829664,0.059877312314823246,-0.8013226510520393,-0.8226485783053868,-0.36282140256868817,-0.28303012883609774
