seed,rho,a_seed,eta,gamma,init_rho,valid_obj,valid_prob,test_obj,test_prob,time,valid_cover,test_cover,valid_in,test_in,valid_avg,avg_val,valid_cvar,test_cvar
20,1,20,0.3,1,1,-0.6863320132803435,0.0,-0.6510641263877504,0.0,0.002388815,0.0,0.0,0.024953473476941948,0.02495347347694147,-0.8714341718343751,-0.8404179252286564,-0.6135103631773193,-0.5643650743341329
