seed,rho,a_seed,eta,gamma,init_rho,valid_obj,valid_prob,test_obj,test_prob,time,valid_cover,test_cover,valid_in,test_in,valid_avg,avg_val,valid_cvar,test_cvar
40,1,40,0.3,1,1,-0.6410419657409843,0.0,-0.680136983283586,0.0,0.002490545,0.0,0.0,0.021594875559409706,0.021594875559405334,-0.8466751158836917,-0.8523236413878628,-0.5556787229147765,-0.573349636774422
