seed,rho,a_seed,eta,gamma,init_rho,valid_obj,valid_prob,test_obj,test_prob,time,valid_cover,test_cover,valid_in,test_in,avg_val
0,1,0,0.1,1,1,-0.3520289456683964,0.005,-0.43170664592431784,0.0,0.000387799,0.0,0.0,-0.3520289456683964,-0.43170664592431784,-0.858055467250675
