seed,rho,a_seed,eta,gamma,init_rho,valid_obj,valid_prob,test_obj,test_prob,time,valid_cover,test_cover,valid_in,test_in,avg_val
30,1,30,0.1,1,1,-0.38812865450212347,0.0,-0.38860683748184455,0.004,0.0003559,0.0,0.0,-0.38812865450212347,-0.38860683748184455,-0.830229837310082
