seed,rho,a_seed,eta,gamma,init_rho,valid_obj,valid_prob,test_obj,test_prob,time,valid_cover,test_cover,valid_in,test_in,avg_val
50,1,50,0.1,1,1,-0.34557721343053305,0.0,-0.37121268515871386,0.0,0.00036391,0.0,0.0,-0.34557721343053305,-0.37121268515871386,-0.7994608508010482
