seed,rho,a_seed,eta,gamma,init_rho,valid_obj,valid_prob,test_obj,test_prob,time,valid_cover,test_cover,valid_in,test_in,avg_val
90,1,90,0.1,1,1,-0.4039427151759405,0.0,-0.4312055645085517,0.0,0.00035831,0.0,0.0,-0.4039427151759405,-0.4312055645085517,-0.8139923599112475
