seed,rho,a_seed,eta,gamma,init_rho,valid_obj,valid_prob,test_obj,test_prob,time,valid_cover,test_cover,valid_in,test_in,valid_avg,avg_val,valid_cvar,test_cvar
30,1,30,0.3,1,1,-0.6364034850494145,0.0025,-0.6300330969606958,0.0,0.002358988,0.0,0.0,0.016611728766198985,0.01661172876619829,-0.8369177028055864,-0.8446524020276316,-0.5434308748930229,-0.531135713644819
