seed,rho,a_seed,eta,gamma,init_rho,valid_obj,valid_prob,test_obj,test_prob,time,valid_cover,test_cover,valid_in,test_in,valid_avg,avg_val,valid_cvar,test_cvar
40,1,40,0.3,1,1,-0.6561847450528265,0.0,-0.652522583030813,0.0,0.002261999,0.0,0.0,0.015777007527725307,0.015777007527721355,-0.8633378741415023,-0.8582813637071175,-0.5620277724046857,-0.5471667885086933
