seed,a_seed,nonrob_prob,nonrob_obj,scenario_probs,scenario_obj
20,20,0.5815333563112328,-0.8852248789632366,0.2617499077863186,-0.8069315033981569
