seed,a_seed,nonrob_prob,nonrob_obj,scenario_probs,scenario_obj
40,40,0.597105978840547,-0.9025662157344161,0.25893235340582865,-0.8201294283378534
