seed,a_seed,nonrob_prob,nonrob_obj,scenario_probs,scenario_obj
60,60,0.5704082568502127,-0.9125251098658828,0.25766798591836143,-0.8296894226207557
