seed,a_seed,nonrob_prob,nonrob_obj,scenario_probs,scenario_obj
90,90,0.59928806289957,-0.8974278079214603,0.24291353609737518,-0.8133583408842971
