seed,a_seed,nonrob_prob,nonrob_obj,scenario_probs,scenario_obj
60,60,1.0,-428.5759598689736,0.4259989494039509,-397.442960088825
