seed,a_seed,nonrob_prob,nonrob_obj,scenario_probs,scenario_obj
70,70,1.0,-428.83083494757466,0.45959803624192475,-392.68314879079946
