seed,rho,a_seed,eta,gamma,init_rho,valid_obj,valid_prob,test_obj,test_prob,time,valid_cover,test_cover,valid_in,test_in,valid_avg,avg_val,valid_cvar,test_cvar
70,1,70,0.1,1,1,-0.7402461995237501,0.0,-0.7510559140746775,0.0,0.002054995,0.0,0.0,0.002768120567710157,0.002885122869434023,-0.8408803799943669,-0.8457738239734025,-0.6718697808568066,-0.6453737617430731
