seed,rho,a_seed,eta,gamma,init_rho,valid_obj,valid_prob,test_obj,test_prob,time,valid_cover,test_cover,valid_in,test_in,valid_avg,avg_val,valid_cvar,test_cvar
90,1,90,0.1,1,1,-0.7280918488794816,0.0,-0.7105950607194094,0.0,0.002229396,0.0,0.0,0.002744956814738171,0.0031271332820051565,-0.8434024632820694,-0.8521264898976154,-0.6171897471713328,-0.6102885763463521
