seed,a_seed,nonrob_prob,nonrob_obj,scenario_probs,scenario_obj
0,0,0.607781401604931,-0.9292487513975141,0.3639857609710551,-0.8427612395695412
