seed,a_seed,nonrob_prob,nonrob_obj,scenario_probs,scenario_obj
30,30,0.66009312582842,-0.8850532744800557,0.4577182172402761,-0.7936488023689627
