seed,a_seed,nonrob_prob,nonrob_obj,scenario_probs,scenario_obj
60,60,0.6123509905127552,-0.8439400607334369,0.3559206928692223,-0.7944570498432311
