seed,rho,a_seed,eta,gamma,init_rho,valid_obj,valid_prob,test_obj,test_prob,time,valid_cover,test_cover,valid_in,test_in,avg_val
0,1,0,0.12,1,1,-0.5283880480867502,0.0,-0.5577468609980386,0.0,0.002223704,0.0,0.0,-0.5493144024017199,-0.5733037619062874,-0.8572487180402334
