seed,rho,a_seed,eta,gamma,init_rho,valid_obj,valid_prob,test_obj,test_prob,time,valid_cover,test_cover,valid_in,test_in,avg_val
20,1,20,0.12,1,1,-0.600941447308629,0.0,-0.5764531083827207,0.0,0.002209345,0.0,0.0,-0.6167131623073235,-0.5940707679669764,-0.8391918080979133
