seed,rho,a_seed,eta,gamma,init_rho,valid_obj,valid_prob,test_obj,test_prob,time,valid_cover,test_cover,valid_in,test_in,avg_val
30,1,30,0.12,1,1,-0.5595101095072652,0.0,-0.5992288714969031,0.0,0.002185945,0.0,0.0,-0.5762196631014326,-0.6138186027727164,-0.8442019997899171
