seed,rho,a_seed,eta,gamma,init_rho,valid_obj,valid_prob,test_obj,test_prob,time,valid_cover,test_cover,valid_in,test_in,valid_avg,avg_val,valid_cvar,test_cvar
40,1,40,0.2,1,1,-0.659102701428407,0.0,-0.6526542565552568,0.0,0.002224428,0.0,0.0,0.018644530755312198,0.018644530755311115,-0.8628070686114776,-0.8584309741755058,-0.5568379544433757,-0.5439253649752298
