seed,rho,a_seed,eta,gamma,init_rho,valid_obj,valid_prob,test_obj,test_prob,time,valid_cover,test_cover,valid_in,test_in,valid_avg,avg_val,valid_cvar,test_cvar
60,1,60,0.2,1,1,-0.6650228689069033,0.0,-0.6623434106225274,0.0,0.002245718,0.0,0.0,0.019008863998943283,0.019008863998940268,-0.8233707163366182,-0.8253433723018041,-0.5990162832825349,-0.585757938428105
