seed,rho,a_seed,eta,gamma,init_rho,valid_obj,valid_prob,test_obj,test_prob,time,valid_cover,test_cover,valid_in,test_in,avg_val
0,1,0,0.1,1,1,-0.35880137204697293,0.005,-0.391793483533516,0.004,0.00038822,0.0,0.0,-0.35880137204697293,-0.391793483533516,-0.8676946490668798
