seed,rho,a_seed,eta,gamma,init_rho,valid_obj,valid_prob,test_obj,test_prob,time,valid_cover,test_cover,valid_in,test_in,avg_val
10,1,10,0.1,1,1,-0.32176826150034576,0.005,-0.32665883444977695,0.002,0.00037153,0.0,0.0,-0.32176826150034576,-0.32665883444977695,-0.8535455782611523
