seed,rho,a_seed,eta,gamma,init_rho,valid_obj,valid_prob,test_obj,test_prob,time,valid_cover,test_cover,valid_in,test_in,avg_val
20,1,20,0.1,1,1,-0.36057345450208894,0.0,-0.3441598575544115,0.0,0.00036443,0.0,0.0,-0.36057345450208894,-0.3441598575544115,-0.7954822192890751
