seed,rho,a_seed,eta,gamma,init_rho,valid_obj,valid_prob,test_obj,test_prob,time,valid_cover,test_cover,valid_in,test_in,avg_val
80,1,80,0.1,1,1,-0.3998344228093703,0.0,-0.40939646741628805,0.002,0.00041039,0.0,0.0,-0.3998344228093703,-0.40939646741628805,-0.8147057968948633
