seed,rho,a_seed,eta,gamma,init_rho,valid_obj,valid_prob,test_obj,test_prob,time,valid_cover,test_cover,valid_in,test_in,avg_val,valid_cvar,test_cvar
0,1,0,0.12,1,1,-0.5821458688104675,0.0025,-0.5606473291301908,0.0,0.00039012,0.0,0.0,0.0743710566234083,0.07437105662340684,-0.869529192771053,-0.3950631698592216,-0.42678150070010723
