seed,rho,a_seed,eta,gamma,init_rho,valid_obj,valid_prob,test_obj,test_prob,time,valid_cover,test_cover,valid_in,test_in,valid_avg,avg_val,valid_cvar,test_cvar
10,1,10,0.12,1,1,-0.5727064397569772,0.0025,-0.5592763994255272,0.001,0.000364571,0.0,0.0,0.05954494512625672,0.05954494512626105,-0.8325829373640278,-0.8278977694811788,-0.40973919207177767,-0.40748102054874935
