seed,rho,a_seed,eta,gamma,init_rho,valid_obj,valid_prob,test_obj,test_prob,time,valid_cover,test_cover,valid_in,test_in,valid_avg,avg_val,valid_cvar,test_cvar
40,1,40,0.12,1,1,-0.5516988279866204,0.005,-0.5187533794915987,0.001,0.000343221,0.0,0.0,0.08099949726087555,0.08099949726077098,-0.8094934931260933,-0.8006732593439986,-0.39745744073737865,-0.3676851561998597
