seed,rho,a_seed,eta,gamma,init_rho,valid_obj,valid_prob,test_obj,test_prob,time,valid_cover,test_cover,valid_in,test_in,valid_avg,avg_val,valid_cvar,test_cvar
50,1,50,0.12,1,1,-0.41531211175441085,0.005,-0.46411505610019055,0.006,0.000418621,0.0,0.0,0.053449188099760916,0.05344918809976029,-0.7781286050067012,-0.7735531935372926,-0.2399198306359196,-0.28803927370731497
