seed,rho,a_seed,eta,gamma,init_rho,valid_obj,valid_prob,test_obj,test_prob,time,valid_cover,test_cover,valid_in,test_in,valid_avg,avg_val,valid_cvar,test_cvar
80,1,80,0.12,1,1,-0.4853161380778819,0.0025,-0.4971404261570834,0.001,0.000381171,0.0,0.0,0.08192306823883663,0.0819230682388408,-0.7657061499587111,-0.7851394353654573,-0.29576983491143577,-0.3311169834067555
