seed,rho,a_seed,eta,gamma,init_rho,valid_obj,valid_prob,test_obj,test_prob,time,valid_cover,test_cover,valid_in,test_in,valid_avg,avg_val,valid_cvar,test_cvar
50,1,50,0.12,1,1,-0.676620320279866,0.0,-0.667407588511983,0.0,0.002220055,0.0,0.0,0.028212500518516093,0.028212500518516294,-0.8399008674681067,-0.8459694687870717,-0.6071652332956977,-0.555817759962813
