seed,rho,a_seed,eta,gamma,init_rho,valid_obj,valid_prob,test_obj,test_prob,time,valid_cover,test_cover,valid_in,test_in,valid_avg,avg_val,valid_cvar,test_cvar
0,1,0,0.12,1,1,-0.5277197199519131,0.0,-0.5686117693901428,0.0,0.000727287,0.0,0.0,0.06957650398074393,0.06957650398074686,-0.8500480853626958,-0.8514824104606714,-0.42157185724461993,-0.4487734261294247
