seed,rho,a_seed,eta,gamma,init_rho,valid_obj,valid_prob,test_obj,test_prob,time,valid_cover,test_cover,valid_in,test_in,valid_avg,avg_val,valid_cvar,test_cvar
30,1,30,0.12,1,1,-0.5352380339581798,0.0,-0.5126164355493172,0.004,0.000823358,0.0,0.0,0.05405999199579828,0.05405999199579302,-0.8367731956247895,-0.8225624134462644,-0.38714010181629854,-0.348816431765152
