seed,rho,a_seed,eta,gamma,init_rho,valid_obj,valid_prob,test_obj,test_prob,time,valid_cover,test_cover,valid_in,test_in,valid_avg,avg_val,valid_cvar,test_cvar
40,1,40,0.12,1,1,-0.4879070167591366,0.0,-0.47330213796876186,0.006,0.000769166,0.0,0.0,0.05790148408502582,0.0579014840850177,-0.7995083768504955,-0.8220768587919652,-0.3652543751978718,-0.28874488924619435
