seed,rho,a_seed,eta,gamma,init_rho,valid_obj,valid_prob,test_obj,test_prob,time,valid_cover,test_cover,valid_in,test_in,avg_val,valid_cvar,test_cvar
20,1,20,0.3,1,1,-0.47701898362741907,0.0025,-0.5346907441125501,0.0,0.00034991,0.0,0.0,0.053904523024699856,0.0539045230245907,-0.8539810141806101,-0.32450137887435876,-0.3810627901649247
