seed,rho,a_seed,eta,gamma,init_rho,valid_obj,valid_prob,test_obj,test_prob,time,valid_cover,test_cover,valid_in,test_in,avg_val,valid_cvar,test_cvar
30,1,30,0.3,1,1,-0.5731258467909541,0.005,-0.5857208861304846,0.002,0.00038735,0.0,0.0,0.03937218334145689,0.03937218334145674,-0.9039383001082985,-0.37087155565764707,-0.4379445413004837
