seed,rho,a_seed,eta,gamma,init_rho,valid_obj,valid_prob,test_obj,test_prob,time,valid_cover,test_cover,valid_in,test_in,valid_avg,avg_val,valid_cvar,test_cvar
30,1,30,0.3,1,1,-0.4949514252757695,0.0,-0.5270484450099723,0.0,0.000376061,0.0,0.0,0.06599802343356227,0.06599802343349453,-0.7867085893496767,-0.8041332010275501,-0.38375335290219864,-0.3731883542220101
