seed,rho,a_seed,eta,gamma,init_rho,valid_obj,valid_prob,test_obj,test_prob,time,valid_cover,test_cover,valid_in,test_in,valid_avg,avg_val,valid_cvar,test_cvar
40,1,40,0.3,1,1,-0.577754263746277,0.005,-0.541432414069182,0.001,0.000405301,0.0,0.0,0.07444304714480697,0.07444304714480596,-0.7952793152500331,-0.8013236192625551,-0.3884371715383814,-0.4004211450947676
