seed,rho,a_seed,eta,gamma,init_rho,valid_obj,valid_prob,test_obj,test_prob,time,valid_cover,test_cover,valid_in,test_in,avg_val,valid_cvar,test_cvar
40,1,40,0.3,1,1,-0.5530003563656762,0.005,-0.5337398854204174,0.005,0.000437591,0.0,0.0,0.03199577950272699,0.03199577950272331,-0.9209694623224093,-0.3675899477831285,-0.36741925109546086
