seed,rho,a_seed,eta,gamma,init_rho,valid_obj,valid_prob,test_obj,test_prob,time,valid_cover,test_cover,valid_in,test_in,avg_val,valid_cvar,test_cvar
50,1,50,0.3,1,1,-0.48644573339860175,0.005,-0.5094390776864167,0.004,0.00039833,0.0,0.0,0.054490739962658796,0.05449073996264193,-0.8046680770383493,-0.29341052063814477,-0.3255878528522661
