seed,rho,a_seed,eta,gamma,init_rho,valid_obj,valid_prob,test_obj,test_prob,time,valid_cover,test_cover,valid_in,test_in,avg_val,valid_cvar,test_cvar
80,1,80,0.3,1,1,-0.5699073087648211,0.0,-0.5581810940617595,0.002,0.00035503,0.0,0.0,0.059985004836293994,0.059985004836299594,-0.8655433654197654,-0.44753009142228817,-0.42475568885513143
