seed,rho,a_seed,eta,gamma,init_rho,valid_obj,valid_prob,test_obj,test_prob,time,valid_cover,test_cover,valid_in,test_in,avg_val,valid_cvar,test_cvar
20,1,20,0.3,1,1,-0.4948225573436204,0.0025,-0.5430089393018818,0.0,0.00036801,0.0,0.0,0.06153988084120975,0.06153988084124198,-0.8580262466526332,-0.3400559405441818,-0.3977262717802003
