seed,rho,a_seed,eta,gamma,init_rho,valid_obj,valid_prob,test_obj,test_prob,time,valid_cover,test_cover,valid_in,test_in,valid_avg,avg_val,valid_cvar,test_cvar
40,1,40,0.3,1,1,-0.5750404980719945,0.005,-0.5463951494975641,0.001,0.000376751,0.0,0.0,0.07627678624070652,0.07627678624070602,-0.8010459190619652,-0.8029970155044834,-0.372049818868062,-0.3827318264550809
