seed,rho,a_seed,eta,gamma,init_rho,valid_obj,valid_prob,test_obj,test_prob,time,valid_cover,test_cover,valid_in,test_in,valid_avg,avg_val,valid_cvar,test_cvar
20,1,20,0.12,1,1,-0.6667437036773338,0.0,-0.6552360648033683,0.0,0.002450205,0.0,0.0,0.023562780100413648,0.023562780100412697,-0.8442864610236183,-0.8188397251178365,-0.5908062086245365,-0.5598484614183267
