seed,rho,a_seed,eta,gamma,init_rho,valid_obj,valid_prob,test_obj,test_prob,time,valid_cover,test_cover,valid_in,test_in,valid_avg,avg_val,valid_cvar,test_cvar
50,1,50,0.12,1,1,-0.6667727078725865,0.0,-0.6439058220182191,0.002,0.002433555,0.0,0.0,0.02275975388727555,0.022759753887271635,-0.8458608771631795,-0.8481011689494322,-0.5912683090923385,-0.5312100791578875
