seed,rho,a_seed,eta,gamma,init_rho,valid_obj,valid_prob,test_obj,test_prob,time,valid_cover,test_cover,valid_in,test_in,valid_avg,avg_val,valid_cvar,test_cvar
60,1,60,0.12,1,1,-0.6471374097589588,0.0,-0.6687423601894831,0.0,0.002233374,0.0,0.0,0.030076588833715934,0.030076588833711757,-0.8184614063273961,-0.8262864386941023,-0.5835785034743836,-0.6004972325066406
