seed,rho,a_seed,eta,gamma,init_rho,valid_obj,valid_prob,test_obj,test_prob,time,valid_cover,test_cover,valid_in,test_in,avg_val
30,1,30,0.15,1,1,-0.35134955928572803,0.0,-0.3394516489232899,0.002,0.00038817,0.0,0.0,-0.41399047604004247,-0.3953509761369899,-0.7957400118969672
