seed,rho,a_seed,eta,gamma,init_rho,valid_obj,valid_prob,test_obj,test_prob,time,valid_cover,test_cover,valid_in,test_in,avg_val
60,1,60,0.05,1,1,-0.5991535655773986,0.0,-0.5938052314918008,0.0,0.002214954,0.0,0.0,-0.5460703831012083,-0.538279774794421,-0.8607216186973153
