seed,rho,a_seed,eta,gamma,init_rho,valid_obj,valid_prob,test_obj,test_prob,time,valid_cover,test_cover,valid_in,test_in,avg_val
70,1,70,0.05,1,1,-0.5300742304486493,0.0,-0.5535400432643767,0.0,0.002332765,0.0,0.0,-0.4701480267741915,-0.4771062008448602,-0.8139763675675452
