seed,rho,a_seed,eta,gamma,init_rho,valid_obj,valid_prob,test_obj,test_prob,time,valid_cover,test_cover,valid_in,test_in,avg_val
90,1,90,0.05,1,1,-0.5777457457721589,0.0,-0.576488081847661,0.0,0.002453156,0.0,0.0,-0.5174151306142981,-0.5228104648694285,-0.8420106677530812
