seed,rho,a_seed,eta,gamma,init_rho,valid_obj,valid_prob,test_obj,test_prob,time,valid_cover,test_cover,valid_in,test_in,valid_avg,avg_val,valid_cvar,test_cvar
10,1,10,0.15,1,1,-0.5456585192642458,0.0,-0.5433964051247955,0.0,0.00043329,0.0,0.0,0.06333153279635594,0.06333153279635115,-0.8322669058254226,-0.8442018690093381,-0.4235663156442383,-0.41801659161085286
