seed,rho,a_seed,eta,gamma,init_rho,valid_obj,valid_prob,test_obj,test_prob,time,valid_cover,test_cover,valid_in,test_in,valid_avg,avg_val,valid_cvar,test_cvar
60,1,60,0.15,1,1,-0.5494756123660334,0.005,-0.5242386962659717,0.01,0.00042495,0.0,0.0,0.044007392190627354,0.04400739219061275,-0.8361701549284222,-0.853554571756586,-0.29331263463554375,-0.29519037272911847
