seed,rho,a_seed,eta,gamma,init_rho,valid_obj,valid_prob,test_obj,test_prob,time,valid_cover,test_cover,valid_in,test_in,valid_avg,avg_val,valid_cvar,test_cvar
70,1,70,0.15,1,1,-0.4954738062390441,0.015,-0.4939476084931912,0.006,0.00044318,0.0,0.0,0.058004297684385635,0.05800429768438028,-0.7841863814863532,-0.8366822345881129,-0.2209500107759762,-0.27783142520577503
