seed,rho,a_seed,eta,gamma,init_rho,valid_obj,valid_prob,test_obj,test_prob,time,valid_cover,test_cover,valid_in,test_in,valid_avg,avg_val,valid_cvar,test_cvar
90,1,90,0.15,1,1,-0.49867948829358205,0.01,-0.5660147872774288,0.0,0.000475179,0.0,0.0,0.05464923770837605,0.054649237708376146,-0.8113187055664077,-0.8437655164533842,-0.3036307496514192,-0.4098058506681272
