seed,rho,a_seed,eta,gamma,init_rho,valid_obj,valid_prob,test_obj,test_prob,time,valid_cover,test_cover,valid_in,test_in,avg_val,valid_cvar,test_cvar
0,1,0,0.3,1,1,-0.695252794313838,0.0,-0.700022156409074,0.0,0.002053982,0.0,0.0,0.001471634515254301,0.0014716345152541044,-0.9233677766670589,-0.5705178993988417,-0.5977909958568454
