seed,rho,a_seed,eta,gamma,init_rho,valid_obj,valid_prob,test_obj,test_prob,time,valid_cover,test_cover,valid_in,test_in,valid_avg,avg_val,valid_cvar,test_cvar
60,1,60,0.05,1,1,-0.6697296125052168,0.0,-0.6896933635521858,0.0,0.002130735,0.0,0.0,0.013343586711702375,0.01324598643952882,-0.8383571924367453,-0.8390991313261095,-0.6138444222102243,-0.6329231209280631
