seed,rho,a_seed,eta,gamma,init_rho,valid_obj,valid_prob,test_obj,test_prob,time,valid_cover,test_cover,valid_in,test_in,valid_avg,avg_val,valid_cvar,test_cvar
80,1,80,0.12,1,1,-0.7460722760786196,0.0,-0.7691792154869831,0.0,0.002135146,0.0,0.0,0.006750656138919087,0.006850147813173091,-0.8518521650109422,-0.8521120270990821,-0.6747087398297444,-0.7184013142716409
