seed,rho,a_seed,eta,gamma,init_rho,valid_obj,valid_prob,test_obj,test_prob,time,valid_cover,test_cover,valid_in,test_in,valid_avg,avg_val,valid_cvar,test_cvar
40,1,40,0.15,1,1,-0.5046110659653011,0.005,-0.4956486006607973,0.003,0.000782933,0.0,0.0,0.05680015613537915,0.05680015613531812,-0.8083614246056832,-0.8205522425210333,-0.3167958234608125,-0.32800765964156137
