seed,rho,a_seed,eta,gamma,init_rho,valid_obj,valid_prob,test_obj,test_prob,time,valid_cover,test_cover,valid_in,test_in,valid_avg,avg_val,valid_cvar,test_cvar
50,1,50,0.15,1,1,-0.5691499423591648,0.0,-0.5553004126850666,0.002,0.000744548,0.0,0.0,0.04386367007297204,0.043694776999046316,-0.7996626039075284,-0.7910794702710716,-0.456773013554009,-0.43122257773906025
