seed,rho,a_seed,eta,gamma,init_rho,valid_obj,valid_prob,test_obj,test_prob,time,valid_cover,test_cover,valid_in,test_in,valid_avg,avg_val,valid_cvar,test_cvar
70,1,70,0.15,1,1,-0.5178197406734132,0.005,-0.48628607743570296,0.002,0.000718696,0.0,0.0,0.07299793878188186,0.07299793878188014,-0.7949629927883826,-0.7936151806322773,-0.34916827656077304,-0.32261318610520756
