seed,rho,a_seed,eta,gamma,init_rho,valid_obj,valid_prob,test_obj,test_prob,time,valid_cover,test_cover,valid_in,test_in,avg_val
10,1,10,0.15,1,1,-0.5720374005317842,0.0,-0.5732823312292927,0.0,0.002441296,0.0,0.0,-0.6028303370893445,-0.603072465502924,-0.8262887830350512
