seed,rho,a_seed,eta,gamma,init_rho,valid_obj,valid_prob,test_obj,test_prob,time,valid_cover,test_cover,valid_in,test_in,avg_val
60,1,60,0.15,1,1,-0.5804289824189167,0.0,-0.5699685720528537,0.0,0.002249755,0.0,0.0,-0.6152346082002548,-0.6076857028737097,-0.871974906762202
