seed,rho,a_seed,eta,gamma,init_rho,valid_obj,valid_prob,test_obj,test_prob,time,valid_cover,test_cover,valid_in,test_in,avg_val,valid_cvar,test_cvar
50,1,50,0.15,1,1,-0.7006972733552572,0.0,-0.6639783850231968,0.0,0.002113963,0.0,0.0,0.008000270921546815,0.008000270921563116,-0.889085434871862,-0.5925435519063934,-0.5779094392187225
