seed,rho,a_seed,eta,gamma,init_rho,valid_obj,valid_prob,test_obj,test_prob,time,valid_cover,test_cover,valid_in,test_in,valid_avg,avg_val,valid_cvar,test_cvar
80,1,80,0.15,1,1,-0.7645451971804424,0.0,-0.7737502571246838,0.0,0.002113291,0.0,0.0,-0.012906523778055935,-0.012845832787224882,-0.8617304644591512,-0.8601685914628805,-0.634626834999385,-0.6540996218211195
