seed,rho,a_seed,eta,gamma,init_rho,valid_obj,valid_prob,test_obj,test_prob,time,valid_cover,test_cover,valid_in,test_in,avg_val
0,1,0,0.15,1,1,-0.5742435603253799,0.0,-0.5699755243733297,0.0,0.002392435,0.0,0.0,-0.6017484001706074,-0.6007021527238194,-0.8239615496657721
