seed,rho,a_seed,eta,gamma,init_rho,valid_obj,valid_prob,test_obj,test_prob,time,valid_cover,test_cover,valid_in,test_in,avg_val
30,1,30,0.15,1,1,-0.5681591044551553,0.0,-0.5206245228264922,0.0,0.002325155,0.0,0.0,-0.6019746693389665,-0.5691162689651879,-0.8359283830845851
