seed,rho,a_seed,eta,gamma,init_rho,valid_obj,valid_prob,test_obj,test_prob,time,valid_cover,test_cover,valid_in,test_in,avg_val
60,1,60,0.15,1,1,-0.5667932190395935,0.0,-0.5921629401816089,0.0,0.002336095,0.0,0.0,-0.5989829906264303,-0.6208173982899797,-0.8124819692663037
