seed,rho,a_seed,eta,gamma,init_rho,valid_obj,valid_prob,test_obj,test_prob,time,valid_cover,test_cover,valid_in,test_in,avg_val
90,1,90,0.15,1,1,-0.5471237265182635,0.0,-0.5492424934470392,0.0,0.002465076,0.0,0.0,-0.5844400072484822,-0.5851126901779643,-0.8151045679498506
