seed,rho,a_seed,eta,gamma,init_rho,valid_obj,valid_prob,test_obj,test_prob,time,valid_cover,test_cover,valid_in,test_in,valid_avg,avg_val,valid_cvar,test_cvar
10,1,10,0.15,1,1,-0.5807070629735985,0.0025,-0.5676123767258756,0.001,0.000376101,0.0,0.0,0.05127327760622698,0.05127327760620373,-0.8358139562384994,-0.8300996062074384,-0.4121051904023615,-0.42041513036290584
