seed,rho,a_seed,eta,gamma,init_rho,valid_obj,valid_prob,test_obj,test_prob,time,valid_cover,test_cover,valid_in,test_in,avg_val,valid_cvar,test_cvar
10,1,10,0.15,1,1,-0.6102826059771271,0.0,-0.6344544766763698,0.001,0.000421421,0.0,0.0,0.029066066056694186,0.028637642106896448,-0.9137297808785085,-0.4505442500928486,-0.49317141531609143
