seed,rho,a_seed,eta,gamma,init_rho,valid_obj,valid_prob,test_obj,test_prob,time,valid_cover,test_cover,valid_in,test_in,valid_avg,avg_val,valid_cvar,test_cvar
40,1,40,0.15,1,1,-0.6508566327019399,0.005,-0.5907258903526211,0.003,0.000419611,0.0,0.0,0.042280521867851195,0.042317408432661865,-0.8130362252172229,-0.806794116600785,-0.4180012692146387,-0.4258005003408423
