seed,rho,a_seed,eta,gamma,init_rho,valid_obj,valid_prob,test_obj,test_prob,time,valid_cover,test_cover,valid_in,test_in,avg_val,valid_cvar,test_cvar
40,1,40,0.15,1,1,-0.5519785881236117,0.005,-0.5452425637103152,0.005,0.00035483,0.0,0.0,0.016368561447362963,0.016368561447387277,-0.9264024783813507,-0.37293619912022663,-0.36916147901368357
