seed,rho,a_seed,eta,gamma,init_rho,valid_obj,valid_prob,test_obj,test_prob,time,valid_cover,test_cover,valid_in,test_in,avg_val,valid_cvar,test_cvar
70,1,70,0.15,1,1,-0.5696898031211542,0.005,-0.5452192799474052,0.006,0.0003626,0.0,0.0,0.04751714189650118,0.047517141896310296,-0.8741481773792013,-0.38761987707840356,-0.3559483070229388
