seed,rho,a_seed,eta,gamma,init_rho,valid_obj,valid_prob,test_obj,test_prob,time,valid_cover,test_cover,valid_in,test_in,valid_avg,avg_val,valid_cvar,test_cvar
30,1,30,0.15,1,1,-0.4773482484069274,0.0075,-0.5272273924094686,0.0,0.000767437,0.0,0.0,0.06174076483042199,0.06174076483042002,-0.7924960897760801,-0.8273541324807976,-0.3174997205850349,-0.3966580221750041
