seed,rho,a_seed,eta,gamma,init_rho,valid_obj,valid_prob,test_obj,test_prob,time,valid_cover,test_cover,valid_in,test_in,valid_avg,avg_val,valid_cvar,test_cvar
70,1,70,0.15,1,1,-0.5165985121506462,0.005,-0.48289140381939033,0.003,0.000761535,0.0,0.0,0.0740654499846229,0.07406544998465789,-0.7955881338774055,-0.7940618452120694,-0.34597423457789306,-0.3218177488332961
