seed,rho,a_seed,eta,gamma,init_rho,valid_obj,valid_prob,test_obj,test_prob,time,valid_cover,test_cover,valid_in,test_in,valid_avg,avg_val,valid_cvar,test_cvar
90,1,90,0.15,1,1,-0.532688625003268,0.0025,-0.5261344888761956,0.002,0.000724307,0.0,0.0,0.0633531423322596,0.06335314233226073,-0.813620308381414,-0.8112130780806189,-0.3875944067962452,-0.40309824887691087
