seed,rho,a_seed,eta,gamma,init_rho,valid_obj,valid_prob,test_obj,test_prob,time,valid_cover,test_cover,valid_in,test_in,valid_avg,avg_val,valid_cvar,test_cvar
90,1,90,0.12,1,1,-0.6541145633797691,0.0,-0.6876412636315541,0.0,0.002224945,0.0,0.0,0.01319312735483774,0.013971863909736686,-0.8375801422865766,-0.8448993824267167,-0.597071864813363,-0.6234318776978005
