seed,a_seed,nonrob_prob,nonrob_obj,scenario_probs,scenario_obj
1,1,0.8206743475379679,-5.12929830279764,0.02094577807518772,-3.4516080734509993
