seed,rho,a_seed,eta,gamma,init_rho,valid_obj,valid_prob,test_obj,test_prob,time,valid_cover,test_cover,valid_in,test_in,avg_val,valid_cvar,test_cvar
80,1,80,0.12,1,1,-0.5468715572543077,0.0,-0.5504811372718063,0.004,0.00043283,0.0,0.0,0.05755101130447491,0.057551011304461955,-0.8682045718117918,-0.38331702653447164,-0.38995921487353075
