seed,rho,a_seed,eta,gamma,init_rho,valid_obj,valid_prob,test_obj,test_prob,time,valid_cover,test_cover,valid_in,test_in,valid_avg,avg_val,valid_cvar,test_cvar
20,1,20,0.05,1,1,-0.6797258962712647,0.0,-0.6815842394846797,0.0,0.002323377,0.0,0.0,0.01589639076896018,0.015595144451145529,-0.8437709780239185,-0.844933559705069,-0.6055129309603381,-0.6057049227287952
