seed,rho,a_seed,eta,gamma,init_rho,valid_obj,valid_prob,test_obj,test_prob,time,valid_cover,test_cover,valid_in,test_in,valid_avg,avg_val,valid_cvar,test_cvar
30,1,30,0.05,1,1,-0.6580870603867157,0.0,-0.6769261611383998,0.0,0.002212927,0.0,0.0,0.010350983139450997,0.01081196297631608,-0.8389392730242717,-0.8518960113772925,-0.5893123516380688,-0.6087531468075067
