seed,rho,a_seed,eta,gamma,init_rho,valid_obj,valid_prob,test_obj,test_prob,time,valid_cover,test_cover,valid_in,test_in,valid_avg,avg_val,valid_cvar,test_cvar
40,1,40,0.05,1,1,-0.6798611216888373,0.0,-0.6770984376668451,0.0,0.002297987,0.0,0.0,0.01630440260801813,0.01664962524542283,-0.851148135571797,-0.8516577059709737,-0.6144819526248597,-0.5907335575742777
