seed,rho,a_seed,eta,gamma,init_rho,valid_obj,valid_prob,test_obj,test_prob,time,valid_cover,test_cover,valid_in,test_in,avg_val
0,1,0,0.12,1,1,-0.5592680337582089,0.0,-0.5485670780557335,0.0,0.002451936,0.0,0.0,-0.5742842609504739,-0.5629337754156217,-0.837826817280655
