seed,rho,a_seed,eta,gamma,init_rho,valid_obj,valid_prob,test_obj,test_prob,time,valid_cover,test_cover,valid_in,test_in,avg_val
30,1,30,0.12,1,1,-0.5124324674618398,0.0,-0.506226406735886,0.0,0.002558737,0.0,0.0,-0.5307380527159324,-0.5289517100689752,-0.8476758148488855
