seed,rho,a_seed,eta,gamma,init_rho,valid_obj,valid_prob,test_obj,test_prob,time,valid_cover,test_cover,valid_in,test_in,avg_val
40,1,40,0.12,1,1,-0.5241578167986631,0.0,-0.5100303670811765,0.0,0.002343635,0.0,0.0,-0.543189762180499,-0.5283165574677285,-0.8253219331049799
