seed,rho,a_seed,eta,gamma,init_rho,valid_obj,valid_prob,test_obj,test_prob,time,valid_cover,test_cover,valid_in,test_in,avg_val
50,1,50,0.12,1,1,-0.5341923650861703,0.0,-0.4999254748850819,0.0,0.002440106,0.0,0.0,-0.5520929631244293,-0.521423290405686,-0.833035274174566
