seed,rho,a_seed,eta,gamma,init_rho,valid_obj,valid_prob,test_obj,test_prob,time,valid_cover,test_cover,valid_in,test_in,avg_val
90,1,90,0.12,1,1,-0.49545662419498043,0.0,-0.4873877739326474,0.0,0.002146874,0.0,0.0,-0.5176546410832781,-0.5105466609365488,-0.8418680633322094
