seed,rho,a_seed,eta,gamma,init_rho,valid_obj,valid_prob,test_obj,test_prob,time,valid_cover,test_cover,valid_in,test_in,avg_val
0,1,0,0.2,1,1,-0.37779566566969286,0.0025,-0.39372744385427855,0.0,0.000410822,0.0,0.0,-0.49264595850234155,-0.4933047827970087,-0.8337780380542743
