seed,rho,a_seed,eta,gamma,init_rho,valid_obj,valid_prob,test_obj,test_prob,time,valid_cover,test_cover,valid_in,test_in,avg_val
10,1,10,0.2,1,1,-0.3618227668046213,0.0,-0.38228293878102515,0.001,0.000432603,0.0,0.0,-0.4769438103662069,-0.48014163117977676,-0.7972593228036097
