seed,rho,a_seed,eta,gamma,init_rho,valid_obj,valid_prob,test_obj,test_prob,time,valid_cover,test_cover,valid_in,test_in,avg_val
40,1,40,0.2,1,1,-0.2941277720856513,0.005,-0.33261134269802406,0.003,0.000411133,0.0,0.0,-0.43380627850803954,-0.4519285404529661,-0.8075580720055717
