seed,rho,a_seed,eta,gamma,init_rho,valid_obj,valid_prob,test_obj,test_prob,time,valid_cover,test_cover,valid_in,test_in,avg_val
60,1,60,0.2,1,1,-0.41137056372726266,0.0,-0.3874338256615728,0.001,0.000956117,0.0,0.0,-0.505981075888503,-0.4873223681775185,-0.8156995588113174
