seed,rho,a_seed,eta,gamma,init_rho,valid_obj,valid_prob,test_obj,test_prob,time,valid_cover,test_cover,valid_in,test_in,valid_avg,avg_val,valid_cvar,test_cvar
20,1,20,0.05,1,1,-0.49576049900606567,0.0025,-0.5204627529898092,0.001,0.000866196,0.0,0.0,0.06792877794527666,0.06792877794527082,-0.7970896483228459,-0.807102184890682,-0.3486481221190086,-0.37747887622817694
