seed,rho,a_seed,eta,gamma,init_rho,valid_obj,valid_prob,test_obj,test_prob,time,valid_cover,test_cover,valid_in,test_in,valid_avg,avg_val,valid_cvar,test_cvar
40,1,40,0.2,1,1,-0.6539981990376884,0.0,-0.6481587375200855,0.0,0.002267298,0.0,0.0,0.0264930650774191,0.026493065077413405,-0.844144399212665,-0.8425425319854264,-0.5570218386000066,-0.554172471717729
