seed,rho,a_seed,eta,gamma,init_rho,valid_obj,valid_prob,test_obj,test_prob,time,valid_cover,test_cover,valid_in,test_in,valid_avg,avg_val,valid_cvar,test_cvar
90,1,90,0.2,1,1,-0.6491051294686988,0.0,-0.6261496238369295,0.0,0.002234618,0.0,0.0,0.008694964825183248,0.008694964825182241,-0.8570602417215296,-0.8514456413375207,-0.5388449802833163,-0.5378530014013343
