seed,rho,a_seed,eta,gamma,init_rho,valid_obj,valid_prob,test_obj,test_prob,time,valid_cover,test_cover,valid_in,test_in,avg_val
0,1,0,0.12,1,1,-0.36579724500278366,0.005,-0.37346894727654245,0.0,0.000432383,0.0,0.0,-0.39869602958201567,-0.4016755262149991,-0.8352318063181062
