seed,rho,a_seed,eta,gamma,init_rho,valid_obj,valid_prob,test_obj,test_prob,time,valid_cover,test_cover,valid_in,test_in,avg_val
10,1,10,0.12,1,1,-0.4178594443319651,0.0,-0.42836705085486493,0.001,0.000382642,0.0,0.0,-0.445775436831991,-0.4505352517969065,-0.8215785767475202
