seed,rho,a_seed,eta,gamma,init_rho,valid_obj,valid_prob,test_obj,test_prob,time,valid_cover,test_cover,valid_in,test_in,avg_val
30,1,30,0.12,1,1,-0.2994177097457534,0.0,-0.32155282638385585,0.001,0.000408583,0.0,0.0,-0.33012063224885707,-0.351648632871937,-0.817733781983693
