seed,rho,a_seed,eta,gamma,init_rho,valid_obj,valid_prob,test_obj,test_prob,time,valid_cover,test_cover,valid_in,test_in,avg_val
0,1,0,0.05,1,1,-0.34670622148851005,0.005,-0.39495244550013603,0.002,0.000404941,0.0,0.0,-0.20731454479953598,-0.29057704401886403,-0.8346240921609278
