seed,rho,a_seed,eta,gamma,init_rho,valid_obj,valid_prob,test_obj,test_prob,time,valid_cover,test_cover,valid_in,test_in,avg_val
30,1,30,0.05,1,1,-0.39159734742988334,0.0,-0.3666607576179574,0.006,0.0004055,0.0,0.0,-0.314346046040431,-0.26243692919248335,-0.8106509596725964
