seed,rho,a_seed,eta,gamma,init_rho,valid_obj,valid_prob,test_obj,test_prob,time,valid_cover,test_cover,valid_in,test_in,avg_val
90,1,90,0.05,1,1,-0.31768530058800204,0.0,-0.3651985873501734,0.002,0.000379731,0.0,0.0,-0.20941610235254432,-0.26905332254179926,-0.8136881604546049
