outer_iter,context_val,seed,alpha,eps,test_lcx_prob,test_lcx_obj,valid_lcx_prob,valid_lcx_obj,time,in_val,test_avg,valid_avg
26,14,0,0.1,0.1,0.0,-0.5274648348045627,0.0,-0.5725038782416441,13171.423006772995,0.39249483918328754,-0.8483853487106829,-0.793884382026781
