outer_iter,context_val,seed,alpha,eps,test_lcx_prob,test_lcx_obj,valid_lcx_prob,valid_lcx_obj,time,in_val,test_avg,valid_avg
23,16,0,0.1,0.1,0.0,-0.27506494073705035,0.0,-0.22892699189284216,12844.77319073677,0.408448368837357,-0.7711768632802446,-0.7533069141881037
