outer_iter,context_val,seed,alpha,eps,test_lcx_prob,test_lcx_obj,valid_lcx_prob,valid_lcx_obj,time,in_val,test_avg,valid_avg
30,19,0,0.1,0.1,0.0,-0.3954741643554583,0.0,-0.5629385047754174,9826.081206798553,0.23292916201685046,-0.9011604336503154,-0.9006990252540069
