outer_iter,context_val,seed,alpha,eps,test_lcx_prob,test_lcx_obj,valid_lcx_prob,valid_lcx_obj,time,in_val,test_avg,valid_avg,test_lcx_cvar,valid_lcx_cvar
27,2,0,0.1,0.1,0.0,-0.487664218945672,0.0,-0.28202376480234076,15165.413060188293,0.4089789886430881,-0.8484027197442735,-0.8193638486012925,-0.3003866182193692,-0.27167955001501476
