outer_iter,context_val,seed,alpha,eps,test_lcx_prob,test_lcx_obj,valid_lcx_prob,valid_lcx_obj,time,in_val,test_avg,valid_avg
26,0,10,0.1,0.1,0.0,-0.4709861478038281,0.0,-0.6476093368482101,15435.789928913116,0.44173290677050786,-0.8330953274774044,-0.7904586355709755
