outer_iter,context_val,seed,alpha,eps,test_lcx_prob,test_lcx_obj,valid_lcx_prob,valid_lcx_obj,time,in_val,test_avg,valid_avg,test_lcx_cvar,valid_lcx_cvar
33,12,10,0.1,0.1,0.02127659574468085,-0.37835170043404015,0.0,-0.48632307930370083,16404.46866130829,0.31868050740760767,-0.7317470944751876,-0.7807643465680478,-0.057141407484791316,-0.46762696470381754
