outer_iter,context_val,seed,alpha,eps,test_lcx_prob,test_lcx_obj,valid_lcx_prob,valid_lcx_obj,time,in_val,test_avg,valid_avg,test_lcx_cvar,valid_lcx_cvar
29,19,10,0.1,0.1,0.0,-0.5316643762008045,0.0,-0.5677953603782456,8864.098338365555,0.32673878965920927,-0.7975815245429007,-0.8458016485801612,-0.3802942822151402,-0.4990676587258734
