outer_iter,context_val,seed,alpha,eps,test_lcx_prob,test_lcx_obj,valid_lcx_prob,valid_lcx_obj,time,in_val,test_avg,valid_avg,test_lcx_cvar,valid_lcx_cvar
31,1,10,0.1,0.1,0.0,-0.39265535395758533,0.0,-0.243575058053004,29494.407009124756,0.275876429383627,-0.7958376852371013,-0.7367372332302896,-0.28487319061094013,-0.15805990800541236
