outer_iter,context_val,seed,alpha,eps,test_lcx_prob,test_lcx_obj,valid_lcx_prob,valid_lcx_obj,time,in_val,test_avg,valid_avg,test_lcx_cvar,valid_lcx_cvar
34,4,10,0.1,0.1,0.0,-0.1678306889904264,0.0,-0.2678441439154211,14319.034462213516,0.38044751065338395,-0.7015583184639923,-0.7247900475894091,-0.03214807990173831,-0.0942555219448712
