outer_iter,context_val,seed,alpha,eps,test_lcx_prob,test_lcx_obj,valid_lcx_prob,valid_lcx_obj,time,in_val,test_avg,valid_avg,test_lcx_cvar,valid_lcx_cvar
33,12,20,0.1,0.1,0.0,-0.42907508236259395,0.0,-0.7133057336591659,12886.344296216965,0.3456954865920623,-0.7895213706801852,-0.943092455354939,-0.3512323369572058,-0.6711433238855855
