outer_iter,context_val,seed,alpha,eps,test_lcx_prob,test_lcx_obj,valid_lcx_prob,valid_lcx_obj,time,in_val,test_avg,valid_avg,test_lcx_cvar,valid_lcx_cvar
28,17,20,0.1,0.1,0.0,-0.42727898398216946,0.0,-0.3181397239300557,15132.008677482605,0.39929664347406135,-0.8792459516508114,-0.8062133188810306,-0.3591281858114649,-0.2862550344505634
