outer_iter,context_val,seed,alpha,eps,test_lcx_prob,test_lcx_obj,valid_lcx_prob,valid_lcx_obj,time,in_val,test_avg,valid_avg,test_lcx_cvar,valid_lcx_cvar
25,2,20,0.1,0.1,0.020833333333333332,-0.46350791153173443,0.0,-0.3265233511774426,13234.769901275635,0.31003771438834016,-0.7373480247852839,-0.8446026839604075,-0.12297130598285737,-0.18310248694919184
