outer_iter,context_val,seed,alpha,eps,test_lcx_prob,test_lcx_obj,valid_lcx_prob,valid_lcx_obj,time,in_val,test_avg,valid_avg,test_lcx_cvar,valid_lcx_cvar
26,11,30,0.1,0.1,0.0,-0.46236134527190476,0.0,-0.39519909095854994,14404.501748085022,0.43020671374040237,-0.7614951693882537,-0.8270665714153272,-0.33848242249468585,-0.263986468317485
