outer_iter,context_val,seed,alpha,eps,test_lcx_prob,test_lcx_obj,valid_lcx_prob,valid_lcx_obj,time,in_val,test_avg,valid_avg,test_lcx_cvar,valid_lcx_cvar
25,13,30,0.1,0.1,0.01694915254237288,-0.43126416839372145,0.0,-0.6241230422308496,7674.186425924301,0.19444521068389223,-0.8035853422912296,-0.7885646406180106,-0.2693165806020289,-0.3132793127034546
