outer_iter,context_val,seed,alpha,eps,test_lcx_prob,test_lcx_obj,valid_lcx_prob,valid_lcx_obj,time,in_val,test_avg,valid_avg
25,15,30,0.1,0.1,0.0,-0.18787348186043026,0.0,-0.3683631752077719,13135.235443353653,0.3391570294111809,-0.7752479060867954,-0.7725556813158652
