outer_iter,context_val,seed,alpha,eps,test_lcx_prob,test_lcx_obj,valid_lcx_prob,valid_lcx_obj,time,in_val,test_avg,valid_avg
25,13,30,0.1,0.1,0.01694915254237288,-0.2693165806020289,0.0,-0.3132793127034546,8512.921590805054,0.19444521068389223,-0.8035853422912296,-0.7885646406180106
