outer_iter,context_val,seed,alpha,eps,test_lcx_prob,test_lcx_obj,valid_lcx_prob,valid_lcx_obj,time,in_val,test_avg,valid_avg,test_lcx_cvar,valid_lcx_cvar
30,3,30,0.1,0.1,0.0,-0.5053050271855059,0.0,-0.28910848497491953,13706.274503707886,0.28071588582371404,-0.8134406163912796,-0.7377788268757215,-0.37918715625488364,-0.20106959305297828
