outer_iter,context_val,seed,alpha,eps,test_lcx_prob,test_lcx_obj,valid_lcx_prob,valid_lcx_obj,time,in_val,test_avg,valid_avg,test_lcx_cvar,valid_lcx_cvar
26,7,30,0.1,0.1,0.0,-0.4971715398432984,0.0,-0.4740404293296415,12578.944967746735,0.519543486444289,-0.853166436610592,-0.8485247283560008,-0.08561533099600219,-0.425331944789765
