outer_iter,context_val,seed,alpha,eps,test_lcx_prob,test_lcx_obj,valid_lcx_prob,valid_lcx_obj,time,in_val,test_avg,valid_avg
27,9,30,0.1,0.1,0.0,-0.3407909762535999,0.0,-0.36725164162410584,12771.858318805695,0.37312022718513893,-0.7977688813011808,-0.7767573916410153
