outer_iter,context_val,seed,alpha,eps,test_lcx_prob,test_lcx_obj,valid_lcx_prob,valid_lcx_obj,time,in_val,test_avg,valid_avg,test_lcx_cvar,valid_lcx_cvar
13,18,40,0.1,0.1,0.0,-0.4324545237169741,0.0,-0.5680185341560771,7292.7315809726715,0.300486914313247,-0.8063872209125692,-0.9513108907820678,-0.1602234195848621,-0.3950960826915999
