outer_iter,context_val,seed,alpha,eps,test_lcx_prob,test_lcx_obj,valid_lcx_prob,valid_lcx_obj,time,in_val,test_avg,valid_avg
19,15,40,0.1,0.1,0.0,-0.10800629155090831,0.0,-0.3231452403864501,9565.034981012344,0.34565935674687015,-0.7817634301354189,-0.838640384110739
