outer_iter,context_val,seed,alpha,eps,test_lcx_prob,test_lcx_obj,valid_lcx_prob,valid_lcx_obj,time,in_val,test_avg,valid_avg,test_lcx_cvar,valid_lcx_cvar
23,10,40,0.1,0.1,0.0,-0.5699885756424476,0.0,-0.6910848114928296,11944.486916542053,0.4299279525738037,-0.8358800772864787,-0.8619010285844892,-0.4737101580200756,-0.4011688087120681
