outer_iter,context_val,seed,alpha,eps,test_lcx_prob,test_lcx_obj,valid_lcx_prob,valid_lcx_obj,time,in_val,test_avg,valid_avg
28,16,50,0.1,0.1,0.0,-0.3678022888271625,0.0,-0.2197591877975952,13266.249329805374,0.38864248117918426,-0.7860066480805877,-0.8295613286414636
