outer_iter,context_val,seed,alpha,eps,test_lcx_prob,test_lcx_obj,valid_lcx_prob,valid_lcx_obj,time,in_val,test_avg,valid_avg,test_lcx_cvar,valid_lcx_cvar
33,11,50,0.1,0.1,0.0,-0.3995906634401085,0.0,-0.5730719354993749,16239.71359705925,0.3937722888299379,-0.7754133524671838,-0.8563531372423455,-0.3204773912778559,-0.4743764868680062
