outer_iter,context_val,seed,alpha,eps,test_lcx_prob,test_lcx_obj,valid_lcx_prob,valid_lcx_obj,time,in_val,test_avg,valid_avg
26,18,50,0.1,0.1,0.0,-0.4373179926936053,0.0,-0.4028586725401828,12116.131905317307,0.35281414224861835,-0.8119484190227512,-0.786519008263545
