outer_iter,context_val,seed,alpha,eps,test_lcx_prob,test_lcx_obj,valid_lcx_prob,valid_lcx_obj,time,in_val,test_avg,valid_avg,test_lcx_cvar,valid_lcx_cvar
27,17,50,0.1,0.1,0.0,-0.48922477687790117,0.0,-0.3797378730477409,13396.540786743164,0.4189071066057804,-0.8249973397843171,-0.7373476617346291,-0.4589178045805979,-0.10592124696882747
