outer_iter,context_val,seed,alpha,eps,test_lcx_prob,test_lcx_obj,valid_lcx_prob,valid_lcx_obj,time,in_val,test_avg,valid_avg,test_lcx_cvar,valid_lcx_cvar
25,2,50,0.1,0.1,0.020833333333333332,-0.5321182065699149,0.0,-0.6751638463943916,12724.677567243576,0.26418922246111143,-0.7398745355084819,-0.8149110617236345,-0.11626445061068502,-0.6262897023080795
