outer_iter,context_val,seed,alpha,eps,test_lcx_prob,test_lcx_obj,valid_lcx_prob,valid_lcx_obj,time,in_val,test_avg,valid_avg
25,2,50,0.1,0.1,0.020833333333333332,-0.11626445061068502,0.0,-0.6262897023080795,12533.191314220428,0.26418922246111143,-0.7398745355084819,-0.8149110617236345
