outer_iter,context_val,seed,alpha,eps,test_lcx_prob,test_lcx_obj,valid_lcx_prob,valid_lcx_obj,time,in_val,test_avg,valid_avg,test_lcx_cvar,valid_lcx_cvar
22,8,50,0.1,0.1,0.022222222222222223,-0.5680380872755062,0.0,-0.6775295603131737,13078.101380825043,0.2487111354316607,-0.7834382078696913,-0.8112674741944571,-0.25553829408470996,-0.6632779655090978
