outer_iter,context_val,seed,alpha,eps,test_lcx_prob,test_lcx_obj,valid_lcx_prob,valid_lcx_obj,time,in_val,test_avg,valid_avg
31,10,60,0.1,0.1,0.0,-0.36167238320496575,0.0,-0.3323701051584259,17209.72278881073,0.42284872663195655,-0.7692266123343452,-0.7264971871719719
