outer_iter,context_val,seed,alpha,eps,test_lcx_prob,test_lcx_obj,valid_lcx_prob,valid_lcx_obj,time,in_val,test_avg,valid_avg,test_lcx_cvar,valid_lcx_cvar
23,16,60,0.1,0.1,0.0,-0.5212435064727883,0.0,-0.48847786768658275,12156.47205376625,0.3198510596503012,-0.817901788134915,-0.8288622955793015,-0.45129803487128217,-0.36246422031572056
