outer_iter,context_val,seed,alpha,eps,test_lcx_prob,test_lcx_obj,valid_lcx_prob,valid_lcx_obj,time,in_val,test_avg,valid_avg
23,12,60,0.1,0.1,0.0,-0.10803324171522358,0.0,-0.47829133265088586,12222.59273982048,0.3781053068739605,-0.7424734017046751,-0.8643512628358447
