outer_iter,context_val,seed,alpha,eps,test_lcx_prob,test_lcx_obj,valid_lcx_prob,valid_lcx_obj,time,in_val,test_avg,valid_avg
24,3,60,0.1,0.1,0.0,-0.4355392785390236,0.0,-0.5703401845134015,10832.36566567421,0.2948708269251329,-0.8413717177588492,-0.8334869577072921
