outer_iter,context_val,seed,alpha,eps,test_lcx_prob,test_lcx_obj,valid_lcx_prob,valid_lcx_obj,time,in_val,test_avg,valid_avg,test_lcx_cvar,valid_lcx_cvar
24,5,60,0.1,0.1,0.0,-0.538912324314266,0.0,-0.471857151994142,10504.834150075912,0.40739024924448625,-0.812407661852397,-0.7267670637153392,-0.4238794452378092,-0.16496107484257588
