outer_iter,context_val,seed,alpha,eps,test_lcx_prob,test_lcx_obj,valid_lcx_prob,valid_lcx_obj,time,in_val,test_avg,valid_avg
24,5,60,0.1,0.1,0.0,-0.4238794452378092,0.0,-0.16496107484257588,10829.825181007385,0.40739024924448625,-0.812407661852397,-0.7267670637153392
