outer_iter,context_val,seed,alpha,eps,test_lcx_prob,test_lcx_obj,valid_lcx_prob,valid_lcx_obj,time,in_val,test_avg,valid_avg,test_lcx_cvar,valid_lcx_cvar
20,6,60,0.1,0.1,0.0,-0.38966559729289807,0.047619047619047616,-0.5424586107800267,8467.833599328995,0.351722756701087,-0.7803373458459608,-0.8007274001620678,-0.25301826976729686,-0.05023152748321288
