outer_iter,context_val,seed,alpha,eps,test_lcx_prob,test_lcx_obj,valid_lcx_prob,valid_lcx_obj,time,in_val,test_avg,valid_avg,test_lcx_cvar,valid_lcx_cvar
21,7,60,0.1,0.1,0.0,-0.5412554452204621,0.0,-0.4617280440662953,10026.330748319626,0.2194023510044924,-0.8838993527462711,-0.868231120636758,-0.4246110759550975,-0.3794232210881299
