outer_iter,context_val,seed,alpha,eps,test_lcx_prob,test_lcx_obj,valid_lcx_prob,valid_lcx_obj,time,in_val,test_avg,valid_avg,test_lcx_cvar,valid_lcx_cvar
18,9,60,0.1,0.1,0.0,-0.5101389543237342,0.0,-0.4786826928169131,9049.200261116028,0.37657161752220614,-0.8501836384152652,-0.7892876573016816,-0.3868876835569736,-0.24225985564252908
