outer_iter,context_val,seed,alpha,eps,test_lcx_prob,test_lcx_obj,valid_lcx_prob,valid_lcx_obj,time,in_val,test_avg,valid_avg
31,0,70,0.1,0.1,0.0,-0.3116889689500709,0.0,-0.3667762281891961,16668.38735628128,0.26650103458997787,-0.858780007246616,-0.727791161016148
