outer_iter,context_val,seed,alpha,eps,test_lcx_prob,test_lcx_obj,valid_lcx_prob,valid_lcx_obj,time,in_val,test_avg,valid_avg,test_lcx_cvar,valid_lcx_cvar
22,14,70,0.1,0.1,0.0,-0.6110971551682319,0.0,-0.40529762128919566,13123.87755560875,0.3678771705540269,-0.8825025552962242,-0.7586429592195187,-0.5541808911573428,-0.39795595355069413
