outer_iter,context_val,seed,alpha,eps,test_lcx_prob,test_lcx_obj,valid_lcx_prob,valid_lcx_obj,time,in_val,test_avg,valid_avg,test_lcx_cvar,valid_lcx_cvar
27,15,70,0.1,0.1,0.02040816326530612,-0.355009750944278,0.0,-0.4441234522332083,9500.154468536377,0.25532434159676803,-0.727610563283577,-0.7659741167674932,0.030706656309511714,-0.3128690539822896
