outer_iter,context_val,seed,alpha,eps,test_lcx_prob,test_lcx_obj,valid_lcx_prob,valid_lcx_obj,time,in_val,test_avg,valid_avg,test_lcx_cvar,valid_lcx_cvar
26,3,70,0.1,0.1,0.0,-0.4699008882644148,0.0,-0.24322926028253042,12323.766675710678,0.20955119985476575,-0.8535843355797988,-0.7712131729016825,-0.24916479067202135,-0.19191210672724876
