outer_iter,context_val,seed,alpha,eps,test_lcx_prob,test_lcx_obj,valid_lcx_prob,valid_lcx_obj,time,in_val,test_avg,valid_avg,test_lcx_cvar,valid_lcx_cvar
35,9,70,0.1,0.1,0.0,-0.5720381735489873,0.0,-0.4311353749361851,15142.37808394432,0.2901184683131566,-0.7775241752144456,-0.740818102683072,-0.3507965215226357,-0.12067162527785333
