outer_iter,context_val,seed,alpha,eps,test_lcx_prob,test_lcx_obj,valid_lcx_prob,valid_lcx_obj,time,in_val,test_avg,valid_avg
33,13,80,0.1,0.1,0.0,-0.40293547820177794,0.0,-0.33239880138549466,9565.169634342194,0.28974762600728043,-0.8090382391412556,-0.8575770722140424
