outer_iter,context_val,seed,alpha,eps,test_lcx_prob,test_lcx_obj,valid_lcx_prob,valid_lcx_obj,time,in_val,test_avg,valid_avg,test_lcx_cvar,valid_lcx_cvar
32,4,80,0.1,0.1,0.017857142857142856,-0.33222425985772075,0.0,-0.5671662152898922,11694.636537313461,0.3337983016730808,-0.766583706981509,-0.7728224182853254,-0.0368486210409009,-0.45414222540455707
