outer_iter,context_val,seed,alpha,eps,test_lcx_prob,test_lcx_obj,valid_lcx_prob,valid_lcx_obj,time,in_val,test_avg,valid_avg,test_lcx_cvar,valid_lcx_cvar
27,9,80,0.1,0.1,0.0,-0.5907083618905039,0.0,-0.38627193119907033,11046.745187997818,0.3054126114700916,-0.8694082177362474,-0.809193694359635,-0.47756846516652046,-0.2854656902977093
