outer_iter,context_val,seed,alpha,eps,test_lcx_prob,test_lcx_obj,valid_lcx_prob,valid_lcx_obj,time,in_val,test_avg,valid_avg
22,19,90,0.1,0.1,0.0,-0.3926743103448154,0.0,-0.24505488999165403,8366.864614248276,0.3651743043852497,-0.8598889066373454,-0.801091725973461
