outer_iter,context_val,seed,alpha,eps,test_lcx_prob,test_lcx_obj,valid_lcx_prob,valid_lcx_obj,time,in_val,test_avg,valid_avg
21,16,90,0.1,0.1,0.0,-0.4944609217981918,0.0,-0.4483919282748605,13297.379174470901,0.3622423535852752,-0.8493610829995845,-0.80719634906912
