outer_iter,context_val,seed,alpha,eps,test_lcx_prob,test_lcx_obj,valid_lcx_prob,valid_lcx_obj,time,in_val,test_avg,valid_avg
30,10,90,0.1,0.1,0.0,-0.38459602910404556,0.0,-0.1683921721231482,12822.298886537552,0.34228829479668316,-0.8665052416063663,-0.8918647389956905
