outer_iter,context_val,seed,alpha,eps,test_lcx_prob,test_lcx_obj,valid_lcx_prob,valid_lcx_obj,time,in_val,test_avg,valid_avg,test_lcx_cvar,valid_lcx_cvar
21,16,90,0.1,0.1,0.0,-0.6006439240704184,0.0,-0.46439804381691463,13204.062847614288,0.3622423535852752,-0.8493610829995845,-0.80719634906912,-0.4944609217981918,-0.4483919282748605
