outer_iter,context_val,seed,alpha,eps,test_lcx_prob,test_lcx_obj,valid_lcx_prob,valid_lcx_obj,time,in_val,test_avg,valid_avg,test_lcx_cvar,valid_lcx_cvar
29,3,90,0.1,0.1,0.0,-0.5339197471391377,0.0,-0.4720773929213124,14114.564457416534,0.39476566222233056,-0.8036439685850617,-0.8061652324103455,-0.4101414206590362,-0.38065589547067136
