seed,rho,a_seed,eta,gamma,init_rho,valid_obj,valid_prob,test_obj,test_prob,time,valid_cover,test_cover,valid_in,test_in,valid_avg,avg_val,valid_cvar,test_cvar
10,1,10,0.05,1,1,-0.6515433212144028,0.0,-0.6414991450442683,0.0,0.002295627,0.0,0.0,0.024214720143598392,0.024214720143594538,-0.8206806137206445,-0.8212012410226914,-0.5900483602797164,-0.5723050553126429
