seed,rho,a_seed,eta,gamma,init_rho,valid_obj,valid_prob,test_obj,test_prob,time,valid_cover,test_cover,valid_in,test_in,valid_avg,avg_val,valid_cvar,test_cvar
30,1,30,0.05,1,1,-0.6482715744594898,0.0,-0.6308789354507138,0.0,0.002094398,0.0,0.0,0.01583404697947138,0.015834046979472775,-0.8123865504462201,-0.8172070731344149,-0.553820154273337,-0.547338337490553
