seed,rho,a_seed,eta,gamma,init_rho,valid_obj,valid_prob,test_obj,test_prob,time,valid_cover,test_cover,valid_in,test_in,valid_avg,avg_val,valid_cvar,test_cvar
90,1,90,0.05,1,1,-0.6511852980352357,0.0,-0.6293329089393844,0.0,0.002072478,0.0,0.0,0.016514899936340425,0.016514899936352082,-0.8306676521949393,-0.8244920584958941,-0.5388360229615891,-0.5348663649672665
