seed,rho,a_seed,eta,gamma,init_rho,valid_obj,valid_prob,test_obj,test_prob,time,valid_cover,test_cover,valid_in,test_in,avg_val,valid_cvar,test_cvar
60,1,60,0.2,1,1,-0.7296970742785518,0.0025,-0.684092388771695,0.002,0.002096062,0.0,0.0,-0.01932319853316836,-0.018413563138658093,-0.922261181489751,-0.5804490909503576,-0.5418503739725274
