seed,rho,a_seed,eta,gamma,init_rho,valid_obj,valid_prob,test_obj,test_prob,time,valid_cover,test_cover,valid_in,test_in,valid_avg,avg_val,valid_cvar,test_cvar
60,1,60,0.2,1,1,-0.746502679659659,0.0,-0.7333312545765461,0.0,0.002314652,0.0,0.0,0.005422580167847757,0.00508628832517123,-0.8567687158347462,-0.8472337898908295,-0.6630635022766951,-0.6385553545053462
