seed,rho,a_seed,eta,gamma,init_rho,valid_obj,valid_prob,test_obj,test_prob,time,valid_cover,test_cover,valid_in,test_in,avg_val
10,1,10,0.2,1,1,-0.5529182024961409,0.0,-0.5499700043854427,0.0,0.002176065,0.0,0.0,-0.615225525463254,-0.6062410619998412,-0.8212071848492537
