seed,rho,a_seed,eta,gamma,init_rho,valid_obj,valid_prob,test_obj,test_prob,time,valid_cover,test_cover,valid_in,test_in,avg_val
50,1,50,0.2,1,1,-0.537147843348212,0.0,-0.509560623117279,0.0,0.002419275,0.0,0.0,-0.6060858443942239,-0.5919541161087996,-0.8479355285348685
