seed,rho,a_seed,eta,gamma,init_rho,valid_obj,valid_prob,test_obj,test_prob,time,valid_cover,test_cover,valid_in,test_in,avg_val
0,1,0,0.2,1,1,-0.5548502092804367,0.0,-0.5614370834505614,0.0,0.002272454,0.0,0.0,-0.6249647638503512,-0.6245650184730726,-0.8584352033422407
