seed,rho,a_seed,eta,gamma,init_rho,valid_obj,valid_prob,test_obj,test_prob,time,valid_cover,test_cover,valid_in,test_in,avg_val
70,1,70,0.2,1,1,-0.4718018337664205,0.0,-0.4788164272111548,0.0,0.002367605,0.0,0.0,-0.5530510322382884,-0.5627278565296165,-0.8010840804216887
