seed,rho,a_seed,eta,gamma,init_rho,valid_obj,valid_prob,test_obj,test_prob,time,valid_cover,test_cover,valid_in,test_in,valid_avg,avg_val,valid_cvar,test_cvar
80,1,80,0.3,1,1,-0.6594501596238196,0.0,-0.6692198641010921,0.0,0.002257765,0.0,0.0,0.02512445241427895,0.025124452414275526,-0.8460773051519029,-0.8468987775359308,-0.5877836933745342,-0.5652837668203261
