seed,rho,a_seed,eta,gamma,init_rho,valid_obj,valid_prob,test_obj,test_prob,time,valid_cover,test_cover,valid_in,test_in,valid_avg,avg_val,valid_cvar,test_cvar
0,1,0,0.05,1,1,-0.5665049379191858,0.0,-0.5796698335664834,0.0,0.000850501,0.0,0.0,0.05040643356830207,0.0503585563411623,-0.8492347372387635,-0.8469428147940445,-0.4614055961066986,-0.4529917755877653
