seed,rho,a_seed,eta,gamma,init_rho,valid_obj,valid_prob,test_obj,test_prob,time,valid_cover,test_cover,valid_in,test_in,valid_avg,avg_val,valid_cvar,test_cvar
10,1,10,0.05,1,1,-0.5692472111788813,0.0,-0.5521705969478661,0.0,0.000922859,0.0,0.0,0.04117194966445432,0.04131939171042049,-0.8111478705787039,-0.8192196318806737,-0.46259756305882993,-0.4528661338048976
