seed,rho,a_seed,eta,gamma,init_rho,valid_obj,valid_prob,test_obj,test_prob,time,valid_cover,test_cover,valid_in,test_in,valid_avg,avg_val,valid_cvar,test_cvar
30,1,30,0.05,1,1,-0.46343949735679113,0.0,-0.4605734661241542,0.004,0.000862712,0.0,0.0,0.05741599398565009,0.05741599398565582,-0.8218599385031251,-0.7948897014042964,-0.3389942000690067,-0.327675085663828
