seed,rho,a_seed,eta,gamma,init_rho,valid_obj,valid_prob,test_obj,test_prob,time,valid_cover,test_cover,valid_in,test_in,valid_avg,avg_val,valid_cvar,test_cvar
40,1,40,0.05,1,1,-0.5104694369495727,0.005,-0.5350934919920766,0.008,0.000759204,0.0,0.0,0.035478527247869124,0.0349779862678946,-0.7882700709256588,-0.8020195394296533,-0.36174102223854687,-0.31055848819077353
