seed,rho,a_seed,eta,gamma,init_rho,valid_obj,valid_prob,test_obj,test_prob,time,valid_cover,test_cover,valid_in,test_in,valid_avg,avg_val,valid_cvar,test_cvar
70,1,70,0.05,1,1,-0.40000432562051486,0.0,-0.49221544898454006,0.004,0.000772466,0.0,0.0,0.07253891753669386,0.07253891753668604,-0.7620805316213679,-0.8069933913850328,-0.23900203483291813,-0.32965413434654145
