seed,rho,a_seed,eta,gamma,init_rho,valid_obj,valid_prob,test_obj,test_prob,time,valid_cover,test_cover,valid_in,test_in,avg_val
0,1,0,0.3,1,1,-0.4025549972028448,0.005,-0.4307357879394419,0.0,0.00050074,0.0,0.0,-0.5481327185227074,-0.589968469159821,-0.851144402076197
