seed,rho,a_seed,eta,gamma,init_rho,valid_obj,valid_prob,test_obj,test_prob,time,valid_cover,test_cover,valid_in,test_in,avg_val
10,1,10,0.3,1,1,-0.37458545218260175,0.0,-0.32164239854304294,0.002,0.0003488,0.0,0.0,-0.5725819071402435,-0.5258102350818615,-0.8428139152126611
