seed,rho,a_seed,eta,gamma,init_rho,valid_obj,valid_prob,test_obj,test_prob,time,valid_cover,test_cover,valid_in,test_in,avg_val
30,1,30,0.3,1,1,-0.3781512600357073,0.0,-0.3465057057724206,0.006,0.00036872,0.0,0.0,-0.5372490392111607,-0.5113890319865986,-0.8277389355955483
