seed,rho,a_seed,eta,gamma,init_rho,valid_obj,valid_prob,test_obj,test_prob,time,valid_cover,test_cover,valid_in,test_in,avg_val
60,1,60,0.3,1,1,-0.240407767606134,0.02,-0.25304622984810565,0.01,0.0004308,0.0,0.0,-0.5041282628056512,-0.4873670083694259,-0.8250435106352004
