seed,rho,a_seed,eta,gamma,init_rho,valid_obj,valid_prob,test_obj,test_prob,time,valid_cover,test_cover,valid_in,test_in,avg_val
80,1,80,0.3,1,1,-0.3266757241050711,0.0,-0.3754818700237632,0.0,0.000362541,0.0,0.0,-0.47370774283797384,-0.5442033144308491,-0.8408928520149587
