seed,rho,a_seed,eta,gamma,init_rho,valid_obj,valid_prob,test_obj,test_prob,time,valid_cover,test_cover,valid_in,test_in,valid_avg,avg_val,valid_cvar,test_cvar
80,1,80,0.1,1,1,-0.6835791495011665,0.0,-0.6728237739055085,0.0,0.002160395,0.0,0.0,0.015894031825737464,0.015558847692480232,-0.8428055627799662,-0.8358473596123263,-0.5950230226132036,-0.5686754662638701
