seed,a_seed,nonrob_prob,nonrob_obj,scenario_probs,scenario_obj
70,70,0.6489661966720034,-0.81357798366453,0.2306790549743925,-0.8028401016223613
