seed,a_seed,nonrob_prob,nonrob_obj,scenario_probs,scenario_obj
80,80,0.5903874706687922,-0.865986553680046,0.2480981831542472,-0.7909184238605198
