seed,a_seed,nonrob_prob,nonrob_obj,scenario_probs,scenario_obj
80,80,0.6947954006777536,-0.8474438322862008,0.557346183228536,-0.8522284202834749
