seed,rho,a_seed,eta,gamma,init_rho,valid_obj,valid_prob,test_obj,test_prob,time,valid_cover,test_cover,valid_in,test_in,valid_avg,avg_val,valid_cvar,test_cvar
30,1,30,0.3,1,1,-0.6336512332701465,0.0,-0.6381132026257673,0.0,0.002378176,0.0,0.0,0.03289110728024913,0.032891107280249104,-0.8319592644800042,-0.8285289658945438,-0.5285849420172896,-0.5604909922119238
