seed,rho,a_seed,eta,gamma,init_rho,valid_obj,valid_prob,test_obj,test_prob,time,valid_cover,test_cover,valid_in,test_in,valid_avg,avg_val,valid_cvar,test_cvar
50,1,50,0.3,1,1,-0.6756970608163193,0.0,-0.656930739271987,0.0,0.002523026,0.0,0.0,0.028664449278628327,0.028664449278624035,-0.8597037778267697,-0.8560393954117107,-0.5985703846319592,-0.5421903708460837
