seed,rho,a_seed,eta,gamma,init_rho,valid_obj,valid_prob,test_obj,test_prob,time,valid_cover,test_cover,valid_in,test_in,valid_avg,avg_val,valid_cvar,test_cvar
70,1,70,0.3,1,1,-0.6585257222803405,0.0,-0.6505456257025448,0.0,0.002254915,0.0,0.0,0.028481065100383528,0.028481065100378997,-0.8316432461455368,-0.8231141310153406,-0.5840726031227238,-0.5503496709810194
