seed,rho,a_seed,eta,gamma,init_rho,valid_obj,valid_prob,test_obj,test_prob,time,valid_cover,test_cover,valid_in,test_in,valid_avg,avg_val,valid_cvar,test_cvar
20,1,20,0.12,1,1,-0.6816154920950419,0.0,-0.6878207923724848,0.0,0.002289599,0.0,0.0,0.017776575614068996,0.01739404230438993,-0.8583251410007259,-0.854628153683465,-0.621296826545134,-0.6080065448712754
