seed,rho,a_seed,eta,gamma,init_rho,valid_obj,valid_prob,test_obj,test_prob,time,valid_cover,test_cover,valid_in,test_in,avg_val
10,1,10,0.05,1,1,-0.405562103779874,0.0,-0.4186830252114141,0.0,0.00034831,0.0,0.0,-0.27626551988077147,-0.3384494671578748,-0.829406178065917
