seed,rho,a_seed,eta,gamma,init_rho,valid_obj,valid_prob,test_obj,test_prob,time,valid_cover,test_cover,valid_in,test_in,avg_val
30,1,30,0.05,1,1,-0.42828994163074047,0.0,-0.4559183616909114,0.0,0.000372091,0.0,0.0,-0.33271828915772633,-0.37519605303269293,-0.820925952051952
