seed,rho,a_seed,eta,gamma,init_rho,valid_obj,valid_prob,test_obj,test_prob,time,valid_cover,test_cover,valid_in,test_in,valid_avg,avg_val,valid_cvar,test_cvar
0,1,0,0.12,1,1,-0.6946956750506892,0.0,-0.7060198911748548,0.0,0.002230186,0.0,0.0,0.004289136563877537,0.0042891365638771,-0.8438879386601641,-0.8479233983501593,-0.623723727354044,-0.6093794337458297
