seed,rho,a_seed,eta,gamma,init_rho,valid_obj,valid_prob,test_obj,test_prob,time,valid_cover,test_cover,valid_in,test_in,valid_avg,avg_val,valid_cvar,test_cvar
20,1,20,0.12,1,1,-0.7651525539749049,0.0,-0.7455387088886378,0.0,0.002166647,0.0,0.0,0.001443777925477248,0.001787595137929215,-0.8626429027233471,-0.8493931460344575,-0.6725295974639205,-0.6475040045955516
