seed,rho,a_seed,eta,gamma,init_rho,valid_obj,valid_prob,test_obj,test_prob,time,valid_cover,test_cover,valid_in,test_in,valid_avg,avg_val,valid_cvar,test_cvar
40,1,40,0.12,1,1,-0.6405611514886445,0.0,-0.6269977358481226,0.002,0.002107107,0.0,0.0,0.0009296398605895822,0.0009296398605894463,-0.8488291341703548,-0.8365292639728743,-0.5448260322348999,-0.4957166454735307
