context_val,seed,alpha,eps,test_lcx_prob,test_lcx_obj,valid_lcx_prob,valid_lcx_obj,time,in_val,test_avg,valid_avg
4,0,0.12,0.1,0.0,-0.5650200536197033,0.0,-0.568391391980535,5317.171149969101,0.14347452461297744,-0.8609278737878611,-0.888029807628531
