context_val,seed,alpha,eps,test_lcx_prob,test_lcx_obj,valid_lcx_prob,valid_lcx_obj,time,in_val,test_avg,valid_avg
4,20,0.12,0.1,0.0,-0.5681045331334582,0.0,-0.5314422367826761,4662.732036828995,0.20145399527496857,-0.8247770638464822,-0.8214102623394769
