context_val,seed,alpha,eps,test_lcx_prob,test_lcx_obj,valid_lcx_prob,valid_lcx_obj,time,in_val,test_avg,valid_avg
4,30,0.12,0.1,0.0,-0.13104667522835553,0.08333333333333333,0.07984308528466519,1876.7015306949615,0.2946962608072124,-0.7587795143424825,-0.7053866226393901
