context_val,seed,alpha,eps,test_lcx_prob,test_lcx_obj,valid_lcx_prob,valid_lcx_obj,time,in_val,test_avg,valid_avg
4,40,0.12,0.1,0.045454545454545456,-0.13911226889143832,0.0,-0.2569250543728824,2046.5431518554688,0.26194794037670954,-0.8702514069690296,-0.769558034520013
