context_val,seed,alpha,eps,test_lcx_prob,test_lcx_obj,valid_lcx_prob,valid_lcx_obj,time,in_val,test_avg,valid_avg
4,50,0.12,0.1,0.0,-0.33514377885579716,0.08333333333333333,0.2859207347883832,4368.626929998398,0.41773263122733884,-0.8591283802340598,-0.5717393551707788
