context_val,seed,alpha,eps,test_lcx_prob,test_lcx_obj,valid_lcx_prob,valid_lcx_obj,time,in_val,test_avg,valid_avg
4,60,0.12,0.1,0.0,-0.42376529102082494,0.0,-0.30782887096622347,2849.040906190872,0.41211042697557143,-0.8296075438292178,-0.8106682381139682
