context_val,seed,alpha,eps,test_lcx_prob,test_lcx_obj,valid_lcx_prob,valid_lcx_obj,time,in_val,test_avg,valid_avg
4,70,0.12,0.1,0.0,-0.2880467727950311,0.0,-0.3359472622468348,2752.5230453014374,0.20627490344443153,-0.7607496351115028,-0.808439980194199
