context_val,seed,alpha,eps,test_lcx_prob,test_lcx_obj,valid_lcx_prob,valid_lcx_obj,time,in_val,test_avg,valid_avg
4,90,0.12,0.1,0.045454545454545456,0.04307161626351286,0.0,-0.4668565716405889,4194.631199359894,0.3818049987881502,-0.7582872887623491,-0.8558572505403216
