context_val,seed,alpha,eps,test_lcx_prob,test_lcx_obj,valid_lcx_prob,valid_lcx_obj,time,in_val,test_avg,valid_avg
4,30,0.1,0.1,0.0,-0.12724047761195875,0.08333333333333333,0.07571234559763784,1909.7260580062866,0.2857088298236851,-0.7588972354843075,-0.7067183443469599
