context_val,seed,alpha,eps,test_lcx_prob,test_lcx_obj,valid_lcx_prob,valid_lcx_obj,time,in_val,test_avg,valid_avg
4,40,0.1,0.1,0.045454545454545456,-0.13911249070333154,0.0,-0.2569251887636239,1330.921236038208,0.2569058009346679,-0.8702513949815145,-0.769558005569209
