context_val,seed,alpha,eps,test_lcx_prob,test_lcx_obj,valid_lcx_prob,valid_lcx_obj,time,in_val,test_avg,valid_avg
4,70,0.1,0.1,0.0,-0.28804684925895874,0.0,-0.3359472877410179,2188.814197540283,0.1953810593142983,-0.760749662867926,-0.8084399633457043
