seed,rho,a_seed,eta,gamma,init_rho,valid_obj,valid_prob,test_obj,test_prob,time,valid_cover,test_cover,valid_in,test_in,avg_val,valid_cvar,test_cvar
30,1,30,0.3,1,1,-0.7145014959155259,0.0,-0.6756136935737269,0.0,0.002352853,0.0,0.0,0.005608555493039271,0.005608555493039908,-0.9158323559586661,-0.5928315688966458,-0.5723878072971532
