seed,rho,a_seed,eta,gamma,init_rho,valid_obj,valid_prob,test_obj,test_prob,time,valid_cover,test_cover,valid_in,test_in,avg_val,valid_cvar,test_cvar
60,1,60,0.3,1,1,-0.7137385547595954,0.0,-0.6995579217119415,0.0,0.002535272,0.0,0.0,-0.015333778172508462,-0.014408563734590953,-0.9278778810939577,-0.6300840074828551,-0.5946056500040648
