seed,rho,a_seed,eta,gamma,init_rho,valid_obj,valid_prob,test_obj,test_prob,time,valid_cover,test_cover,valid_in,test_in,valid_avg,avg_val,valid_cvar,test_cvar
60,1,60,0.3,1,1,-0.7519760775625708,0.0,-0.7592402335680897,0.0,0.002376243,0.0,0.0,-0.0017161159916388156,-0.002306872057822861,-0.8690317825368237,-0.8581996765874655,-0.6884855426290649,-0.6658295584045075
