seed,rho,a_seed,eta,gamma,init_rho,valid_obj,valid_prob,test_obj,test_prob,time,valid_cover,test_cover,valid_in,test_in,valid_avg,avg_val,valid_cvar,test_cvar
80,1,80,0.3,1,1,-0.6849016856161697,0.0,-0.6689539259664203,0.0,0.002195292,0.0,0.0,-0.00039165684060449876,-0.00039165684060463125,-0.8563078066936995,-0.8430314828347714,-0.5795044225058432,-0.5622896997893786
