seed,rho,a_seed,eta,gamma,init_rho,valid_obj,valid_prob,test_obj,test_prob,time,valid_cover,test_cover,valid_in,test_in,valid_avg,avg_val,valid_cvar,test_cvar
20,1,20,0.05,1,1,-0.6427983369921514,0.0,-0.6441427311599756,0.0,0.002223147,0.0,0.0,0.024850229329767853,0.024850229329758434,-0.8050871382295324,-0.8159216289441064,-0.56738787271606,-0.5742361681435358
