seed,rho,a_seed,eta,gamma,init_rho,valid_obj,valid_prob,test_obj,test_prob,time,valid_cover,test_cover,valid_in,test_in,valid_avg,avg_val,valid_cvar,test_cvar
30,1,30,0.05,1,1,-0.6426615463833177,0.0,-0.6698339961351975,0.0,0.002054168,0.0,0.0,0.012126306342783022,0.011810039110974458,-0.8328315737659157,-0.8470191894104222,-0.5739682145525751,-0.5989884559586262
