seed,rho,a_seed,eta,gamma,init_rho,valid_obj,valid_prob,test_obj,test_prob,time,valid_cover,test_cover,valid_in,test_in,valid_avg,avg_val,valid_cvar,test_cvar
10,1,10,0.12,1,1,-0.6340025466709667,0.005,-0.639519837235397,0.003,0.000373261,0.0,0.0,0.017270182640287943,0.016945186634748557,-0.812601872281761,-0.8157816738638699,-0.47873711726104207,-0.5060069447834392
