seed,rho,a_seed,eta,gamma,init_rho,valid_obj,valid_prob,test_obj,test_prob,time,valid_cover,test_cover,valid_in,test_in,valid_avg,avg_val,valid_cvar,test_cvar
30,1,30,0.12,1,1,-0.6411483830738779,0.0,-0.6433958688314493,0.001,0.000393292,0.0,0.0,0.0290870762459277,0.028765463692713225,-0.812293021009194,-0.8178664745916953,-0.49766557170218545,-0.5028410893960643
