seed,rho,a_seed,eta,gamma,init_rho,valid_obj,valid_prob,test_obj,test_prob,time,valid_cover,test_cover,valid_in,test_in,avg_val,valid_cvar,test_cvar
40,1,40,0.12,1,1,-0.5832738809294165,0.005,-0.6005275015590584,0.001,0.00035203,0.0,0.0,0.008026875240359213,0.007673342759041689,-0.8899981215729658,-0.44798821996221844,-0.47366849557743756
