seed,rho,a_seed,eta,gamma,init_rho,valid_obj,valid_prob,test_obj,test_prob,time,valid_cover,test_cover,valid_in,test_in,valid_avg,avg_val,valid_cvar,test_cvar
80,1,80,0.12,1,1,-0.4979940281990931,0.0025,-0.49012672909021837,0.001,0.000414481,0.0,0.0,0.056479802763697365,0.056479802763662317,-0.7919367396747213,-0.8184476041351049,-0.3144274675330993,-0.33842259338880737
