seed,rho,a_seed,eta,gamma,init_rho,valid_obj,valid_prob,test_obj,test_prob,time,valid_cover,test_cover,valid_in,test_in,valid_avg,avg_val,valid_cvar,test_cvar
10,1,10,0.2,1,1,-0.5723843122930128,0.0,-0.5537769904610033,0.0,0.00043448,0.0,0.0,0.03158324601444211,0.03132595687493771,-0.837402153492881,-0.8629823098567868,-0.4446639407514565,-0.4213331999908117
