seed,rho,a_seed,eta,gamma,init_rho,valid_obj,valid_prob,test_obj,test_prob,time,valid_cover,test_cover,valid_in,test_in,valid_avg,avg_val,valid_cvar,test_cvar
40,1,40,0.2,1,1,-0.5578944682053074,0.0,-0.5499587195283813,0.006,0.000396269,0.0,0.0,0.007498400043536898,0.007003221472606292,-0.8082572181493971,-0.8091083050195352,-0.4211608327254859,-0.3714312485540092
