context_val,seed,alpha,eps,test_lcx_prob,test_lcx_obj,valid_lcx_prob,valid_lcx_obj,time,in_val,test_avg,valid_avg
4,10,0.1,0.08,0.0,-0.4982612368277037,0.0,-0.4303149406125454,4332.523521184921,0.41760822599767095,-0.9448496986575313,-0.7603978420837502
