context_val,seed,alpha,eps,test_lcx_prob,test_lcx_obj,valid_lcx_prob,valid_lcx_obj,time,in_val,test_avg,valid_avg
4,20,0.1,0.08,0.0,-0.5646916508439886,0.0,-0.535078511810205,3922.757844209671,0.1954977048034865,-0.8217453760108255,-0.8335310318864725
