context_val,seed,alpha,eps,test_lcx_prob,test_lcx_obj,valid_lcx_prob,valid_lcx_obj,time,in_val,test_avg,valid_avg
4,50,0.1,0.08,0.0,-0.33513894016107626,0.08333333333333333,0.28592345342856046,4106.484306573868,0.4066896213621887,-0.8591254510686738,-0.5717377986296194
