seed,rho,a_seed,eta,gamma,init_rho,valid_obj,valid_prob,test_obj,test_prob,time,valid_cover,test_cover,valid_in,test_in,avg_val,valid_cvar,test_cvar
30,1,30,0.3,1,1,-0.555323757155332,0.0025,-0.5695118160510886,0.001,0.000423161,0.0,0.0,0.053255889931880546,0.05325588993188082,-0.8619992948441656,-0.3791817613805577,-0.4259933611620031
