seed,rho,a_seed,eta,gamma,init_rho,valid_obj,valid_prob,test_obj,test_prob,time,valid_cover,test_cover,valid_in,test_in,valid_avg,avg_val,valid_cvar,test_cvar
30,1,30,0.3,1,1,-0.5128264021631215,0.0,-0.5161205767892312,0.002,0.000430312,0.0,0.0,0.06486505101918773,0.06486505101919558,-0.7734150182605578,-0.787749428370611,-0.37804549284045813,-0.3626419570289524
