seed,rho,a_seed,eta,gamma,init_rho,valid_obj,valid_prob,test_obj,test_prob,time,valid_cover,test_cover,valid_in,test_in,valid_avg,avg_val,valid_cvar,test_cvar
40,1,40,0.3,1,1,-0.5763475172873767,0.005,-0.5337403324586512,0.001,0.000349491,0.0,0.0,0.07141510750577548,0.07141510750585711,-0.8019005182271173,-0.8011554090616307,-0.3866113791281394,-0.37920510640925414
