seed,rho,a_seed,eta,gamma,init_rho,valid_obj,valid_prob,test_obj,test_prob,time,valid_cover,test_cover,valid_in,test_in,valid_avg,avg_val,valid_cvar,test_cvar
50,1,50,0.3,1,1,-0.5304717170073731,0.01,-0.5054744825001537,0.005,0.000388031,0.0,0.0,0.05842400487285468,0.05842400487286117,-0.7759528353644327,-0.7653451082267497,-0.3392956123671803,-0.31534958300619487
