seed,rho,a_seed,eta,gamma,init_rho,valid_obj,valid_prob,test_obj,test_prob,time,valid_cover,test_cover,valid_in,test_in,avg_val,valid_cvar,test_cvar
50,1,50,0.3,1,1,-0.5107896207958204,0.0075,-0.48599398457240395,0.003,0.000441751,0.0,0.0,0.05938830033775612,0.059388300337752095,-0.8008652795713445,-0.34529418877986123,-0.33140160573206784
