seed,rho,a_seed,eta,gamma,init_rho,valid_obj,valid_prob,test_obj,test_prob,time,valid_cover,test_cover,valid_in,test_in,avg_val,valid_cvar,test_cvar
60,1,60,0.3,1,1,-0.5950620560533321,0.0,-0.5847024009306337,0.0,0.000375291,0.0,0.0,0.05841538934677949,0.0584153893467774,-0.8708761202796952,-0.4296638843021124,-0.43298489839216203
