seed,rho,a_seed,eta,gamma,init_rho,valid_obj,valid_prob,test_obj,test_prob,time,valid_cover,test_cover,valid_in,test_in,avg_val,valid_cvar,test_cvar
90,1,90,0.3,1,1,-0.5476490558321331,0.0,-0.554160462683689,0.003,0.00043047,0.0,0.0,0.06328291912292312,0.06328291912289849,-0.8316847819214067,-0.4139305809955221,-0.4266595709503602
