seed,rho,a_seed,eta,gamma,init_rho,valid_obj,valid_prob,test_obj,test_prob,time,valid_cover,test_cover,valid_in,test_in,valid_avg,avg_val,valid_cvar,test_cvar
10,1,10,0.15,1,1,-0.6532243668692657,0.0,-0.6629916734675099,0.0,0.002370245,0.0,0.0,0.026804153371495883,0.026804153371496005,-0.8135741596838743,-0.8331780226870306,-0.5443541316072245,-0.5926974956375493
