context_val,seed,alpha,eps,test_lcx_prob,test_lcx_obj,valid_lcx_prob,valid_lcx_obj,time,in_val,test_avg,valid_avg
4,30,0.08,0.12,0.0,-0.1261300545654618,0.08333333333333333,0.07481941613120804,2060.7979621887207,0.27410120903782487,-0.7591916969384471,-0.7072114298328492
