context_val,seed,alpha,eps,test_lcx_prob,test_lcx_obj,valid_lcx_prob,valid_lcx_obj,time,in_val,test_avg,valid_avg
4,40,0.08,0.12,0.045454545454545456,-0.13912168286482787,0.0,-0.2569065690226161,1920.4860186576843,0.2490853334179985,-0.8702520378415687,-0.7695735226172243
