context_val,seed,alpha,eps,test_lcx_prob,test_lcx_obj,valid_lcx_prob,valid_lcx_obj,time,in_val,test_avg,valid_avg
4,50,0.08,0.12,0.0,-0.3745076171315714,0.08333333333333333,0.21727497714373184,4392.0380210876465,0.39929438038825427,-0.8724823571991333,-0.6024408781111659
