context_val,seed,alpha,eps,test_lcx_prob,test_lcx_obj,valid_lcx_prob,valid_lcx_obj,time,in_val,test_avg,valid_avg
4,60,0.08,0.12,0.0,-0.4233880966104162,0.0,-0.3042391890677797,3077.5413789749146,0.3852145653995659,-0.8289646076686843,-0.8126800830404153
