context_val,seed,alpha,eps,test_lcx_prob,test_lcx_obj,valid_lcx_prob,valid_lcx_obj,time,in_val,test_avg,valid_avg
4,90,0.08,0.12,0.045454545454545456,0.04307129927677237,0.0,-0.4668563788887883,3731.57675242424,0.36568988313541717,-0.7582874635801274,-0.8558573732470997
