seed,rho,a_seed,eta,gamma,init_rho,valid_obj,valid_prob,test_obj,test_prob,time,valid_cover,test_cover,valid_in,test_in,valid_avg,avg_val,valid_cvar,test_cvar
20,1,20,0.2,1,1,-0.5961942946342389,0.0,-0.5354683892628193,0.0,0.00073506,0.0,0.0,0.0279562405604231,0.026790259130535492,-0.8250630634719305,-0.7930195590020764,-0.4339858357672679,-0.40574364969225485
