seed,rho,a_seed,eta,gamma,init_rho,valid_obj,valid_prob,test_obj,test_prob,time,valid_cover,test_cover,valid_in,test_in,valid_avg,avg_val,valid_cvar,test_cvar
80,1,80,0.2,1,1,-0.4789736579319417,0.0,-0.5655132873661225,0.002,0.00076612,0.0,0.0,0.025269023874924735,0.02387805614224907,-0.7835254588710698,-0.8095022208012488,-0.38058017556529905,-0.43837599806215843
