seed,rho,a_seed,eta,gamma,init_rho,valid_obj,valid_prob,test_obj,test_prob,time,valid_cover,test_cover,valid_in,test_in,valid_avg,avg_val,valid_cvar,test_cvar
70,1,70,0.3,1,1,-0.7406749246468816,0.0,-0.733863035194806,0.0,0.002245637,0.0,0.0,0.0012653478343107305,0.0011306174150345406,-0.8520155449404073,-0.856578320360647,-0.6673649093478284,-0.6463897205097755
