seed,rho,a_seed,eta,gamma,init_rho,valid_obj,valid_prob,test_obj,test_prob,time,valid_cover,test_cover,valid_in,test_in,valid_avg,avg_val,valid_cvar,test_cvar
10,1,10,0.2,1,1,-0.5426711756493513,0.0,-0.5353251666094035,0.0,0.00039925,0.0,0.0,0.06592271405889209,0.06592271405887433,-0.8348385234885533,-0.8454321506329497,-0.4193848146141432,-0.4103423451586974
