seed,rho,a_seed,eta,gamma,init_rho,valid_obj,valid_prob,test_obj,test_prob,time,valid_cover,test_cover,valid_in,test_in,valid_avg,avg_val,valid_cvar,test_cvar
20,1,20,0.2,1,1,-0.5754610672680605,0.0,-0.5236292997013097,0.0,0.00041551,0.0,0.0,0.05619803065137789,0.05619803065137911,-0.8078207179152463,-0.7948268441806102,-0.45658383979523703,-0.40773342627520787
