seed,a_seed,nonrob_prob,nonrob_obj,scenario_probs,scenario_obj
10,10,1.0,-428.26331827263294,0.7823965581638732,-407.56155742916746
