seed,a_seed,nonrob_prob,nonrob_obj,scenario_probs,scenario_obj
30,30,1.0,-428.34502052382476,0.7961771374439908,-410.54459505905953
