seed,a_seed,nonrob_prob,nonrob_obj,scenario_probs,scenario_obj
40,40,1.0,-428.1717501079391,0.7664490046795549,-409.9831670548242
