context_val,seed,alpha,eps,test_lcx_prob,test_lcx_obj,valid_lcx_prob,valid_lcx_obj,time,in_val,test_avg,valid_avg
4,30,0.1,0.12,0.0,-0.12724062464832822,0.08333333333333333,0.07571237069661307,2306.884072780609,0.28570883608534225,-0.7588972147597943,-0.7067183163888345
