context_val,seed,alpha,eps,test_lcx_prob,test_lcx_obj,valid_lcx_prob,valid_lcx_obj,time,in_val,test_avg,valid_avg
4,40,0.1,0.12,0.045454545454545456,-0.13911220235520835,0.0,-0.25692487876416154,2384.1830520629883,0.2569058271404919,-0.8702514309844612,-0.7695579893886074
