context_val,seed,alpha,eps,test_lcx_prob,test_lcx_obj,valid_lcx_prob,valid_lcx_obj,time,in_val,test_avg,valid_avg
4,50,0.1,0.12,0.0,-0.37725733469167055,0.08333333333333333,0.21667302036814545,4129.048955202103,0.40798374253759356,-0.8746702551443019,-0.6034210869307098
