context_val,seed,alpha,eps,test_lcx_prob,test_lcx_obj,valid_lcx_prob,valid_lcx_obj,time,in_val,test_avg,valid_avg
4,80,0.1,0.12,0.0,-0.5218333461330157,0.0,-0.4141364538261732,3265.8181681632996,0.47869345994772156,-1.0800727934545755,-0.8031891326182685
