seed,rho,a_seed,eta,gamma,init_rho,valid_obj,valid_prob,test_obj,test_prob,time,valid_cover,test_cover,valid_in,test_in,valid_avg,avg_val,valid_cvar,test_cvar
60,1,60,0.12,1,1,-0.6461253971576301,0.0,-0.6844581740598082,0.0,0.002106715,0.0,0.0,0.003238419489957916,0.0030857531926971227,-0.8533442425502987,-0.8569589266865721,-0.6032412709149211,-0.614937196689644
