seed,rho,a_seed,eta,gamma,init_rho,valid_obj,valid_prob,test_obj,test_prob,time,valid_cover,test_cover,valid_in,test_in,valid_avg,avg_val,valid_cvar,test_cvar
80,1,80,0.12,1,1,-0.6835276420363705,0.0,-0.6668002555468281,0.0,0.002481556,0.0,0.0,0.013174378571488933,0.012872259753249408,-0.8464369458399355,-0.8457737168701139,-0.6257276188761661,-0.5995557398462632
