seed,rho,a_seed,eta,gamma,init_rho,valid_obj,valid_prob,test_obj,test_prob,time,valid_cover,test_cover,valid_in,test_in,valid_avg,avg_val,valid_cvar,test_cvar
90,1,90,0.12,1,1,-0.6749851064772208,0.0,-0.6714844054861434,0.0,0.002281435,0.0,0.0,0.00223021178964747,0.002413006023252482,-0.8541833680344803,-0.8605399060719872,-0.570789089936634,-0.5848437625844876
