seed,rho,a_seed,eta,gamma,init_rho,valid_obj,valid_prob,test_obj,test_prob,time,valid_cover,test_cover,valid_in,test_in,valid_avg,avg_val,valid_cvar,test_cvar
40,1,40,0.1,1,1,-0.6337078735558066,0.0,-0.6408773491796562,0.0,0.002246397,0.0,0.0,0.024286247351859264,0.024286247351868243,-0.819219069228364,-0.8225567846858834,-0.5348227600164582,-0.5474473747700067
