seed,rho,a_seed,eta,gamma,init_rho,valid_obj,valid_prob,test_obj,test_prob,time,valid_cover,test_cover,valid_in,test_in,valid_avg,avg_val,valid_cvar,test_cvar
60,1,60,0.1,1,1,-0.6687302786756004,0.0,-0.6617564924031044,0.0,0.002424247,0.0,0.0,0.018723954817752547,0.018723954817743683,-0.8145488609828354,-0.8198172436279026,-0.5975428988761937,-0.5900304170258814
