seed,a_seed,nonrob_prob,nonrob_obj,scenario_probs,scenario_obj
10,10,1.0,-428.5778610315794,0.509678642904462,-396.0062733100402
