seed,a_seed,nonrob_prob,nonrob_obj,scenario_probs,scenario_obj
30,30,1.0,-428.6770824728883,0.5060768401938729,-398.1840159272285
