outer_iter,context_val,seed,alpha,eps,test_lcx_prob,test_lcx_obj,valid_lcx_prob,valid_lcx_obj,time,in_val,test_avg,valid_avg,test_lcx_cvar,valid_lcx_cvar
43,0,0,0.1,0.1,0.0,-0.6688515010206421,0.0,-0.7046505686853499,0,0.42913683802301084,-0.8061434733130035,-0.79511168658779,-0.6115526854239596,-0.6424299018975368
