outer_iter,context_val,seed,alpha,eps,test_lcx_prob,test_lcx_obj,valid_lcx_prob,valid_lcx_obj,time,in_val,test_avg,valid_avg,test_lcx_cvar,valid_lcx_cvar
57,11,0,0.1,0.1,0.0,-0.6605244759071066,0.0,-0.5452304754784476,0,0.4726894141069953,-0.8333641188639137,-0.7868126619747375,-0.5823452261212844,-0.5331862151469366
