outer_iter,context_val,seed,alpha,eps,test_lcx_prob,test_lcx_obj,valid_lcx_prob,valid_lcx_obj,time,in_val,test_avg,valid_avg,test_lcx_cvar,valid_lcx_cvar
54,17,0,0.1,0.1,0.0,-0.5777903543499536,0.0,-0.5991944657687092,0,0.4459121270793561,-0.7837479604625851,-0.737618650348698,-0.4918573278302441,-0.5728519309177269
