outer_iter,context_val,seed,alpha,eps,test_lcx_prob,test_lcx_obj,valid_lcx_prob,valid_lcx_obj,time,in_val,test_avg,valid_avg,test_lcx_cvar,valid_lcx_cvar
61,19,0,0.1,0.1,0.0,-0.6475701617537137,0.0,-0.6248735211852319,77900.19742536545,0.4694887362704886,-0.836773531631618,-0.813776995241365,-0.43070288671108564,-0.6061744994650757
