outer_iter,context_val,seed,alpha,eps,test_lcx_prob,test_lcx_obj,valid_lcx_prob,valid_lcx_obj,time,in_val,test_avg,valid_avg
52,9,0,0.1,0.1,0.0,-0.6771419654201729,0.0,-0.7413153584330148,71396.75829768181,0.5225977991870475,-0.8872584020986245,-0.864963077926413
