outer_iter,context_val,seed,alpha,eps,test_lcx_prob,test_lcx_obj,valid_lcx_prob,valid_lcx_obj,time,in_val,test_avg,valid_avg,test_lcx_cvar,valid_lcx_cvar
59,12,10,0.1,0.1,0.0,-0.6199933393770961,0.0,-0.6416927013364909,0,0.4535954151765125,-0.7921770088088034,-0.8305588928807474,-0.5562751667752599,-0.6144968382274355
