outer_iter,context_val,seed,alpha,eps,test_lcx_prob,test_lcx_obj,valid_lcx_prob,valid_lcx_obj,time,in_val,test_avg,valid_avg,test_lcx_cvar,valid_lcx_cvar
42,1,10,0.1,0.1,0.0,-0.6071000375879256,0.0,-0.7028660585462256,0,0.4383862301013472,-0.8061938083887402,-0.8398616196183278,-0.5068293611833407,-0.6453062075782215
