outer_iter,context_val,seed,alpha,eps,test_lcx_prob,test_lcx_obj,valid_lcx_prob,valid_lcx_obj,time,in_val,test_avg,valid_avg,test_lcx_cvar,valid_lcx_cvar
60,11,10,0.1,0.1,0.0,-0.705618495782455,0.0,-0.6531165152002815,0,0.44282136590842447,-0.8668027583238852,-0.7965535509694303,-0.6475638522773985,-0.6481246823939728
