outer_iter,context_val,seed,alpha,eps,test_lcx_prob,test_lcx_obj,valid_lcx_prob,valid_lcx_obj,time,in_val,test_avg,valid_avg,test_lcx_cvar,valid_lcx_cvar
53,17,10,0.1,0.1,0.0,-0.6546174736204561,0.0,-0.686315181077374,0,0.4771796725301468,-0.8088541476996011,-0.843112951415932,-0.5502820369879087,-0.6726307414951416
