outer_iter,context_val,seed,alpha,eps,test_lcx_prob,test_lcx_obj,valid_lcx_prob,valid_lcx_obj,time,in_val,test_avg,valid_avg,test_lcx_cvar,valid_lcx_cvar
54,18,10,0.1,0.1,0.0,-0.5951436298047789,0.0,-0.7566633453769172,0,0.42182979659562203,-0.7837223049714535,-0.9027123627215229,-0.3524688408506718,-0.7097416369820363
