outer_iter,context_val,seed,alpha,eps,test_lcx_prob,test_lcx_obj,valid_lcx_prob,valid_lcx_obj,time,in_val,test_avg,valid_avg,test_lcx_cvar,valid_lcx_cvar
61,16,10,0.1,0.1,0.0,-0.5487206976986049,0.0,-0.5911058735355907,85448.36963868141,0.4574004989555664,-0.7739352605822748,-0.8071073912798307,-0.4687080250091067,-0.5572133328484439
