outer_iter,context_val,seed,alpha,eps,test_lcx_prob,test_lcx_obj,valid_lcx_prob,valid_lcx_obj,time,in_val,test_avg,valid_avg,test_lcx_cvar,valid_lcx_cvar
61,13,10,0.1,0.1,0.0,-0.5929077302803339,0.0,-0.6414468054348732,71805.29692101479,0.40704739248035343,-0.7718566496369335,-0.8098403294793037,-0.37735205767805247,-0.6174247000254923
