outer_iter,context_val,seed,alpha,eps,test_lcx_prob,test_lcx_obj,valid_lcx_prob,valid_lcx_obj,time,in_val,test_avg,valid_avg,test_lcx_cvar,valid_lcx_cvar
61,19,10,0.1,0.1,0.0,-0.5722942106150704,0.0,-0.6087941921603087,76369.98577022552,0.4234447005261977,-0.7864950333205423,-0.812899535198697,-0.5194911597458788,-0.528918813419429
