outer_iter,context_val,seed,alpha,eps,test_lcx_prob,test_lcx_obj,valid_lcx_prob,valid_lcx_obj,time,in_val,test_avg,valid_avg,test_lcx_cvar,valid_lcx_cvar
54,2,10,0.1,0.1,0.0,-0.5213148801592069,0.0,-0.7143637291640479,0,0.3723107715957593,-0.7395866163406458,-0.8228381481811899,-0.34357646398556974,-0.6968100572298814
