outer_iter,context_val,seed,alpha,eps,test_lcx_prob,test_lcx_obj,valid_lcx_prob,valid_lcx_obj,time,in_val,test_avg,valid_avg,test_lcx_cvar,valid_lcx_cvar
56,4,10,0.1,0.1,0.0,-0.5875899217680484,0.0,-0.5606336442915619,0,0.4994931363095631,-0.872402521084609,-0.7806277748150764,-0.4861458282015574,-0.5354000399225936
