outer_iter,context_val,seed,alpha,eps,test_lcx_prob,test_lcx_obj,valid_lcx_prob,valid_lcx_obj,time,in_val,test_avg,valid_avg,test_lcx_cvar,valid_lcx_cvar
57,4,10,0.1,0.1,0.0,-0.5875899216585154,0.0,-0.5606336443749617,0,0.49949313630917885,-0.8724025211223744,-0.7806277748554092,-0.48614582825201597,-0.5354000402537805
