outer_iter,context_val,seed,alpha,eps,test_lcx_prob,test_lcx_obj,valid_lcx_prob,valid_lcx_obj,time,in_val,test_avg,valid_avg,test_lcx_cvar,valid_lcx_cvar
42,0,20,0.1,0.1,0.0,-0.6086578820724784,0.0,-0.7103017006625311,0,0.5003067993836696,-0.8211813100204227,-0.7973781394037796,-0.49494789682373747,-0.6472616525681922
