outer_iter,context_val,seed,alpha,eps,test_lcx_prob,test_lcx_obj,valid_lcx_prob,valid_lcx_obj,time,in_val,test_avg,valid_avg,test_lcx_cvar,valid_lcx_cvar
58,19,20,0.1,0.1,0.0,-0.6818565133882818,0.0,-0.5644437414120649,0,0.4314214922270246,-0.8369663695572419,-0.8467355151508204,-0.6152666658163235,-0.48331029902905226
