outer_iter,context_val,seed,alpha,eps,test_lcx_prob,test_lcx_obj,valid_lcx_prob,valid_lcx_obj,time,in_val,test_avg,valid_avg,test_lcx_cvar,valid_lcx_cvar
61,19,20,0.1,0.1,0.0,-0.7063630387486723,0.0,-0.5990677542294374,77343.95845532417,0.42954813273501596,-0.8403541766237531,-0.8493593352268266,-0.5972385155049106,-0.5038212291167404
