outer_iter,context_val,seed,alpha,eps,test_lcx_prob,test_lcx_obj,valid_lcx_prob,valid_lcx_obj,time,in_val,test_avg,valid_avg,test_lcx_cvar,valid_lcx_cvar
56,1,20,0.1,0.1,0.0,-0.6478920035834584,0.0,-0.7008463161007422,0,0.48665447417308144,-0.8145504786287788,-0.820567936410481,-0.6060414239490152,-0.5835207621112344
