outer_iter,context_val,seed,alpha,eps,test_lcx_prob,test_lcx_obj,valid_lcx_prob,valid_lcx_obj,time,in_val,test_avg,valid_avg,test_lcx_cvar,valid_lcx_cvar
61,18,20,0.1,0.1,0.0,-0.5651790533854124,0.0,-0.5046442369460623,75505.86184310913,0.2959134464790359,-0.7881409646851558,-0.764228660707465,-0.4319570813710256,-0.476736609037764
