outer_iter,context_val,seed,alpha,eps,test_lcx_prob,test_lcx_obj,valid_lcx_prob,valid_lcx_obj,time,in_val,test_avg,valid_avg,test_lcx_cvar,valid_lcx_cvar
53,3,20,0.1,0.1,0.0,-0.6050738545699684,0.0,-0.5445330824386478,0,0.4349906150401806,-0.859412825745442,-0.8151662749586418,-0.47006346450159364,-0.5125582892875755
