outer_iter,context_val,seed,alpha,eps,test_lcx_prob,test_lcx_obj,valid_lcx_prob,valid_lcx_obj,time,in_val,test_avg,valid_avg,test_lcx_cvar,valid_lcx_cvar
61,5,20,0.1,0.1,0.0,-0.6093860513143462,0.0,-0.38216818489981186,78515.01690363884,0.41877713649735565,-0.8138589549726489,-0.7722715449600532,-0.5263054055378646,-0.37810513837003623
