outer_iter,context_val,seed,alpha,eps,test_lcx_prob,test_lcx_obj,valid_lcx_prob,valid_lcx_obj,time,in_val,test_avg,valid_avg,test_lcx_cvar,valid_lcx_cvar
55,5,20,0.1,0.1,0.0,-0.6754399808761531,0.0,-0.30456126143217915,0,0.424458393273752,-0.8428543628122912,-0.7440351056673427,-0.5567056335364052,-0.223829246840258
