outer_iter,context_val,seed,alpha,eps,test_lcx_prob,test_lcx_obj,valid_lcx_prob,valid_lcx_obj,time,in_val,test_avg,valid_avg
61,13,30,0.1,0.1,0.0,-0.5526822163533979,0.0,-0.527581085116961,77723.26518368721,0.42875981852944933,-0.8037597996716427,-0.8230961167402125
