outer_iter,context_val,seed,alpha,eps,test_lcx_prob,test_lcx_obj,valid_lcx_prob,valid_lcx_obj,time,in_val,test_avg,valid_avg,test_lcx_cvar,valid_lcx_cvar
61,15,30,0.1,0.1,0.0,-0.6661646055779237,0.0,-0.665286526934456,82517.30253005028,0.47369190901951114,-0.8316215208366149,-0.8085636025858705,-0.5647875298843331,-0.5946051774809854
