outer_iter,context_val,seed,alpha,eps,test_lcx_prob,test_lcx_obj,valid_lcx_prob,valid_lcx_obj,time,in_val,test_avg,valid_avg,test_lcx_cvar,valid_lcx_cvar
56,1,30,0.1,0.1,0.0,-0.54852868431711,0.0,-0.5866743575426931,0,0.5098870913484936,-0.8021294736167908,-0.8018506017905788,-0.4390873997510152,-0.537432429624816
