outer_iter,context_val,seed,alpha,eps,test_lcx_prob,test_lcx_obj,valid_lcx_prob,valid_lcx_obj,time,in_val,test_avg,valid_avg,test_lcx_cvar,valid_lcx_cvar
60,14,30,0.1,0.1,0.0,-0.6237444615819647,0.0,-0.6377616614322461,0,0.3661836408161609,-0.7983841337780624,-0.818079891998686,-0.5405489098542109,-0.5764254766532035
