outer_iter,context_val,seed,alpha,eps,test_lcx_prob,test_lcx_obj,valid_lcx_prob,valid_lcx_obj,time,in_val,test_avg,valid_avg,test_lcx_cvar,valid_lcx_cvar
41,2,30,0.1,0.1,0.0,-0.5494072140250383,0.0,-0.5730426425779725,0,0.44029320114485,-0.788363287341932,-0.8205911138158126,-0.38806760085877184,-0.4420854610038639
