outer_iter,context_val,seed,alpha,eps,test_lcx_prob,test_lcx_obj,valid_lcx_prob,valid_lcx_obj,time,in_val,test_avg,valid_avg,test_lcx_cvar,valid_lcx_cvar
48,3,30,0.1,0.1,0.0,-0.697337418464458,0.0,-0.6740914851947045,0,0.5172216837961617,-0.8598543372069752,-0.8426474016829824,-0.5878088922472735,-0.6707688860886185
