outer_iter,context_val,seed,alpha,eps,test_lcx_prob,test_lcx_obj,valid_lcx_prob,valid_lcx_obj,time,in_val,test_avg,valid_avg,test_lcx_cvar,valid_lcx_cvar
57,4,30,0.1,0.1,0.0,-0.5452934426254635,0.0,-0.7487847851574037,0,0.3965310236489351,-0.8000514274282782,-0.8137359053797077,-0.41936124905153066,-0.47520328238662907
