outer_iter,context_val,seed,alpha,eps,test_lcx_prob,test_lcx_obj,valid_lcx_prob,valid_lcx_obj,time,in_val,test_avg,valid_avg,test_lcx_cvar,valid_lcx_cvar
55,5,30,0.1,0.1,0.0,-0.6997191959472987,0.0,-0.551628522706425,0,0.4082795231021067,-0.849897716112664,-0.8219919033389722,-0.47918515134906464,-0.40624241801393834
