outer_iter,context_val,seed,alpha,eps,test_lcx_prob,test_lcx_obj,valid_lcx_prob,valid_lcx_obj,time,in_val,test_avg,valid_avg,test_lcx_cvar,valid_lcx_cvar
49,6,30,0.1,0.1,0.0,-0.5259548991272498,0.0,-0.750249807916351,0,0.4025248981099232,-0.8156186150587413,-0.8743460384092805,-0.4253229260579041,-0.6263855477661963
