outer_iter,context_val,seed,alpha,eps,test_lcx_prob,test_lcx_obj,valid_lcx_prob,valid_lcx_obj,time,in_val,test_avg,valid_avg,test_lcx_cvar,valid_lcx_cvar
46,8,30,0.1,0.1,0.0,-0.6724781161883294,0.0,-0.7316775128441028,0,0.4663533980411481,-0.7904366613767432,-0.82972938408556,-0.622596909309248,-0.6026224917711297
