outer_iter,context_val,seed,alpha,eps,test_lcx_prob,test_lcx_obj,valid_lcx_prob,valid_lcx_obj,time,in_val,test_avg,valid_avg,test_lcx_cvar,valid_lcx_cvar
61,15,40,0.1,0.1,0.0,-0.6106446795025938,0.0,-0.6754520052465554,82310.58407378197,0.37945987700608125,-0.8091425180381072,-0.8477091097745305,-0.5708329328690758,-0.6296774210786283
