outer_iter,context_val,seed,alpha,eps,test_lcx_prob,test_lcx_obj,valid_lcx_prob,valid_lcx_obj,time,in_val,test_avg,valid_avg,test_lcx_cvar,valid_lcx_cvar
61,19,40,0.1,0.1,0.0,-0.5950763728084979,0.0,-0.4225192320610115,76024.24679231644,0.4572216417990183,-0.7710069163437513,-0.7601588009538384,-0.45319107137239517,-0.38612720337732576
