outer_iter,context_val,seed,alpha,eps,test_lcx_prob,test_lcx_obj,valid_lcx_prob,valid_lcx_obj,time,in_val,test_avg,valid_avg
61,13,40,0.1,0.1,0.0,-0.4649308854538021,0.0,-0.6089335633410521,77966.80198693275,0.44527663077064594,-0.8717479964189658,-0.8445964186882152
