outer_iter,context_val,seed,alpha,eps,test_lcx_prob,test_lcx_obj,valid_lcx_prob,valid_lcx_obj,time,in_val,test_avg,valid_avg,test_lcx_cvar,valid_lcx_cvar
52,11,40,0.1,0.1,0.0,-0.5990009310560196,0.0,-0.5861580649332938,72013.66138648987,0.43657439260742525,-0.8104066678876628,-0.8065118162202705,-0.5221215905219668,-0.5178324324054
