outer_iter,context_val,seed,alpha,eps,test_lcx_prob,test_lcx_obj,valid_lcx_prob,valid_lcx_obj,time,in_val,test_avg,valid_avg,test_lcx_cvar,valid_lcx_cvar
43,2,40,0.1,0.1,0.0,-0.6240792538407678,0.0,-0.5458758401347794,0,0.5062036760160712,-0.8183348703816197,-0.7519008549419726,-0.43204961132791714,-0.44770709094367866
