outer_iter,context_val,seed,alpha,eps,test_lcx_prob,test_lcx_obj,valid_lcx_prob,valid_lcx_obj,time,in_val,test_avg,valid_avg,test_lcx_cvar,valid_lcx_cvar
48,3,40,0.1,0.1,0.0,-0.655895342298995,0.0,-0.5799696255092588,0,0.4875780080062108,-0.8648124097887258,-0.8461406109142079,-0.6314261528226736,-0.5671009460303027
