outer_iter,context_val,seed,alpha,eps,test_lcx_prob,test_lcx_obj,valid_lcx_prob,valid_lcx_obj,time,in_val,test_avg,valid_avg,test_lcx_cvar,valid_lcx_cvar
55,5,40,0.1,0.1,0.0,-0.6392668969775436,0.0,-0.6866211066954572,0,0.4949869985359135,-0.8855480873004975,-0.8774029375260322,-0.48390469940781017,-0.6407989568779475
