outer_iter,context_val,seed,alpha,eps,test_lcx_prob,test_lcx_obj,valid_lcx_prob,valid_lcx_obj,time,in_val,test_avg,valid_avg,test_lcx_cvar,valid_lcx_cvar
48,6,40,0.1,0.1,0.0,-0.5947900160463306,0.0,-0.6498937490565272,0,0.3542189303448282,-0.8228766433295875,-0.7897880194706568,-0.495720266754519,-0.47772673632819923
