outer_iter,context_val,seed,alpha,eps,test_lcx_prob,test_lcx_obj,valid_lcx_prob,valid_lcx_obj,time,in_val,test_avg,valid_avg,test_lcx_cvar,valid_lcx_cvar
61,6,40,0.1,0.1,0.0,-0.655365112297066,0.0,-0.7305977521401803,80728.15406036377,0.34356021286526656,-0.8088894641967066,-0.8056866904120554,-0.5515117662995924,-0.670808783750636
