outer_iter,context_val,seed,alpha,eps,test_lcx_prob,test_lcx_obj,valid_lcx_prob,valid_lcx_obj,time,in_val,test_avg,valid_avg,test_lcx_cvar,valid_lcx_cvar
61,7,40,0.1,0.1,0.0,-0.6540336778643383,0.0,-0.6205725298969347,80283.14055275917,0.37449920446845925,-0.8351296631034075,-0.8297494201861846,-0.48305771444192125,-0.5411028530094635
