outer_iter,context_val,seed,alpha,eps,test_lcx_prob,test_lcx_obj,valid_lcx_prob,valid_lcx_obj,time,in_val,test_avg,valid_avg,test_lcx_cvar,valid_lcx_cvar
45,8,40,0.1,0.1,0.0,-0.6498688032946314,0.0,-0.6827147810622815,0,0.4939349232733437,-0.7962660616392804,-0.8231372062206513,-0.5207986829985385,-0.578827611924534
