outer_iter,context_val,seed,alpha,eps,test_lcx_prob,test_lcx_obj,valid_lcx_prob,valid_lcx_obj,time,in_val,test_avg,valid_avg,test_lcx_cvar,valid_lcx_cvar
57,18,50,0.1,0.1,0.0,-0.6187499722903842,0.0,-0.34215619114115864,0,0.3990889931019677,-0.8209480995656223,-0.7788381624713051,-0.5484568643099004,-0.33504440511835104
