outer_iter,context_val,seed,alpha,eps,test_lcx_prob,test_lcx_obj,valid_lcx_prob,valid_lcx_obj,time,in_val,test_avg,valid_avg,test_lcx_cvar,valid_lcx_cvar
61,10,50,0.1,0.1,0.0,-0.680566145511681,0.0,-0.6222092907339316,79187.98738861084,0.41807830625392767,-0.8197158570767904,-0.8230362233526843,-0.5665097466921364,-0.5607727408008674
