outer_iter,context_val,seed,alpha,eps,test_lcx_prob,test_lcx_obj,valid_lcx_prob,valid_lcx_obj,time,in_val,test_avg,valid_avg,test_lcx_cvar,valid_lcx_cvar
49,2,50,0.1,0.1,0.0,-0.7112769657982335,0.0,-0.6736671930930689,0,0.4895856846749099,-0.8285209554407994,-0.8646585825395529,-0.535555989124191,-0.6352457305307007
