outer_iter,context_val,seed,alpha,eps,test_lcx_prob,test_lcx_obj,valid_lcx_prob,valid_lcx_obj,time,in_val,test_avg,valid_avg,test_lcx_cvar,valid_lcx_cvar
56,4,50,0.1,0.1,0.0,-0.6409586892309075,0.0,-0.6817848833335021,0,0.409068800445839,-0.815444915951908,-0.8238369124597684,-0.5921857366066087,-0.6639713984905784
