outer_iter,context_val,seed,alpha,eps,test_lcx_prob,test_lcx_obj,valid_lcx_prob,valid_lcx_obj,time,in_val,test_avg,valid_avg,test_lcx_cvar,valid_lcx_cvar
43,6,50,0.1,0.1,0.0,-0.36832853400484217,0.0,-0.5661203242823228,56756.66482639313,0.49779039144557485,-0.8500410045544683,-0.7600522254806019,-0.22359741414146128,-0.24991781887611117
