outer_iter,context_val,seed,alpha,eps,test_lcx_prob,test_lcx_obj,valid_lcx_prob,valid_lcx_obj,time,in_val,test_avg,valid_avg,test_lcx_cvar,valid_lcx_cvar
50,9,50,0.1,0.1,0.0,-0.5314184147122653,0.0,-0.41416743738061473,0,0.4294072687385747,-0.8558448131097085,-0.7827719375449902,-0.4002667245346001,-0.3769010475599015
