outer_iter,context_val,seed,alpha,eps,test_lcx_prob,test_lcx_obj,valid_lcx_prob,valid_lcx_obj,time,in_val,test_avg,valid_avg,test_lcx_cvar,valid_lcx_cvar
44,0,60,0.1,0.1,0.0,-0.5574302793975783,0.0,-0.3716339666744153,0,0.49097460078325134,-0.8087023563782445,-0.8061997573517755,-0.43347674299081823,-0.354090409657541
