outer_iter,context_val,seed,alpha,eps,test_lcx_prob,test_lcx_obj,valid_lcx_prob,valid_lcx_obj,time,in_val,test_avg,valid_avg,test_lcx_cvar,valid_lcx_cvar
61,14,60,0.1,0.1,0.0,-0.6042836806607207,0.0,-0.6732887772666787,82453.35105538368,0.3673237584108679,-0.7629529037043753,-0.839825333922839,-0.5505534414047635,-0.574560939342247
