outer_iter,context_val,seed,alpha,eps,test_lcx_prob,test_lcx_obj,valid_lcx_prob,valid_lcx_obj,time,in_val,test_avg,valid_avg,test_lcx_cvar,valid_lcx_cvar
61,18,60,0.1,0.1,0.0,-0.7122057542691778,0.0,-0.5724727420857012,78742.61713051796,0.2570006792265862,-0.8254895788756083,-0.7939404507933301,-0.548696286516113,-0.5318256776660208
