outer_iter,context_val,seed,alpha,eps,test_lcx_prob,test_lcx_obj,valid_lcx_prob,valid_lcx_obj,time,in_val,test_avg,valid_avg
61,10,60,0.1,0.1,0.0,-0.41613036712824564,0.0,-0.5846996082540523,80326.14535307884,0.4083966115390821,-0.8108435501971154,-0.838124639604342
