outer_iter,context_val,seed,alpha,eps,test_lcx_prob,test_lcx_obj,valid_lcx_prob,valid_lcx_obj,time,in_val,test_avg,valid_avg,test_lcx_cvar,valid_lcx_cvar
60,11,60,0.1,0.1,0.0,-0.6284031149863479,0.0,-0.5554371229598519,0,0.4170041074480489,-0.8109942361844031,-0.7742438268904277,-0.569702502219393,-0.5103395456917647
