outer_iter,context_val,seed,alpha,eps,test_lcx_prob,test_lcx_obj,valid_lcx_prob,valid_lcx_obj,time,in_val,test_avg,valid_avg,test_lcx_cvar,valid_lcx_cvar
56,1,60,0.1,0.1,0.0,-0.531911674135033,0.0,-0.7393738552997167,0,0.472355846245773,-0.8063524093383644,-0.837298127516014,-0.4523038157498863,-0.7019674477262314
