outer_iter,context_val,seed,alpha,eps,test_lcx_prob,test_lcx_obj,valid_lcx_prob,valid_lcx_obj,time,in_val,test_avg,valid_avg,test_lcx_cvar,valid_lcx_cvar
55,17,60,0.1,0.1,0.0,-0.6429501121189425,0.0,-0.518959825932894,0,0.4042795235548769,-0.8049041735786009,-0.7882667731422912,-0.578406975129529,-0.48005416686132446
