outer_iter,context_val,seed,alpha,eps,test_lcx_prob,test_lcx_obj,valid_lcx_prob,valid_lcx_obj,time,in_val,test_avg,valid_avg,test_lcx_cvar,valid_lcx_cvar
61,12,60,0.1,0.1,0.0,-0.6068553747398556,0.0,-0.6742141528152079,78238.99931430817,0.39461337376302924,-0.78614442385112,-0.8013415497795193,-0.5064173249516472,-0.6494989998781828
