outer_iter,context_val,seed,alpha,eps,test_lcx_prob,test_lcx_obj,valid_lcx_prob,valid_lcx_obj,time,in_val,test_avg,valid_avg,test_lcx_cvar,valid_lcx_cvar
53,2,60,0.1,0.1,0.0,-0.6523878785481065,0.0,-0.5014160896583433,0,0.42836499626268143,-0.816692013914174,-0.853543238873245,-0.5783075087402488,-0.5006591970676357
