outer_iter,context_val,seed,alpha,eps,test_lcx_prob,test_lcx_obj,valid_lcx_prob,valid_lcx_obj,time,in_val,test_avg,valid_avg,test_lcx_cvar,valid_lcx_cvar
48,3,60,0.1,0.1,0.0,-0.6845332358534355,0.0,-0.701856463968651,0,0.40280873336855044,-0.8331695805909759,-0.8416436955776122,-0.6571566682008649,-0.617592306299643
