outer_iter,context_val,seed,alpha,eps,test_lcx_prob,test_lcx_obj,valid_lcx_prob,valid_lcx_obj,time,in_val,test_avg,valid_avg,test_lcx_cvar,valid_lcx_cvar
48,6,60,0.1,0.1,0.0,-0.670083832010342,0.0,-0.7795916599720722,0,0.48340899340185883,-0.867891702805169,-0.8708519428266616,-0.49627491948468433,-0.759598442297543
