outer_iter,context_val,seed,alpha,eps,test_lcx_prob,test_lcx_obj,valid_lcx_prob,valid_lcx_obj,time,in_val,test_avg,valid_avg,test_lcx_cvar,valid_lcx_cvar
61,8,60,0.1,0.1,0.0,-0.6425881739227942,0.0,-0.7264925660943818,82739.34626984596,0.4566232570403742,-0.8048180863472516,-0.8217294221020359,-0.5553201474274688,-0.7102088273122362
