outer_iter,context_val,seed,alpha,eps,test_lcx_prob,test_lcx_obj,valid_lcx_prob,valid_lcx_obj,time,in_val,test_avg,valid_avg,test_lcx_cvar,valid_lcx_cvar
50,9,60,0.1,0.1,0.0,-0.6392430971821241,0.0,-0.5643536093677096,0,0.4121291748702574,-0.8250683456351531,-0.8462129003044752,-0.4648771939428502,-0.502282549415189
