outer_iter,context_val,seed,alpha,eps,test_lcx_prob,test_lcx_obj,valid_lcx_prob,valid_lcx_obj,time,in_val,test_avg,valid_avg,test_lcx_cvar,valid_lcx_cvar
43,0,70,0.1,0.1,0.0,-0.6532093079884451,0.0,-0.7290556031295051,0,0.410029271266563,-0.8155332651445945,-0.9020878743647862,-0.5099327636970326,-0.689391730999813
