outer_iter,context_val,seed,alpha,eps,test_lcx_prob,test_lcx_obj,valid_lcx_prob,valid_lcx_obj,time,in_val,test_avg,valid_avg,test_lcx_cvar,valid_lcx_cvar
61,14,70,0.1,0.1,0.0,-0.4630805429597111,0.0,-0.5137916170180868,80401.6426448822,0.46063868471406416,-0.7791020115568701,-0.8148215558644034,-0.2725141635552211,-0.45524744869965195
