outer_iter,context_val,seed,alpha,eps,test_lcx_prob,test_lcx_obj,valid_lcx_prob,valid_lcx_obj,time,in_val,test_avg,valid_avg,test_lcx_cvar,valid_lcx_cvar
58,11,70,0.1,0.1,0.0,-0.7246938744982673,0.0,-0.7434244641782196,0,0.5059979650583963,-0.8397585539682776,-0.9554517371174015,-0.6782310902783745,-0.7326020023860589
