outer_iter,context_val,seed,alpha,eps,test_lcx_prob,test_lcx_obj,valid_lcx_prob,valid_lcx_obj,time,in_val,test_avg,valid_avg,test_lcx_cvar,valid_lcx_cvar
53,2,70,0.1,0.1,0.0,-0.6355466088275477,0.0,-0.5536575075632395,0,0.46175949526435867,-0.820630790467606,-0.8780179153287592,-0.54892902386717,-0.5346747911633221
