outer_iter,context_val,seed,alpha,eps,test_lcx_prob,test_lcx_obj,valid_lcx_prob,valid_lcx_obj,time,in_val,test_avg,valid_avg,test_lcx_cvar,valid_lcx_cvar
42,2,70,0.1,0.1,0.0,-0.5981921300190393,0.0,-0.6207215121546653,0,0.47278193980732597,-0.8302546614797662,-0.8619498442786275,-0.5811418010922773,-0.6134204855364496
