outer_iter,context_val,seed,alpha,eps,test_lcx_prob,test_lcx_obj,valid_lcx_prob,valid_lcx_obj,time,in_val,test_avg,valid_avg,test_lcx_cvar,valid_lcx_cvar
52,3,70,0.1,0.1,0.0,-0.5605298892946216,0.0,-0.40152100053155054,0,0.3816612263952223,-0.7851179015889568,-0.7477253866811775,-0.46685064616016064,-0.39675499949218435
