outer_iter,context_val,seed,alpha,eps,test_lcx_prob,test_lcx_obj,valid_lcx_prob,valid_lcx_obj,time,in_val,test_avg,valid_avg,test_lcx_cvar,valid_lcx_cvar
49,6,70,0.1,0.1,0.0,-0.5825153980101893,0.0,-0.7284125993648832,0,0.3648471897989042,-0.830711877776236,-0.8351754882162158,-0.43166817330940455,-0.6400622980154341
