outer_iter,context_val,seed,alpha,eps,test_lcx_prob,test_lcx_obj,valid_lcx_prob,valid_lcx_obj,time,in_val,test_avg,valid_avg,test_lcx_cvar,valid_lcx_cvar
61,8,70,0.1,0.1,0.0,-0.5502633434097108,0.0,-0.6877717295040584,80283.02781581879,0.4762869849017501,-0.7734953331251206,-0.8468594674883309,-0.5052467151378861,-0.6413929718259639
