outer_iter,context_val,seed,alpha,eps,test_lcx_prob,test_lcx_obj,valid_lcx_prob,valid_lcx_obj,time,in_val,test_avg,valid_avg,test_lcx_cvar,valid_lcx_cvar
61,0,80,0.1,0.1,0.0,-0.6221617099478749,0.0,-0.7037574604739524,76320.28149461746,0.4203093766579121,-0.7914157509444447,-0.7851362637340945,-0.5422185498300435,-0.6322351310864989
