outer_iter,context_val,seed,alpha,eps,test_lcx_prob,test_lcx_obj,valid_lcx_prob,valid_lcx_obj,time,in_val,test_avg,valid_avg,test_lcx_cvar,valid_lcx_cvar
61,18,80,0.1,0.1,0.0,-0.6120105081981936,0.0,-0.6398790762389127,77509.78572940826,0.415393566040072,-0.8339192068000826,-0.8226727608850943,-0.5264144811674326,-0.5845708316626574
