outer_iter,context_val,seed,alpha,eps,test_lcx_prob,test_lcx_obj,valid_lcx_prob,valid_lcx_obj,time,in_val,test_avg,valid_avg
61,16,80,0.1,0.1,0.0,-0.5775866077606363,0.0,-0.6297363665470281,82930.2860724926,0.5081407687455316,-0.8272867273391369,-0.8324776479509042
