outer_iter,context_val,seed,alpha,eps,test_lcx_prob,test_lcx_obj,valid_lcx_prob,valid_lcx_obj,time,in_val,test_avg,valid_avg,test_lcx_cvar,valid_lcx_cvar
61,11,80,0.1,0.1,0.0,-0.6559914657516914,0.0,-0.586485556654089,83688.58364796638,0.5312422112596117,-0.79721479316306,-0.8335793626127991,-0.48021224236628096,-0.42003641074166864
