outer_iter,context_val,seed,alpha,eps,test_lcx_prob,test_lcx_obj,valid_lcx_prob,valid_lcx_obj,time,in_val,test_avg,valid_avg,test_lcx_cvar,valid_lcx_cvar
59,11,80,0.1,0.1,0.0,-0.6042085419596562,0.0,-0.6162793820056387,0,0.5312644730955607,-0.7952550024617038,-0.8320817830513301,-0.45050786140561494,-0.4357944721384184
