outer_iter,context_val,seed,alpha,eps,test_lcx_prob,test_lcx_obj,valid_lcx_prob,valid_lcx_obj,time,in_val,test_avg,valid_avg,test_lcx_cvar,valid_lcx_cvar
41,2,80,0.1,0.1,0.0,-0.6037315510272867,0.0,-0.6298031920313266,0,0.2748970545365173,-0.8385058226476995,-0.84729451270457,-0.5744687803544132,-0.5044905749066864
