outer_iter,context_val,seed,alpha,eps,test_lcx_prob,test_lcx_obj,valid_lcx_prob,valid_lcx_obj,time,in_val,test_avg,valid_avg,test_lcx_cvar,valid_lcx_cvar
48,3,80,0.1,0.1,0.0,-0.6222924749895644,0.0,-0.5429296277157826,0,0.47801496482907857,-0.8380631049862569,-0.8207608487885716,-0.3987071131220984,-0.5098184401179572
