outer_iter,context_val,seed,alpha,eps,test_lcx_prob,test_lcx_obj,valid_lcx_prob,valid_lcx_obj,time,in_val,test_avg,valid_avg,test_lcx_cvar,valid_lcx_cvar
56,4,80,0.1,0.1,0.0,-0.6549339155279092,0.0,-0.7143981274492083,0,0.27295725767206197,-0.7886233708874607,-0.8812480500691469,-0.5681664969731425,-0.7027621134938391
