outer_iter,context_val,seed,alpha,eps,test_lcx_prob,test_lcx_obj,valid_lcx_prob,valid_lcx_obj,time,in_val,test_avg,valid_avg,test_lcx_cvar,valid_lcx_cvar
47,8,80,0.1,0.1,0.0,-0.6729332048873006,0.0,-0.6009717522099169,0,0.4354424935498627,-0.8081459401280597,-0.7657056986713706,-0.5636480002914971,-0.5490515773246661
