outer_iter,context_val,seed,alpha,eps,test_lcx_prob,test_lcx_obj,valid_lcx_prob,valid_lcx_obj,time,in_val,test_avg,valid_avg,test_lcx_cvar,valid_lcx_cvar
49,9,80,0.1,0.1,0.0,-0.6583001500188165,0.0,-0.5700422101045745,0,0.2211801285810155,-0.7617298052632129,-0.7307644624579857,-0.5990274184919467,-0.5125762691133675
