outer_iter,context_val,seed,alpha,eps,test_lcx_prob,test_lcx_obj,valid_lcx_prob,valid_lcx_obj,time,in_val,test_avg,valid_avg,test_lcx_cvar,valid_lcx_cvar
56,17,90,0.1,0.1,0.0,-0.7032885978174505,0.0,-0.6892322973395618,0,0.4239986673788203,-0.8314078309149249,-0.8665721211486686,-0.6558493617030808,-0.5402195430353283
