outer_iter,context_val,seed,alpha,eps,test_lcx_prob,test_lcx_obj,valid_lcx_prob,valid_lcx_obj,time,in_val,test_avg,valid_avg,test_lcx_cvar,valid_lcx_cvar
61,15,90,0.1,0.1,0.0,-0.589944518853018,0.0,-0.7258167166264013,83065.65449142456,0.37654899835389044,-0.8422615138755848,-0.8151127695947331,-0.4741116972272533,-0.5647966206032097
