outer_iter,context_val,seed,alpha,eps,test_lcx_prob,test_lcx_obj,valid_lcx_prob,valid_lcx_obj,time,in_val,test_avg,valid_avg,test_lcx_cvar,valid_lcx_cvar
60,11,90,0.1,0.1,0.0,-0.6169318119815378,0.0,-0.5991977877090008,0,0.3938857782359685,-0.8103712569072894,-0.8244372620368974,-0.5151785844230291,-0.5942698776749187
