outer_iter,context_val,seed,alpha,eps,test_lcx_prob,test_lcx_obj,valid_lcx_prob,valid_lcx_obj,time,in_val,test_avg,valid_avg,test_lcx_cvar,valid_lcx_cvar
58,12,90,0.1,0.1,0.0,-0.635022382196644,0.0,-0.6901671238780547,0,0.4313848699277139,-0.8305364732597281,-0.8427849695956443,-0.5347872274875702,-0.5878226371191438
