outer_iter,context_val,seed,alpha,eps,test_lcx_prob,test_lcx_obj,valid_lcx_prob,valid_lcx_obj,time,in_val,test_avg,valid_avg,test_lcx_cvar,valid_lcx_cvar
48,3,90,0.1,0.1,0.0,-0.6288976300651069,0.0,-0.5433076874196304,0,0.3865159530375556,-0.7917908187423263,-0.783649767302838,-0.5681575108598748,-0.5335319071195433
