outer_iter,context_val,seed,alpha,eps,test_lcx_prob,test_lcx_obj,valid_lcx_prob,valid_lcx_obj,time,in_val,test_avg,valid_avg
32,4,90,0.1,0.1,0.0,-0.49302851274889586,0.0,-0.4540797587558669,46841.01138854027,0.42129461160506404,-0.86367946941094,-0.8580248664936239
