outer_iter,context_val,seed,alpha,eps,test_lcx_prob,test_lcx_obj,valid_lcx_prob,valid_lcx_obj,time,in_val,test_avg,valid_avg,test_lcx_cvar,valid_lcx_cvar
61,8,90,0.1,0.1,0.0,-0.5698853573718061,0.0,-0.6094658504340025,82886.49101185799,0.38058899596693446,-0.8027834393389638,-0.8118665515440465,-0.49204267978161376,-0.5078364760427534
