outer_iter,context_val,seed,alpha,eps,test_lcx_prob,test_lcx_obj,valid_lcx_prob,valid_lcx_obj,time,in_val,test_avg,valid_avg,test_lcx_cvar,valid_lcx_cvar
47,8,90,0.1,0.1,0.0,-0.6321919017717728,0.0,-0.5660676946752535,0,0.3960262910335593,-0.7925835940676873,-0.7755039626715298,-0.5678722057937641,-0.5088728132054073
