,mean_eta,mean_init_rho,mean_valid_obj,mean_valid_prob,mean_test_obj,mean_test_prob,0.25_eta,0.25_init_rho,0.25_valid_obj,0.25_valid_prob,0.25_test_obj,0.25_test_prob,0.75_eta,0.75_init_rho,0.75_valid_obj,0.75_valid_prob,0.75_test_obj,0.75_test_prob
0,0.1,1.0,859.9709570465576,0.40868,855.4617119827252,0.407344,0.1,1.0,-414.6937646437433,0.0,-414.58963374254256,0.0,0.1,1.0,559.541951281301,1.0,565.1980342335197,1.0
1,0.2,1.0,-388.44871311447156,0.41919999999999996,-388.39984099961936,0.418744,0.2,1.0,-420.9976903269676,0.005,-420.77810635052816,0.006,0.2,1.0,-363.70435492885184,1.0,-363.5378278861412,0.996
2,0.25,1.0,-391.92923919930683,0.42842,-391.9091106824204,0.43132,0.25,1.0,-420.39064063331773,0.005,-420.1452749124129,0.01,0.25,1.0,-373.2764378220393,0.99875,-372.7341828423499,0.998
3,0.3,1.0,-311.10193924368957,0.45986,-311.59202433832456,0.456432,0.3,1.0,-425.4527705055605,0.015,-425.26237919385454,0.008,0.3,1.0,-326.0038438858693,1.0,-328.08129692972295,1.0
4,0.33,1.0,-372.11487020331157,0.5149199999999999,-371.801319120034,0.5130399999999999,0.33,1.0,-424.51060635087026,0.065,-424.1914391962515,0.0625,0.33,1.0,-338.428044045934,1.0,-338.1395920505223,1.0
5,0.35,1.0,-393.17360037983696,0.47914,-392.7843378447482,0.479344,0.35,1.0,-426.2345032766808,0.02125,-425.74229231497236,0.0245,0.35,1.0,-367.48255438039445,1.0,-367.20124170334935,1.0
6,0.4,1.0,-394.6671981824876,0.47346,-394.28781591279267,0.476192,0.4,1.0,-421.6644451071584,0.04,-421.0017648851137,0.0425,0.4,1.0,-377.83033259585477,1.0,-377.8032227629655,1.0
7,0.5,1.0,-402.57371589037297,0.49795999999999996,-402.14345145397306,0.50192,0.5,1.0,-422.0302836791816,0.04,-421.46461788815293,0.0445,0.5,1.0,-386.9271941155642,0.995,-386.5756439381435,1.0
