,mean_eta,mean_init_rho,mean_valid_obj,mean_valid_prob,mean_test_obj,mean_test_prob,0.25_eta,0.25_init_rho,0.25_valid_obj,0.25_valid_prob,0.25_test_obj,0.25_test_prob,0.75_eta,0.75_init_rho,0.75_valid_obj,0.75_valid_prob,0.75_test_obj,0.75_test_prob
0,0.1,1.0,127.58041061813289,0.10022,125.48117974127922,0.098824,0.1,1.0,-344.52613015865427,0.0,-344.56901505549456,0.0,0.1,1.0,409.9449537843085,0.02,407.2890059845875,0.0295
1,0.15,1.0,-370.3759875100314,0.019760000000000003,-370.2020172744189,0.019072,0.15,1.0,-389.74348515772436,0.0,-389.55968983171846,0.002,0.15,1.0,-352.80252878764486,0.03,-352.44752497585364,0.0255
2,0.2,1.0,-377.28824280793185,0.02062,-377.08133648594696,0.020176,0.2,1.0,-392.07215636641433,0.005,-391.7443255250805,0.0,0.2,1.0,-364.17888668423956,0.025,-364.30878281099217,0.024
3,0.25,1.0,-380.76785357451826,0.02868,-380.5489501037097,0.028936,0.25,1.0,-395.3398309425718,0.005,-395.0976504959529,0.002,0.25,1.0,-367.76054944089356,0.035,-367.4199373856301,0.0335
4,0.3,1.0,-383.75121172024916,0.02912,-383.3790612415905,0.029056000000000002,0.3,1.0,-395.9860821382667,0.005,-395.57510578805636,0.004,0.3,1.0,-372.45157572752737,0.035,-371.9743417920843,0.031
5,0.33,1.0,-383.3336066830929,0.0353,-382.88911719960606,0.036376,0.33,1.0,-396.21240221518315,0.005,-395.86074201945814,0.004,0.33,1.0,-370.9316983117966,0.03875,-370.7239406946237,0.036
6,0.35,1.0,-386.564986188624,0.03394,-386.0817074900864,0.03508,0.35,1.0,-397.8637233853428,0.005,-397.504428715176,0.002,0.35,1.0,-376.18202821803834,0.03875,-375.51696533257086,0.0375
7,0.4,1.0,-390.89592291585564,0.047700000000000006,-390.4983159540827,0.049768,0.4,1.0,-401.4102290845209,0.005,-400.9491325181154,0.004,0.4,1.0,-381.0278393245901,0.055,-380.67228597306394,0.064
8,0.5,1.0,-391.85221030087985,0.056,-391.57199798697314,0.058752000000000006,0.5,1.0,-401.10136428108717,0.01,-400.85026275730775,0.006,0.5,1.0,-383.46017995244426,0.06375,-383.319520809935,0.0735
