,mean_eta,mean_init_rho,mean_valid_obj,mean_valid_prob,mean_test_obj,mean_test_prob,0.25_eta,0.25_init_rho,0.25_valid_obj,0.25_valid_prob,0.25_test_obj,0.25_test_prob,0.75_eta,0.75_init_rho,0.75_valid_obj,0.75_valid_prob,0.75_test_obj,0.75_test_prob
0,0.1,1.0,3392.3872347532006,0.009322222222222223,3375.7355317760216,0.009684444444444443,0.1,1.0,-251.61446569895494,0.0,-251.8057727948116,0.0,0.1,1.0,2520.356369046345,0.0,2515.187133409057,0.0
1,0.2,1.0,-277.95296365412355,0.011866666666666666,-278.2864078051561,0.012884444444444445,0.2,1.0,-359.1257354612844,0.0,-359.10138814633143,0.0,0.2,1.0,-208.98528332370847,0.005,-209.13192571835017,0.004
2,0.25,1.0,-308.67276332918334,0.013311111111111112,-308.4190857646729,0.012404444444444444,0.25,1.0,-375.31915392098347,0.0,-375.1677268677704,0.0,0.25,1.0,-248.0112959724488,0.005,-248.0292094371254,0.002
3,0.3,1.0,-310.5392499498352,0.015466666666666667,-310.31357795817473,0.014337777777777777,0.3,1.0,-377.1537652506284,0.0,-376.4913331358944,0.0,0.3,1.0,-250.09353621572137,0.01,-249.60331774913215,0.004
4,0.33,1.0,-316.75256550705024,0.015855555555555557,-316.6316369273427,0.015395555555555555,0.33,1.0,-377.1936192813412,0.0,-377.2021528931559,0.0,0.33,1.0,-261.0032119349189,0.005,-260.70347452175406,0.0035
5,0.35,1.0,-320.74284670064236,0.019066666666666666,-320.61426837719364,0.018013333333333333,0.35,1.0,-382.68341940583343,0.0,-382.4123139187398,0.0,0.35,1.0,-265.0951881488993,0.01,-265.02449903432023,0.006
6,0.4,1.0,-324.228324993492,0.020077777777777778,-324.11397246282775,0.019417777777777777,0.4,1.0,-381.5506139307083,0.0,-381.3166952730477,0.0,0.4,1.0,-271.9322195238203,0.01,-271.82137925422376,0.004
7,0.5,1.0,-331.1256975595724,0.02677777777777778,-330.93963103455684,0.02652,0.5,1.0,-388.88767092309627,0.0,-388.671741809881,0.0,0.5,1.0,-278.9741983345197,0.015,-279.28213462221356,0.012
