,mean_eta,mean_init_rho,mean_valid_obj,mean_valid_prob,mean_test_obj,mean_test_prob,0.25_eta,0.25_init_rho,0.25_valid_obj,0.25_valid_prob,0.25_test_obj,0.25_test_prob,0.75_eta,0.75_init_rho,0.75_valid_obj,0.75_valid_prob,0.75_test_obj,0.75_test_prob
0,0.1,1.0,2279.1917713370185,0.32266,2267.97463181472,0.321032,0.1,1.0,-403.73530222924114,0.0,-403.5174838837567,0.0,0.1,1.0,1352.145349277614,0.93,1340.0174875931607,0.928
1,0.2,1.0,-387.7788263121362,0.39102,-387.4699213452055,0.39044,0.2,1.0,-413.9082759774755,0.0,-413.50049006586164,0.002,0.2,1.0,-366.32132547904195,0.96875,-366.07323942660634,0.9604999999999999
2,0.25,1.0,-390.8805507389451,0.40638,-390.5830147808727,0.4074,0.25,1.0,-415.5510750582611,0.0,-415.51858298403164,0.002,0.25,1.0,-370.5564595406453,0.9824999999999999,-369.9830293361108,0.984
3,0.3,1.0,-396.15569268094373,0.41678,-395.78741094506637,0.416656,0.3,1.0,-418.12064124097606,0.0,-417.5623312094947,0.0025,0.3,1.0,-379.60188851675775,0.985,-378.80962737597184,0.985
4,0.33,1.0,-397.4581143262662,0.41364,-397.1198119642227,0.4148,0.33,1.0,-421.5864115046258,0.0,-421.1629572704658,0.002,0.33,1.0,-378.8541605818234,0.96,-378.22116873888564,0.9584999999999999
5,0.35,1.0,-397.1712215365796,0.41958,-396.83694875476635,0.420696,0.35,1.0,-417.68667144616813,0.005,-417.22288815279035,0.004,0.35,1.0,-381.5739428308729,0.98375,-381.28793801337844,0.9775
6,0.4,1.0,-399.67300179338235,0.42768,-399.3277081056718,0.42864800000000003,0.4,1.0,-419.9486707400407,0.01,-419.5255340975832,0.008,0.4,1.0,-385.7017175197177,0.985,-385.11648618541994,0.9835
7,0.5,1.0,-401.4468548404482,0.45326,-401.07417810303576,0.456464,0.5,1.0,-422.31354434907513,0.01,-421.9506857618612,0.014,0.5,1.0,-386.4218176015072,0.985,-385.79292718206443,0.992
