seed,rho,a_seed,eta,gamma,init_rho,valid_obj,valid_prob,test_obj,test_prob,time,valid_cover,test_cover,valid_in,test_in,avg_val
80,1,80,0.15,1,1,-0.479570391509469,0.0,-0.5018496851389049,0.002,0.002201294,0.0,0.0,-0.5378908637517064,-0.550071586377862,-0.8348040632295484
