seed,rho,a_seed,eta,gamma,init_rho,valid_obj,valid_prob,test_obj,test_prob,time,valid_cover,test_cover,valid_in,test_in,avg_val
20,1,20,0.15,1,1,-0.5595266085975745,0.0,-0.5781248014242177,0.0,0.002403296,0.0,0.0,-0.5975086903568959,-0.6136067059893964,-0.8366022733686247
