seed,rho,a_seed,eta,gamma,init_rho,valid_obj,valid_prob,test_obj,test_prob,time,valid_cover,test_cover,valid_in,test_in,avg_val
30,1,30,0.15,1,1,-0.41644997800435324,0.0,-0.4450426302012982,0.003,0.002393326,0.0,0.0,-0.48635132606981996,-0.49941189033578576,-0.8812533915116836
