seed,rho,a_seed,eta,gamma,init_rho,valid_obj,valid_prob,test_obj,test_prob,time,valid_cover,test_cover,valid_in,test_in,avg_val
50,1,50,0.15,1,1,-0.5930402282792472,0.0,-0.5744543994603509,0.0,0.002245675,0.0,0.0,-0.6278747674737224,-0.6123661306677615,-0.8527731679592625
