seed,rho,a_seed,eta,gamma,init_rho,valid_obj,valid_prob,test_obj,test_prob,time,valid_cover,test_cover,valid_in,test_in,avg_val
60,1,60,0.15,1,1,-0.5855587272107922,0.0,-0.5612204722638557,0.0,0.002422516,0.0,0.0,-0.6204501744849549,-0.6015060308244621,-0.8616089601790949
