seed,rho,a_seed,eta,gamma,init_rho,valid_obj,valid_prob,test_obj,test_prob,time,valid_cover,test_cover,valid_in,test_in,avg_val
70,1,70,0.15,1,1,-0.519193738169564,0.0,-0.545474343318104,0.0,0.002290745,0.0,0.0,-0.5577823305544851,-0.5802895942100519,-0.8119470153299075
