seed,rho,a_seed,eta,gamma,init_rho,valid_obj,valid_prob,test_obj,test_prob,time,valid_cover,test_cover,valid_in,test_in,avg_val
90,1,90,0.15,1,1,-0.5453509394518445,0.0,-0.548426445922835,0.0,0.002464167,0.0,0.0,-0.5915259080164053,-0.5892174205954427,-0.8394778231941051
