seed,a_seed,nonrob_prob,nonrob_obj,scenario_probs,scenario_obj
10,10,1.0,-428.15716308482513,0.5513468840025009,-397.58137051302276
