seed,a_seed,nonrob_prob,nonrob_obj,scenario_probs,scenario_obj
30,30,1.0,-427.73734264026996,0.6076301553671485,-401.39907423194586
