outer_iter,context_val,seed,alpha,eps,test_lcx_prob,test_lcx_obj,valid_lcx_prob,valid_lcx_obj,time,in_val,test_avg,valid_avg,test_lcx_cvar,valid_lcx_cvar
61,10,0,0.1,0.1,0.0,-0.5847057941325657,0.0,-0.49915631083044576,85117.25208544731,0.33679662332878435,-0.7962745641344792,-0.7759096262090907,-0.5332169654924791,-0.4843724196881827
