outer_iter,context_val,seed,alpha,eps,test_lcx_prob,test_lcx_obj,valid_lcx_prob,valid_lcx_obj,time,in_val,test_avg,valid_avg,test_lcx_cvar,valid_lcx_cvar
61,11,0,0.1,0.1,0.0,-0.6305749529157291,0.0,-0.5713808787129812,80270.65013122559,0.409462018795729,-0.8144741947493437,-0.7448701461482873,-0.5692558094050335,-0.4482975153119445
