outer_iter,context_val,seed,alpha,eps,test_lcx_prob,test_lcx_obj,valid_lcx_prob,valid_lcx_obj,time,in_val,test_avg,valid_avg,test_lcx_cvar,valid_lcx_cvar
61,12,0,0.1,0.1,0.0,-0.5783609977087684,0.0,-0.6535697731513365,79573.86600208282,0.34545149826151195,-0.7675029098726744,-0.8378883655201556,-0.45889415148471624,-0.6477042787464624
