outer_iter,context_val,seed,alpha,eps,test_lcx_prob,test_lcx_obj,valid_lcx_prob,valid_lcx_obj,time,in_val,test_avg,valid_avg,test_lcx_cvar,valid_lcx_cvar
61,18,0,0.1,0.1,0.0,-0.562800810178913,0.0,-0.5078801583760946,82469.07964134216,0.326252217611635,-0.7692482345250607,-0.7523911098731907,-0.4704491413628397,-0.48034354899121734
