outer_iter,context_val,seed,alpha,eps,test_lcx_prob,test_lcx_obj,valid_lcx_prob,valid_lcx_obj,time,in_val,test_avg,valid_avg,test_lcx_cvar,valid_lcx_cvar
61,6,0,0.1,0.1,0.0,-0.6022955151698849,0.0,-0.5073636809233938,77361.07715058327,0.32125273996860826,-0.7977408930296557,-0.7628102636592861,-0.37690090035273655,-0.3750597711976224
