outer_iter,context_val,seed,alpha,eps,test_lcx_prob,test_lcx_obj,valid_lcx_prob,valid_lcx_obj,time,in_val,test_avg,valid_avg,test_lcx_cvar,valid_lcx_cvar
61,9,0,0.1,0.1,0.0,-0.6782136836568396,0.0,-0.6324225323666258,79604.61171555519,0.42735685596976436,-0.8531653521994926,-0.9017122559423651,-0.6600655321036407,-0.614215414777538
