outer_iter,context_val,seed,alpha,eps,test_lcx_prob,test_lcx_obj,valid_lcx_prob,valid_lcx_obj,time,in_val,test_avg,valid_avg,test_lcx_cvar,valid_lcx_cvar
61,17,10,0.1,0.1,0.0,-0.5971292233988684,0.0,-0.621746711805264,83147.40674757957,0.4113936972627308,-0.807263401657038,-0.82222866990484,-0.5192227066350676,-0.5014617473694116
