outer_iter,context_val,seed,alpha,eps,test_lcx_prob,test_lcx_obj,valid_lcx_prob,valid_lcx_obj,time,in_val,test_avg,valid_avg,test_lcx_cvar,valid_lcx_cvar
61,13,10,0.1,0.1,0.0,-0.5709690638301669,0.0,-0.5592336742176308,77898.49337244034,0.32009380019100114,-0.7807006749335561,-0.7803254575719435,-0.5204677591424901,-0.551069594947867
