outer_iter,context_val,seed,alpha,eps,test_lcx_prob,test_lcx_obj,valid_lcx_prob,valid_lcx_obj,time,in_val,test_avg,valid_avg,test_lcx_cvar,valid_lcx_cvar
59,2,10,0.1,0.1,0.0,-0.6778302117664711,0.0,-0.6237455515848559,0,0.3572049022120801,-0.826295247505383,-0.8096069400617625,-0.6292465410879232,-0.5621441912843588
