outer_iter,context_val,seed,alpha,eps,test_lcx_prob,test_lcx_obj,valid_lcx_prob,valid_lcx_obj,time,in_val,test_avg,valid_avg,test_lcx_cvar,valid_lcx_cvar
61,4,10,0.1,0.1,0.0,-0.4472384303404561,0.0,-0.6218593854121099,78241.09508228302,0.39473818928870624,-0.7809849697384724,-0.836405385428129,-0.17043540174093097,-0.4796908574960532
