outer_iter,context_val,seed,alpha,eps,test_lcx_prob,test_lcx_obj,valid_lcx_prob,valid_lcx_obj,time,in_val,test_avg,valid_avg,test_lcx_cvar,valid_lcx_cvar
61,8,10,0.1,0.1,0.0,-0.5908888956802325,0.0,-0.7354594060974995,80113.95145773888,0.38186136539592663,-0.8009411544150942,-0.8455143348298344,-0.5214204336044702,-0.6164563836412659
