outer_iter,context_val,seed,alpha,eps,test_lcx_prob,test_lcx_obj,valid_lcx_prob,valid_lcx_obj,time,in_val,test_avg,valid_avg,test_lcx_cvar,valid_lcx_cvar
61,11,20,0.1,0.1,0.0,-0.6466673901377894,0.0,-0.5843564371111609,81280.68521428108,0.42308519623006896,-0.9155399669906025,-0.856207220709726,-0.5614186168028462,-0.45660156928626516
