outer_iter,context_val,seed,alpha,eps,test_lcx_prob,test_lcx_obj,valid_lcx_prob,valid_lcx_obj,time,in_val,test_avg,valid_avg,test_lcx_cvar,valid_lcx_cvar
61,5,20,0.1,0.1,0.0,-0.6363570962292437,0.0,-0.4195757951130633,78474.71671891212,0.380260638168857,-0.8216071628594388,-0.7666451154825293,-0.5740236231398778,-0.38427788804662844
