outer_iter,context_val,seed,alpha,eps,test_lcx_prob,test_lcx_obj,valid_lcx_prob,valid_lcx_obj,time,in_val,test_avg,valid_avg,test_lcx_cvar,valid_lcx_cvar
61,7,20,0.1,0.1,0.0,-0.5574038022729758,0.0,-0.6416815443069565,80706.1880915165,0.36366068618264497,-0.8025479969164286,-0.8021506353310955,-0.43832533920881545,-0.5394435740030094
