outer_iter,context_val,seed,alpha,eps,test_lcx_prob,test_lcx_obj,valid_lcx_prob,valid_lcx_obj,time,in_val,test_avg,valid_avg,test_lcx_cvar,valid_lcx_cvar
61,8,20,0.1,0.1,0.0,-0.6668573332093077,0.0,-0.5743086069694806,80980.67863059044,0.4080303350317815,-0.8168535976619771,-0.8226819671027785,-0.48714489595177246,-0.45223881057336507
