outer_iter,context_val,seed,alpha,eps,test_lcx_prob,test_lcx_obj,valid_lcx_prob,valid_lcx_obj,time,in_val,test_avg,valid_avg,test_lcx_cvar,valid_lcx_cvar
51,19,30,0.1,0.1,0.0,-0.6902085393996207,0.0,-0.5909133203969387,73247.18982934952,0.3192360182357775,-0.8412875095455331,-0.8554412784310176,-0.5923829803224184,-0.5403230963739286
