outer_iter,context_val,seed,alpha,eps,test_lcx_prob,test_lcx_obj,valid_lcx_prob,valid_lcx_obj,time,in_val,test_avg,valid_avg,test_lcx_cvar,valid_lcx_cvar
61,18,30,0.1,0.1,0.0,-0.42503594879587103,0.0,-0.5790773265014263,80854.38227701187,0.35853570286424624,-0.8176309614037274,-0.8292981341380719,-0.2933999621391956,-0.544795652540405
