outer_iter,context_val,seed,alpha,eps,test_lcx_prob,test_lcx_obj,valid_lcx_prob,valid_lcx_obj,time,in_val,test_avg,valid_avg,test_lcx_cvar,valid_lcx_cvar
61,16,30,0.1,0.1,0.0,-0.5491348683072171,0.0,-0.49135594113326003,84561.89095282555,0.3681081623599566,-0.8159242294150885,-0.7445009664212755,-0.43558291803162275,-0.4565743526643242
