outer_iter,context_val,seed,alpha,eps,test_lcx_prob,test_lcx_obj,valid_lcx_prob,valid_lcx_obj,time,in_val,test_avg,valid_avg,test_lcx_cvar,valid_lcx_cvar
37,13,30,0.1,0.1,0.0,-0.42263715186628725,0.0,-0.3482067954464912,49598.64003920555,0.4651048720208119,-0.8758876740920508,-0.7771097140936303,-0.23737051779879567,-0.11229401351307695
