outer_iter,context_val,seed,alpha,eps,test_lcx_prob,test_lcx_obj,valid_lcx_prob,valid_lcx_obj,time,in_val,test_avg,valid_avg,test_lcx_cvar,valid_lcx_cvar
61,1,30,0.1,0.1,0.0,-0.5004981666825357,0.0,-0.4577127387346809,80592.46257257462,0.38811931244616477,-0.8002155849778178,-0.7803538467381756,-0.3069641375601396,-0.39877997271144067
