outer_iter,context_val,seed,alpha,eps,test_lcx_prob,test_lcx_obj,valid_lcx_prob,valid_lcx_obj,time,in_val,test_avg,valid_avg,test_lcx_cvar,valid_lcx_cvar
61,7,30,0.1,0.1,0.0,-0.5688874092258852,0.0,-0.5323673692320359,79140.43947863579,0.3322906621057231,-0.8744994314751988,-0.8144200909157981,-0.5032836019078635,-0.4779226861355781
