outer_iter,context_val,seed,alpha,eps,test_lcx_prob,test_lcx_obj,valid_lcx_prob,valid_lcx_obj,time,in_val,test_avg,valid_avg,test_lcx_cvar,valid_lcx_cvar
61,16,40,0.1,0.1,0.0,-0.6498625549727202,0.0,-0.6103211655014488,85428.21083498001,0.4007289251060934,-0.8182996022831429,-0.8366642833541278,-0.6153928869664315,-0.5833439678336149
