outer_iter,context_val,seed,alpha,eps,test_lcx_prob,test_lcx_obj,valid_lcx_prob,valid_lcx_obj,time,in_val,test_avg,valid_avg,test_lcx_cvar,valid_lcx_cvar
61,13,40,0.1,0.1,0.0,-0.5206429438991826,0.0,-0.6008948196070921,77122.90062856674,0.3546488130598001,-0.7924746302658779,-0.8340412619070524,-0.47838608895648305,-0.5047514753820503
