outer_iter,context_val,seed,alpha,eps,test_lcx_prob,test_lcx_obj,valid_lcx_prob,valid_lcx_obj,time,in_val,test_avg,valid_avg,test_lcx_cvar,valid_lcx_cvar
61,14,40,0.1,0.1,0.0,-0.6506206510593624,0.0,-0.5265442955241416,81358.5170185566,0.3833229310902126,-0.8738511759883444,-0.7831033371171281,-0.532552529355407,-0.5224712669342106
