outer_iter,context_val,seed,alpha,eps,test_lcx_prob,test_lcx_obj,valid_lcx_prob,valid_lcx_obj,time,in_val,test_avg,valid_avg,test_lcx_cvar,valid_lcx_cvar
52,19,40,0.1,0.1,0.0,-0.6955316872633699,0.0,-0.7196376434679344,74301.17820739746,0.3601284271149419,-0.8368296635651901,-0.8556812772309986,-0.6431052015585833,-0.6668320275215699
