outer_iter,context_val,seed,alpha,eps,test_lcx_prob,test_lcx_obj,valid_lcx_prob,valid_lcx_obj,time,in_val,test_avg,valid_avg,test_lcx_cvar,valid_lcx_cvar
61,15,40,0.1,0.1,0.0,-0.5223985082340432,0.0,-0.5130428237452619,78313.80134677887,0.3525455049473144,-0.8139649432968947,-0.8145610740330368,-0.4365375164630387,-0.4634014845715084
