outer_iter,context_val,seed,alpha,eps,test_lcx_prob,test_lcx_obj,valid_lcx_prob,valid_lcx_obj,time,in_val,test_avg,valid_avg,test_lcx_cvar,valid_lcx_cvar
61,5,40,0.1,0.1,0.0,-0.6394160252241357,0.0,-0.5387667459294503,78462.48170638084,0.38852543555368557,-0.8194067479335546,-0.8492480725938387,-0.4743345297267763,-0.520654168689072
