outer_iter,context_val,seed,alpha,eps,test_lcx_prob,test_lcx_obj,valid_lcx_prob,valid_lcx_obj,time,in_val,test_avg,valid_avg,test_lcx_cvar,valid_lcx_cvar
59,0,50,0.1,0.1,0.0,-0.6655479228044106,0.0,-0.5680580773702532,0,0.3635165381352516,-0.8253087730298838,-0.7867216615270933,-0.6055063280566596,-0.5489703487900552
