outer_iter,context_val,seed,alpha,eps,test_lcx_prob,test_lcx_obj,valid_lcx_prob,valid_lcx_obj,time,in_val,test_avg,valid_avg,test_lcx_cvar,valid_lcx_cvar
61,17,50,0.1,0.1,0.0,-0.5023470424703071,0.0,-0.6367942553359986,83859.84077262878,0.4337275890765523,-0.803193012950248,-0.8101614202665569,-0.339965182927359,-0.567742921772393
