outer_iter,context_val,seed,alpha,eps,test_lcx_prob,test_lcx_obj,valid_lcx_prob,valid_lcx_obj,time,in_val,test_avg,valid_avg,test_lcx_cvar,valid_lcx_cvar
61,14,50,0.1,0.1,0.0,-0.6383767573537358,0.0,-0.7446535811490465,81062.14833664894,0.3378921335317041,-0.8570591429900882,-0.8663161381937806,-0.6062862269608058,-0.7432270274048355
