outer_iter,context_val,seed,alpha,eps,test_lcx_prob,test_lcx_obj,valid_lcx_prob,valid_lcx_obj,time,in_val,test_avg,valid_avg,test_lcx_cvar,valid_lcx_cvar
61,1,50,0.1,0.1,0.0,-0.5497242332533386,0.0,-0.5920256901198027,80102.93152832985,0.36715974951103136,-0.816449023798676,-0.8150142963243124,-0.46259469610345344,-0.5872522073855693
