outer_iter,context_val,seed,alpha,eps,test_lcx_prob,test_lcx_obj,valid_lcx_prob,valid_lcx_obj,time,in_val,test_avg,valid_avg,test_lcx_cvar,valid_lcx_cvar
61,2,50,0.1,0.1,0.0,-0.576103943736975,0.0,-0.48627699703146454,84478.25794959068,0.38203778744742106,-0.8079457443187964,-0.7868288339217804,-0.4140394867669984,-0.47411216170453285
