outer_iter,context_val,seed,alpha,eps,test_lcx_prob,test_lcx_obj,valid_lcx_prob,valid_lcx_obj,time,in_val,test_avg,valid_avg,test_lcx_cvar,valid_lcx_cvar
61,3,50,0.1,0.1,0.0,-0.577141296547081,0.0,-0.5434745194875302,80493.68379998207,0.4061903682591733,-0.8093871565634619,-0.8285085651977081,-0.4000702959985946,-0.5348932742138226
