outer_iter,context_val,seed,alpha,eps,test_lcx_prob,test_lcx_obj,valid_lcx_prob,valid_lcx_obj,time,in_val,test_avg,valid_avg,test_lcx_cvar,valid_lcx_cvar
57,10,60,0.1,0.1,0.0,-0.6592811047840536,0.0,-0.6485964361130753,0,0.3699945645141235,-0.8297633066523559,-0.8439076292677303,-0.5871602598212349,-0.5692086595480992
