outer_iter,context_val,seed,alpha,eps,test_lcx_prob,test_lcx_obj,valid_lcx_prob,valid_lcx_obj,time,in_val,test_avg,valid_avg,test_lcx_cvar,valid_lcx_cvar
61,18,60,0.1,0.1,0.0,-0.667505989994198,0.0,-0.6536944977397161,82423.35019922256,0.31017745320923706,-0.8838829507059752,-0.8693252558528423,-0.5670024247833682,-0.5730560929272424
