outer_iter,context_val,seed,alpha,eps,test_lcx_prob,test_lcx_obj,valid_lcx_prob,valid_lcx_obj,time,in_val,test_avg,valid_avg,test_lcx_cvar,valid_lcx_cvar
61,16,60,0.1,0.1,0.0,-0.5941921491990316,0.0,-0.6346447014850634,84452.62297916412,0.3581353629956529,-0.844437844661087,-0.8167744818319619,-0.5427541158983321,-0.6242910522362182
