outer_iter,context_val,seed,alpha,eps,test_lcx_prob,test_lcx_obj,valid_lcx_prob,valid_lcx_obj,time,in_val,test_avg,valid_avg,test_lcx_cvar,valid_lcx_cvar
61,19,60,0.1,0.1,0.0,-0.630624313443613,0.0,-0.6196636642830514,84183.0731537342,0.27678032412186077,-0.8166697856733538,-0.8420707808027714,-0.5473045374257463,-0.5233625102236907
