outer_iter,context_val,seed,alpha,eps,test_lcx_prob,test_lcx_obj,valid_lcx_prob,valid_lcx_obj,time,in_val,test_avg,valid_avg,test_lcx_cvar,valid_lcx_cvar
61,7,60,0.1,0.1,0.0,-0.6252311330759202,0.0,-0.6866753215616613,80800.94261050224,0.3175062673744252,-0.7872935777239832,-0.8374205378691232,-0.5398793621617226,-0.6474834522766623
