outer_iter,context_val,seed,alpha,eps,test_lcx_prob,test_lcx_obj,valid_lcx_prob,valid_lcx_obj,time,in_val,test_avg,valid_avg,test_lcx_cvar,valid_lcx_cvar
61,9,60,0.1,0.1,0.0,-0.6101144400143755,0.0,-0.585538758744806,80726.12658309937,0.30034099614201615,-0.8250279035308306,-0.8811722502331012,-0.38075036939532736,-0.40565629410525905
