outer_iter,context_val,seed,alpha,eps,test_lcx_prob,test_lcx_obj,valid_lcx_prob,valid_lcx_obj,time,in_val,test_avg,valid_avg,test_lcx_cvar,valid_lcx_cvar
58,0,70,0.1,0.1,0.0,-0.5522351033240948,0.0,-0.46912010017876765,0,0.3253204414086658,-0.7927141685115456,-0.7872452655148306,-0.5313264302100635,-0.4603825629615147
