outer_iter,context_val,seed,alpha,eps,test_lcx_prob,test_lcx_obj,valid_lcx_prob,valid_lcx_obj,time,in_val,test_avg,valid_avg,test_lcx_cvar,valid_lcx_cvar
61,10,70,0.1,0.1,0.0,-0.5966334071634141,0.0,-0.5622916490252121,84128.04524707794,0.2837623863327942,-0.8088941205375331,-0.7850998718771708,-0.4669508855181714,-0.5048433918210301
