outer_iter,context_val,seed,alpha,eps,test_lcx_prob,test_lcx_obj,valid_lcx_prob,valid_lcx_obj,time,in_val,test_avg,valid_avg,test_lcx_cvar,valid_lcx_cvar
61,15,70,0.1,0.1,0.0,-0.5978024545206984,0.0,-0.6112228211421823,76985.21628451347,0.3619726199659527,-0.8206630401412626,-0.8403864896522216,-0.518235227845788,-0.5287782200544205
