outer_iter,context_val,seed,alpha,eps,test_lcx_prob,test_lcx_obj,valid_lcx_prob,valid_lcx_obj,time,in_val,test_avg,valid_avg,test_lcx_cvar,valid_lcx_cvar
61,11,70,0.1,0.1,0.0,-0.6225715728858837,0.0,-0.6058660367820796,80657.22762465477,0.47438967585366837,-0.8141055170793117,-0.8353392585046859,-0.5353180728605909,-0.5852683394006417
