outer_iter,context_val,seed,alpha,eps,test_lcx_prob,test_lcx_obj,valid_lcx_prob,valid_lcx_obj,time,in_val,test_avg,valid_avg,test_lcx_cvar,valid_lcx_cvar
61,5,70,0.1,0.1,0.0,-0.6547100640671409,0.0,-0.507454962778375,78662.19698905945,0.34668561619813676,-0.8154422066994441,-0.8424187682695742,-0.5577378062172563,-0.48208928231755
