outer_iter,context_val,seed,alpha,eps,test_lcx_prob,test_lcx_obj,valid_lcx_prob,valid_lcx_obj,time,in_val,test_avg,valid_avg,test_lcx_cvar,valid_lcx_cvar
61,8,70,0.1,0.1,0.0,-0.4824291649151115,0.0,-0.5699823837036861,80225.51258635521,0.3546771320590309,-0.8074537783535364,-0.8128023679422091,-0.3997979764667753,-0.5153897707871742
