outer_iter,context_val,seed,alpha,eps,test_lcx_prob,test_lcx_obj,valid_lcx_prob,valid_lcx_obj,time,in_val,test_avg,valid_avg,test_lcx_cvar,valid_lcx_cvar
61,10,80,0.1,0.1,0.0,-0.5539250045666765,0.0,-0.5901973802657977,84744.81496286392,0.29043621741237785,-0.836561395389649,-0.8407006310920988,-0.45859204158509276,-0.5210131794799511
