outer_iter,context_val,seed,alpha,eps,test_lcx_prob,test_lcx_obj,valid_lcx_prob,valid_lcx_obj,time,in_val,test_avg,valid_avg,test_lcx_cvar,valid_lcx_cvar
61,19,80,0.1,0.1,0.0,-0.5869152055175753,0.0,-0.7238648166840765,83800.96176075935,0.41269754781828133,-0.8160203688123577,-0.9445074347984207,-0.43103293310371843,-0.630138336130941
