outer_iter,context_val,seed,alpha,eps,test_lcx_prob,test_lcx_obj,valid_lcx_prob,valid_lcx_obj,time,in_val,test_avg,valid_avg,test_lcx_cvar,valid_lcx_cvar
61,1,80,0.1,0.1,0.0,-0.6805003126876724,0.0,-0.5832927337292783,80149.92060637474,0.34954042393949264,-0.8386098528005281,-0.8271488898759995,-0.5741310620454492,-0.5769394192849964
