outer_iter,context_val,seed,alpha,eps,test_lcx_prob,test_lcx_obj,valid_lcx_prob,valid_lcx_obj,time,in_val,test_avg,valid_avg,test_lcx_cvar,valid_lcx_cvar
61,12,80,0.1,0.1,0.0,-0.5651924729746303,0.0,-0.6668215590634927,77373.65655255318,0.34199636245770054,-0.7853136830883446,-0.8045962538465309,-0.5460991047385073,-0.6507835980391259
