outer_iter,context_val,seed,alpha,eps,test_lcx_prob,test_lcx_obj,valid_lcx_prob,valid_lcx_obj,time,in_val,test_avg,valid_avg,test_lcx_cvar,valid_lcx_cvar
61,3,80,0.1,0.1,0.0,-0.543144919467588,0.0,-0.4025538677157817,79851.79177498817,0.4306888182441033,-0.8453413979783461,-0.8530831640784522,-0.492934998725927,-0.3590895253653481
