outer_iter,context_val,seed,alpha,eps,test_lcx_prob,test_lcx_obj,valid_lcx_prob,valid_lcx_obj,time,in_val,test_avg,valid_avg,test_lcx_cvar,valid_lcx_cvar
61,4,80,0.1,0.1,0.0,-0.6327067183276364,0.0,-0.5438692818211267,78831.10822081566,0.208633145753672,-0.8610097624228825,-0.7875675918628047,-0.5089472542114233,-0.4751134745183083
