outer_iter,context_val,seed,alpha,eps,test_lcx_prob,test_lcx_obj,valid_lcx_prob,valid_lcx_obj,time,in_val,test_avg,valid_avg,test_lcx_cvar,valid_lcx_cvar
61,9,80,0.1,0.1,0.0,-0.6553170073114156,0.0,-0.5744079925867025,79143.94542384148,0.22404134788626315,-0.8060488038234624,-0.8332111242486121,-0.5696718057270177,-0.5301187611619465
