outer_iter,context_val,seed,alpha,eps,test_lcx_prob,test_lcx_obj,valid_lcx_prob,valid_lcx_obj,time,in_val,test_avg,valid_avg,test_lcx_cvar,valid_lcx_cvar
61,1,90,0.1,0.1,0.0,-0.5216261801273024,0.0,-0.7446656940247942,74099.3392970562,0.4072462239194067,-0.7946394710669201,-0.8788659093610137,-0.3890174932673711,-0.6741831226778712
