outer_iter,context_val,seed,alpha,eps,test_lcx_prob,test_lcx_obj,valid_lcx_prob,valid_lcx_obj,time,in_val,test_avg,valid_avg,test_lcx_cvar,valid_lcx_cvar
61,5,90,0.1,0.1,0.0,-0.5555106070830778,0.0,-0.5231190308164957,78714.11831068993,0.39241578537994726,-0.8100921045353158,-0.7841302333468694,-0.41116639602972777,-0.33283681935233966
