outer_iter,context_val,seed,alpha,eps,test_lcx_prob,test_lcx_obj,valid_lcx_prob,valid_lcx_obj,time,in_val,test_avg,valid_avg,test_lcx_cvar,valid_lcx_cvar
61,7,90,0.1,0.1,0.0,-0.6221304574297214,0.0,-0.5568894016788801,78994.71329975128,0.2579292693465426,-0.8262643891028866,-0.8173192886276545,-0.5468410176207665,-0.5050904179146849
