outer_iter,context_val,seed,alpha,eps,test_lcx_prob,test_lcx_obj,valid_lcx_prob,valid_lcx_obj,time,in_val,test_avg,valid_avg,test_lcx_cvar,valid_lcx_cvar
61,8,90,0.1,0.1,0.0,-0.5656961058669465,0.0,-0.5813967147241246,80885.5758421421,0.3780420849275353,-0.7854628552407122,-0.774390825188999,-0.4994082127062541,-0.5532047928630056
