seed,a_seed,nonrob_prob,nonrob_obj,scenario_probs,scenario_obj
20,20,0.5982287316668212,-0.8493951301980012,0.1635965345415672,-0.7991592370831634
