seed,a_seed,nonrob_prob,nonrob_obj,scenario_probs,scenario_obj
80,80,0.5656062116523882,-0.8764244771081865,0.15754961688538066,-0.7974906517524901
