seed,a_seed,nonrob_prob,nonrob_obj,scenario_probs,scenario_obj
0,0,0.8161283607562776,-4.949373697840282,0.03501714147805195,-3.4429640312014946
