seed,rho,a_seed,eta,gamma,init_rho,valid_obj,valid_prob,test_obj,test_prob,time,valid_cover,test_cover,valid_in,test_in,avg_val,valid_cvar,test_cvar
20,1,20,0.2,1,1,-0.7094911103736699,0.0,-0.7333806644560021,0.0,0.002204462,0.0,0.0,0.0005665703168522157,0.0002019846731737487,-0.9183215202885386,-0.6145383371964627,-0.6536930142997908
