seed,rho,a_seed,eta,gamma,init_rho,valid_obj,valid_prob,test_obj,test_prob,time,valid_cover,test_cover,valid_in,test_in,valid_avg,avg_val,valid_cvar,test_cvar
20,1,20,0.2,1,1,-0.7441992113026294,0.0,-0.7712482092901598,0.0,0.002858755,0.0,0.0,0.0013826677068345117,0.00044001883179992595,-0.857363444730492,-0.8679138205465419,-0.6523570368719656,-0.697496486639019
