seed,rho,a_seed,eta,gamma,init_rho,valid_obj,valid_prob,test_obj,test_prob,time,valid_cover,test_cover,valid_in,test_in,valid_avg,avg_val,valid_cvar,test_cvar
40,1,40,0.2,1,1,-0.7142838296196644,0.0,-0.7542534241183996,0.0,0.002450832,0.0,0.0,0.003595944836290545,0.003679878722542097,-0.8673791527552828,-0.8720569794151116,-0.6298947667032465,-0.6585784144160766
