seed,rho,a_seed,eta,gamma,init_rho,valid_obj,valid_prob,test_obj,test_prob,time,valid_cover,test_cover,valid_in,test_in,valid_avg,avg_val,valid_cvar,test_cvar
0,1,0,0.3,1,1,-0.5536061047876538,0.0025,-0.5306535738954947,0.0,0.000726236,0.0,0.0,0.06892249014859997,0.06892249014859221,-0.8245461713856759,-0.8295306366824877,-0.40109650390361257,-0.40478774520113103
