seed,rho,a_seed,eta,gamma,init_rho,valid_obj,valid_prob,test_obj,test_prob,time,valid_cover,test_cover,valid_in,test_in,valid_avg,avg_val,valid_cvar,test_cvar
40,1,40,0.12,1,1,-0.6553498264343327,0.0,-0.6478586610491971,0.002,0.002468007,0.0,0.0,0.0015680842089059765,0.0015680842089086436,-0.8590935161694881,-0.8482141693646086,-0.5669170192145285,-0.5345594789613227
