seed,rho,a_seed,eta,gamma,init_rho,valid_obj,valid_prob,test_obj,test_prob,time,valid_cover,test_cover,valid_in,test_in,valid_avg,avg_val,valid_cvar,test_cvar
20,1,20,0.12,1,1,-0.5693522938289981,0.005,-0.5057543981546726,0.002,0.00076841,0.0,0.0,0.0274883479738237,0.025719005085731397,-0.8249901045403678,-0.7939444505661679,-0.39331976264980784,-0.38550943916980507
