seed,rho,a_seed,eta,gamma,init_rho,valid_obj,valid_prob,test_obj,test_prob,time,valid_cover,test_cover,valid_in,test_in,avg_val
50,1,50,0.2,1,1,-0.5670006759099855,0.0,-0.5449788070953069,0.0,0.002376226,0.0,0.0,-0.6251511716203938,-0.6137107106131506,-0.8482394966136573
