seed,rho,a_seed,eta,gamma,init_rho,valid_obj,valid_prob,test_obj,test_prob,time,valid_cover,test_cover,valid_in,test_in,avg_val
80,1,80,0.2,1,1,-0.5744679672094225,0.0,-0.5478051114521673,0.0,0.002422366,0.0,0.0,-0.635496891527315,-0.616497839525731,-0.8238912711472341
