seed,rho,a_seed,eta,gamma,init_rho,valid_obj,valid_prob,test_obj,test_prob,time,valid_cover,test_cover,valid_in,test_in,avg_val
90,1,90,0.2,1,1,-0.527624400142787,0.0,-0.5203688709459114,0.0,0.002368576,0.0,0.0,-0.605462899644346,-0.5967046409953198,-0.8406904744775899
