seed,rho,a_seed,eta,gamma,init_rho,valid_obj,valid_prob,test_obj,test_prob,time,valid_cover,test_cover,valid_in,test_in,avg_val
0,1,0,0.3,1,1,-0.3752604561198824,0.0025,-0.3875685281038366,0.0,0.000386642,0.0,0.0,-0.5499446927319565,-0.5504597255627972,-0.8283682204882407
