seed,rho,a_seed,eta,gamma,init_rho,valid_obj,valid_prob,test_obj,test_prob,time,valid_cover,test_cover,valid_in,test_in,avg_val
30,1,30,0.3,1,1,-0.36475826371873166,0.0,-0.355330009112811,0.004,0.00040936,0.0,0.0,-0.5357034952506897,-0.5146563118533108,-0.806156270334153
