seed,rho,a_seed,eta,gamma,init_rho,valid_obj,valid_prob,test_obj,test_prob,time,valid_cover,test_cover,valid_in,test_in,avg_val
40,1,40,0.3,1,1,-0.27294144883439014,0.0,-0.2373563244449748,0.008,0.00038288,0.0,0.0,-0.4721372671200182,-0.46613730500085826,-0.846342508507643
