seed,rho,a_seed,eta,gamma,init_rho,valid_obj,valid_prob,test_obj,test_prob,time,valid_cover,test_cover,valid_in,test_in,avg_val
50,1,50,0.3,1,1,-0.3097393048178021,0.0,-0.3487839633477848,0.008,0.00039436,0.0,0.0,-0.4960617902940366,-0.5265993487617461,-0.79005586450998
