seed,rho,a_seed,eta,gamma,init_rho,valid_obj,valid_prob,test_obj,test_prob,time,valid_cover,test_cover,valid_in,test_in,avg_val
60,1,60,0.3,1,1,-0.2874189957065266,0.005,-0.26715786172148603,0.006,0.00036381,0.0,0.0,-0.5143359669759848,-0.5027922348282082,-0.8079140322458322
