seed,rho,a_seed,eta,gamma,init_rho,valid_obj,valid_prob,test_obj,test_prob,time,valid_cover,test_cover,valid_in,test_in,avg_val
80,1,80,0.3,1,1,-0.3407225870722255,0.005,-0.381954210442176,0.0,0.00036556,0.0,0.0,-0.493660800931852,-0.5438285664095878,-0.8306767253595438
