seed,rho,a_seed,eta,gamma,init_rho,valid_obj,valid_prob,test_obj,test_prob,time,valid_cover,test_cover,valid_in,test_in,avg_val
90,1,90,0.3,1,1,-0.25166245955658,0.01,-0.3191000395404873,0.002,0.00038101,0.0,0.0,-0.47353558105026355,-0.5048889927979079,-0.823837812317578
