seed,rho,a_seed,eta,gamma,init_rho,valid_obj,valid_prob,test_obj,test_prob,time,valid_cover,test_cover,valid_in,test_in,avg_val
30,1,30,0.2,1,1,-0.36418640178695216,0.0,-0.3554580157806017,0.006,0.00036516,0.0,0.0,-0.46862185612712565,-0.4616287573145425,-0.8291377075263293
