seed,rho,a_seed,eta,gamma,init_rho,valid_obj,valid_prob,test_obj,test_prob,time,valid_cover,test_cover,valid_in,test_in,valid_avg,avg_val,valid_cvar,test_cvar
80,1,80,0.3,1,1,-0.6620290162620688,0.0,-0.6405729804848563,0.0,0.003797457,0.0,0.0,0.021239192173365166,0.02123919217336389,-0.8644721633596986,-0.8484021290045848,-0.5531103857212285,-0.5326721004931433
