seed,rho,a_seed,eta,gamma,init_rho,valid_obj,valid_prob,test_obj,test_prob,time,valid_cover,test_cover,valid_in,test_in,valid_avg,avg_val,valid_cvar,test_cvar
30,1,30,0.1,1,1,-0.5112496631702546,0.005,-0.49528230457326294,0.004,0.00043143,0.0,0.0,0.04643793215505707,0.04643793215503844,-0.809432212441807,-0.7974035104181609,-0.3128786163086761,-0.36182953630925024
