seed,rho,a_seed,eta,gamma,init_rho,valid_obj,valid_prob,test_obj,test_prob,time,valid_cover,test_cover,valid_in,test_in,valid_avg,avg_val,valid_cvar,test_cvar
60,1,60,0.1,1,1,-0.4618793519948323,0.02,-0.49645311334756215,0.012,0.00039815,0.0,0.0,0.013129243172946815,0.013129243172935056,-0.840535208322359,-0.8637695939656387,-0.2389810969172853,-0.2888542707547768
