seed,rho,a_seed,eta,gamma,init_rho,valid_obj,valid_prob,test_obj,test_prob,time,valid_cover,test_cover,valid_in,test_in,avg_val
30,1,30,0.15,1,1,-0.36372302831663256,0.0,-0.3548656526736338,0.006,0.00037696,0.0,0.0,-0.4282389923131379,-0.4202935056054681,-0.8252235399287258
