seed,rho,a_seed,eta,gamma,init_rho,valid_obj,valid_prob,test_obj,test_prob,time,valid_cover,test_cover,valid_in,test_in,avg_val
80,1,80,0.15,1,1,-0.37182193237235434,0.0,-0.40027978479061543,0.002,0.00036523,0.0,0.0,-0.4216238679247047,-0.4466922712707339,-0.8145286183869098
