seed,rho,a_seed,eta,gamma,init_rho,valid_obj,valid_prob,test_obj,test_prob,time,valid_cover,test_cover,valid_in,test_in,valid_avg,avg_val,valid_cvar,test_cvar
40,1,40,0.3,1,1,-0.47454750356996933,0.0,-0.46931906107890925,0.004,0.000662872,0.0,0.0,0.060666529480847844,0.06066652948083813,-0.7944531860715713,-0.8139059252888433,-0.35287263497825433,-0.2982499785119479
