seed,rho,a_seed,eta,gamma,init_rho,valid_obj,valid_prob,test_obj,test_prob,time,valid_cover,test_cover,valid_in,test_in,valid_avg,avg_val,valid_cvar,test_cvar
70,1,70,0.3,1,1,-0.42632274019075206,0.01,-0.48766640659607724,0.004,0.000635068,0.0,0.0,0.06625514154383291,0.06625514154382905,-0.7619323375872217,-0.8066590498378913,-0.21057266500719263,-0.2916712979362439
