seed,rho,a_seed,eta,gamma,init_rho,valid_obj,valid_prob,test_obj,test_prob,time,valid_cover,test_cover,valid_in,test_in,valid_avg,avg_val,valid_cvar,test_cvar
0,1,0,0.15,1,1,-0.6795315139244733,0.0,-0.6578103579623182,0.0,0.002310038,0.0,0.0,0.023906085547912768,0.023906085547910905,-0.8366018316260972,-0.8385754960519739,-0.6027328776278805,-0.5836110261533115
