seed,rho,a_seed,eta,gamma,init_rho,valid_obj,valid_prob,test_obj,test_prob,time,valid_cover,test_cover,valid_in,test_in,valid_avg,avg_val,valid_cvar,test_cvar
20,1,20,0.05,1,1,-0.6399022563089308,0.0,-0.5879875773474698,0.0,0.00040645,0.0,0.0,0.0506231810732549,0.049505702361469416,-0.8314901224877171,-0.8141412499261084,-0.5249414888511832,-0.48923737149961144
