seed,rho,a_seed,eta,gamma,init_rho,valid_obj,valid_prob,test_obj,test_prob,time,valid_cover,test_cover,valid_in,test_in,valid_avg,avg_val,valid_cvar,test_cvar
30,1,30,0.05,1,1,-0.6027931075718003,0.0,-0.5688103716167667,0.002,0.00036405,0.0,0.0,0.016686786049603563,0.016127238856113685,-0.8170825450390942,-0.8246488626882156,-0.4772254416777919,-0.42447265573034515
