seed,rho,a_seed,eta,gamma,init_rho,valid_obj,valid_prob,test_obj,test_prob,time,valid_cover,test_cover,valid_in,test_in,avg_val
10,1,10,0.12,1,1,-0.5674507561630197,0.0,-0.5638890819930477,0.0,0.002435175,0.0,0.0,-0.5812120073625824,-0.579785483683448,-0.8321592039259091
