seed,rho,a_seed,eta,gamma,init_rho,valid_obj,valid_prob,test_obj,test_prob,time,valid_cover,test_cover,valid_in,test_in,avg_val
40,1,40,0.12,1,1,-0.5213503132994926,0.0,-0.5250069795535216,0.0,0.002161794,0.0,0.0,-0.5420758673065771,-0.5436919441595145,-0.8264543886276501
