seed,rho,a_seed,eta,gamma,init_rho,valid_obj,valid_prob,test_obj,test_prob,time,valid_cover,test_cover,valid_in,test_in,avg_val
90,1,90,0.12,1,1,-0.5477901887540106,0.0,-0.5536223815155311,0.0,0.002460145,0.0,0.0,-0.5651393921012997,-0.5703087892831636,-0.8213548760209635
