seed,rho,a_seed,eta,gamma,init_rho,valid_obj,valid_prob,test_obj,test_prob,time,valid_cover,test_cover,valid_in,test_in,valid_avg,avg_val,valid_cvar,test_cvar
0,1,0,0.1,1,1,-0.7240328544401722,0.0,-0.6941859173319573,0.0,0.002264232,0.0,0.0,0.02306382378440448,0.023063823784403092,-0.8257302908736617,-0.8240856726522614,-0.6311773273782139,-0.5851735554982003
