seed,rho,a_seed,eta,gamma,init_rho,valid_obj,valid_prob,test_obj,test_prob,time,valid_cover,test_cover,valid_in,test_in,valid_avg,avg_val,valid_cvar,test_cvar
30,1,30,0.1,1,1,-0.6696292123186101,0.0,-0.6747644562039962,0.0,0.002622253,0.0,0.0,0.015493999157108784,0.015493999157108746,-0.8403817113867893,-0.850755529362943,-0.5677872061648326,-0.5781117314250852
