seed,rho,a_seed,eta,gamma,init_rho,valid_obj,valid_prob,test_obj,test_prob,time,valid_cover,test_cover,valid_in,test_in,avg_val,valid_cvar,test_cvar
30,1,30,0.1,1,1,-0.6656990656724064,0.0,-0.6622323913243335,0.0,0.002564814,0.0,0.0,0.021674885528057644,0.021674885528057814,-0.8638339804002199,-0.5595050539106544,-0.5506941967322564
