seed,rho,a_seed,eta,gamma,init_rho,valid_obj,valid_prob,test_obj,test_prob,time,valid_cover,test_cover,valid_in,test_in,valid_avg,avg_val,valid_cvar,test_cvar
60,1,60,0.1,1,1,-0.7014988299633305,0.0,-0.6856187735682351,0.0,0.003110286,0.0,0.0,0.022695979969991266,0.02269597996999038,-0.8212421618350657,-0.8117331719365743,-0.6429669938832157,-0.6073318605532063
