,mean_eta,mean_init_rho,mean_valid_obj,mean_valid_prob,mean_test_obj,mean_test_prob,0.25_eta,0.25_init_rho,0.25_valid_obj,0.25_valid_prob,0.25_test_obj,0.25_test_prob,0.75_eta,0.75_init_rho,0.75_valid_obj,0.75_valid_prob,0.75_test_obj,0.75_test_prob
0,0.05,1.0,-0.798849336889585,0.03435833333333334,-0.7872185553089749,0.033679999999999995,0.05,1.0,-0.8285206127530254,0.0,-0.827688242019929,0.0,0.05,1.0,-0.7696871152315963,0.04,-0.7406074528361863,0.036
1,0.1,1.0,-0.8130497457559717,0.10736666666666667,-0.8276959837843005,0.10515333333333333,0.1,1.0,-0.832249382202592,0.01,-0.8400187222933418,0.028,0.1,1.0,-0.7962093197330953,0.15,-0.8230859248237401,0.136
2,0.15,1.0,-0.8144999236028451,0.15731666666666666,-0.8205220024521802,0.14516,0.15,1.0,-0.8403480259640903,0.06,-0.8284470510827938,0.052,0.15,1.0,-0.7950570767518558,0.2,-0.8111383748859327,0.192
3,0.2,1.0,-0.8306753576591397,0.1776,-0.8319159383347756,0.16360666666666668,0.2,1.0,-0.852386189691706,0.06,-0.8440996653023652,0.056,0.2,1.0,-0.7981825912244092,0.25,-0.8208765890181038,0.224
4,0.23,1.0,-0.8315114681671012,0.171825,-0.8391264550264262,0.1711,0.23,1.0,-0.8595340643732451,0.05,-0.8465734312031471,0.06,0.23,1.0,-0.7950265704498398,0.25,-0.8295218604121257,0.232
5,0.25,1.0,-0.8339384925049661,0.19244166666666668,-0.8399018154880967,0.18916,0.25,1.0,-0.8637111422547497,0.07,-0.8515975199401205,0.084,0.25,1.0,-0.8002244677507789,0.27,-0.823919873403459,0.26
6,0.3,1.0,-0.8321248382920879,0.16935833333333333,-0.8410818849445032,0.16097999999999998,0.3,1.0,-0.8544661416288675,0.03,-0.8537928087419254,0.036,0.3,1.0,-0.8055427698732603,0.27,-0.827951655490382,0.236
7,0.33,1.0,-0.8322338048272613,0.17049999999999998,-0.8397463192888627,0.16453333333333334,0.33,1.0,-0.8533425374875593,0.05,-0.8539234676208232,0.052,0.33,1.0,-0.8208958364355669,0.23,-0.8247640379456088,0.232
8,0.35,1.0,-0.830479196000796,0.15508333333333332,-0.8295905868156304,0.14880000000000002,0.35,1.0,-0.8560067287970388,0.0375,-0.8368802054860024,0.04,0.35,1.0,-0.8129862559532796,0.21,-0.8162289109464715,0.208
