,mean_eta,mean_init_rho,mean_valid_obj,mean_valid_prob,mean_test_obj,mean_test_prob,0.25_eta,0.25_init_rho,0.25_valid_obj,0.25_valid_prob,0.25_test_obj,0.25_test_prob,0.75_eta,0.75_init_rho,0.75_valid_obj,0.75_valid_prob,0.75_test_obj,0.75_test_prob
0,0.05,1.0,-0.797664216939653,0.04575833333333334,-0.7937328742006912,0.04784666666666666,0.05,1.0,-0.8085611524289311,0.0,-0.8107704136539996,0.008,0.05,1.0,-0.7884969665254585,0.05,-0.7706935545716233,0.048
1,0.1,1.0,-0.81264814597303,0.11901666666666666,-0.8151981498240274,0.12388666666666666,0.1,1.0,-0.8329322422196599,0.03,-0.8278313158109217,0.036,0.1,1.0,-0.7988306073845852,0.14,-0.8029241023818972,0.164
2,0.15,1.0,-0.8255887071091256,0.16631666666666667,-0.8292880430785284,0.15950333333333333,0.15,1.0,-0.8497609794800969,0.05,-0.8380717498959538,0.052,0.15,1.0,-0.8078644449231621,0.23,-0.8177080275211112,0.212
3,0.2,1.0,-0.8373107988835782,0.16550833333333334,-0.8341815779801469,0.16129666666666667,0.2,1.0,-0.8549496476546118,0.06,-0.8491870130377908,0.048,0.2,1.0,-0.8154337144281973,0.21,-0.8179013875561705,0.212
4,0.23,1.0,-0.8310974363489615,0.189775,-0.8337599670755002,0.17681333333333332,0.23,1.0,-0.8483094794372389,0.05,-0.8457870209510254,0.06,0.23,1.0,-0.8166287697077703,0.27,-0.8222613427194949,0.245
5,0.25,1.0,-0.8324602665851158,0.18021666666666666,-0.828590068462775,0.18757333333333334,0.25,1.0,-0.8471186866336623,0.06,-0.8424634928020903,0.068,0.25,1.0,-0.8109960000753298,0.25,-0.8076363237008761,0.252
6,0.3,1.0,-0.8217111691696627,0.20185,-0.8285080048146122,0.18968666666666667,0.3,1.0,-0.8404974332649807,0.07,-0.8411784800801109,0.072,0.3,1.0,-0.797669384785521,0.27,-0.8154794244879843,0.256
7,0.33,1.0,-0.825919121562908,0.1794916666666667,-0.843117738720699,0.16441333333333333,0.33,1.0,-0.8454262912003696,0.03,-0.8558698294093741,0.036,0.33,1.0,-0.811842251683599,0.26,-0.8291190809994938,0.225
8,0.35,1.0,-0.833507882847471,0.18058333333333332,-0.8294999309534885,0.18581666666666666,0.35,1.0,-0.8690646789514263,0.05,-0.8402387126200225,0.044,0.35,1.0,-0.795776830141204,0.25,-0.8195972913338613,0.268
