,mean_eta,mean_init_rho,mean_valid_obj,mean_valid_prob,mean_test_obj,mean_test_prob,0.25_eta,0.25_init_rho,0.25_valid_obj,0.25_valid_prob,0.25_test_obj,0.25_test_prob,0.75_eta,0.75_init_rho,0.75_valid_obj,0.75_valid_prob,0.75_test_obj,0.75_test_prob
0,0.05,1.0,-0.801425867902768,0.032775,-0.7968249885211569,0.03140333333333333,0.05,1.0,-0.8087457638911142,0.0,-0.8051876166464634,0.0,0.05,1.0,-0.7668851742037752,0.04,-0.7863770038017757,0.032
1,0.1,1.0,-0.8091824597561824,0.10304166666666667,-0.8167587968975812,0.10398333333333333,0.1,1.0,-0.8260835839992411,0.03,-0.8420933444961973,0.032,0.1,1.0,-0.7910585978698965,0.14,-0.7902233500983789,0.136
2,0.15,1.0,-0.8258752966798122,0.14190833333333333,-0.8285998932800797,0.14152,0.15,1.0,-0.8524807180759504,0.05,-0.8392677875163526,0.068,0.15,1.0,-0.8179884299475724,0.19,-0.8196946375173513,0.184
3,0.2,1.0,-0.8275277588899712,0.18378333333333333,-0.8289587923133761,0.17617333333333332,0.2,1.0,-0.8451682122234833,0.08,-0.8378725354812195,0.092,0.2,1.0,-0.8011455526180289,0.24,-0.8183689300058657,0.237
4,0.23,1.0,-0.8328308395967835,0.18361666666666668,-0.8377553358662201,0.17730333333333334,0.23,1.0,-0.8500035342440679,0.07,-0.8458817896823642,0.072,0.23,1.0,-0.8093967081688624,0.25,-0.8260685921866776,0.248
5,0.25,1.0,-0.8265047515523354,0.16995,-0.8356386210662217,0.15675666666666668,0.25,1.0,-0.8471171346146112,0.04,-0.8478792861150366,0.052,0.25,1.0,-0.8167004556874589,0.24,-0.8220679357701325,0.209
6,0.3,1.0,-0.8263616157825417,0.17883333333333332,-0.8355781368902929,0.17926,0.3,1.0,-0.8380497532647964,0.06,-0.852702511085461,0.075,0.3,1.0,-0.8161475531323088,0.25,-0.818819160267764,0.248
7,0.33,1.0,-0.838801965389412,0.183675,-0.8357713297941897,0.18911999999999998,0.33,1.0,-0.862263748848813,0.07,-0.8513469074884223,0.088,0.33,1.0,-0.8117833950615029,0.25,-0.8223308374254149,0.252
8,0.35,1.0,-0.8228615941055569,0.19646666666666665,-0.8379888825533728,0.18397,0.35,1.0,-0.8477694068973618,0.06,-0.8470324156710437,0.072,0.35,1.0,-0.7877788201945046,0.28,-0.8261943368035778,0.256
