seed,rho,a_seed,eta,gamma,init_rho,valid_obj,valid_prob,test_obj,test_prob,time,valid_cover,test_cover,valid_in,test_in,valid_avg,avg_val,valid_cvar,test_cvar
70,1,70,0.2,1,1,-0.6521450252217578,0.0,-0.6682120474374271,0.0,0.002217068,0.0,0.0,0.029583858773631136,0.029583858773631143,-0.8266415373716992,-0.8204623560619436,-0.5794899911254555,-0.5830816972869953
