seed,rho,a_seed,eta,gamma,init_rho,valid_obj,valid_prob,test_obj,test_prob,time,valid_cover,test_cover,valid_in,test_in,avg_val
10,1,10,0.05,1,1,-0.5882100285695328,0.0,-0.5831370165399398,0.0,0.002257134,0.0,0.0,-0.5350404049812937,-0.5231113868884902,-0.8265085152893994
