seed,rho,a_seed,eta,gamma,init_rho,valid_obj,valid_prob,test_obj,test_prob,time,valid_cover,test_cover,valid_in,test_in,avg_val
20,1,20,0.05,1,1,-0.5374186281324793,0.0,-0.5884687407603166,0.0,0.002351015,0.0,0.0,-0.4742169188194356,-0.5443541430577876,-0.8265070379449768
