seed,rho,a_seed,eta,gamma,init_rho,valid_obj,valid_prob,test_obj,test_prob,time,valid_cover,test_cover,valid_in,test_in,avg_val
30,1,30,0.05,1,1,-0.5456561754113867,0.0,-0.4814696474389907,0.0,0.002384745,0.0,0.0,-0.491004534856712,-0.3838960237617167,-0.8300516269009158
