seed,rho,a_seed,eta,gamma,init_rho,valid_obj,valid_prob,test_obj,test_prob,time,valid_cover,test_cover,valid_in,test_in,avg_val
50,1,50,0.05,1,1,-0.5694420907380279,0.0,-0.5392158923352555,0.0,0.002464386,0.0,0.0,-0.5077765667188923,-0.466888174707806,-0.823072926102214
