seed,rho,a_seed,eta,gamma,init_rho,valid_obj,valid_prob,test_obj,test_prob,time,valid_cover,test_cover,valid_in,test_in,avg_val
20,1,20,0.2,1,1,-0.3420041700803379,0.0025,-0.37749297396107057,0.0,0.000413152,0.0,0.0,-0.4615920468319998,-0.47494904877641664,-0.8127285415870475
