seed,rho,a_seed,eta,gamma,init_rho,valid_obj,valid_prob,test_obj,test_prob,time,valid_cover,test_cover,valid_in,test_in,avg_val
30,1,30,0.2,1,1,-0.2989286256776852,0.0,-0.3315591715937649,0.002,0.000413953,0.0,0.0,-0.42012721931383773,-0.43793346599466454,-0.8167531139813816
