seed,rho,a_seed,eta,gamma,init_rho,valid_obj,valid_prob,test_obj,test_prob,time,valid_cover,test_cover,valid_in,test_in,avg_val
20,1,20,0.2,1,1,-0.5058572683228956,0.0,-0.39621342159032463,0.006,0.002392484,0.0,0.0,-0.6067569143114991,-0.5151367640000962,-0.8540988398782643
