seed,rho,a_seed,eta,gamma,init_rho,valid_obj,valid_prob,test_obj,test_prob,time,valid_cover,test_cover,valid_in,test_in,avg_val
30,1,30,0.2,1,1,-0.5065266904329779,0.0,-0.5223473022035539,0.0,0.002339064,0.0,0.0,-0.5878295902724577,-0.5904821292803453,-0.8192410433603649
