seed,rho,a_seed,eta,gamma,init_rho,valid_obj,valid_prob,test_obj,test_prob,time,valid_cover,test_cover,valid_in,test_in,avg_val
0,1,0,0.12,1,1,-0.5575538436746668,0.0,-0.5608635776064647,0.0,0.002381824,0.0,0.0,-0.5784069523584962,-0.5767447424207429,-0.8533923273871905
