seed,rho,a_seed,eta,gamma,init_rho,valid_obj,valid_prob,test_obj,test_prob,time,valid_cover,test_cover,valid_in,test_in,avg_val
90,1,90,0.12,1,1,-0.5937386671121011,0.0,-0.5647280322661237,0.0,0.002421285,0.0,0.0,-0.6086858448232859,-0.5793712807535067,-0.8130904762027488
