seed,rho,a_seed,eta,gamma,init_rho,valid_obj,valid_prob,test_obj,test_prob,time,valid_cover,test_cover,valid_in,test_in,valid_avg,avg_val,valid_cvar,test_cvar
80,1,80,0.15,1,1,-0.5338465207175362,0.0,-0.6471204555885011,0.0,0.00045181,0.0,0.0,0.012367965113663844,0.012781700114548444,-0.8076898456015588,-0.8389610398486704,-0.4023155795634818,-0.5094231599560815
