seed,rho,a_seed,eta,gamma,init_rho,valid_obj,valid_prob,test_obj,test_prob,time,valid_cover,test_cover,valid_in,test_in,avg_val
0,1,0,0.3,1,1,-0.5483215817589625,0.0,-0.5334185526089852,0.0,0.002581586,0.0,0.0,-0.660770025605414,-0.652562561011586,-0.8535939191985219
