seed,rho,a_seed,eta,gamma,init_rho,valid_obj,valid_prob,test_obj,test_prob,time,valid_cover,test_cover,valid_in,test_in,avg_val
10,1,10,0.3,1,1,-0.54043225632697,0.0,-0.5434510169599177,0.0,0.002491715,0.0,0.0,-0.6460382679852984,-0.6558359610515009,-0.8435592571341747
