seed,rho,a_seed,eta,gamma,init_rho,valid_obj,valid_prob,test_obj,test_prob,time,valid_cover,test_cover,valid_in,test_in,avg_val
50,1,50,0.3,1,1,-0.5364612212494403,0.0,-0.5216267435301762,0.0,0.002447715,0.0,0.0,-0.6513993227881469,-0.647935169491603,-0.8497683623104134
