seed,rho,a_seed,eta,gamma,init_rho,valid_obj,valid_prob,test_obj,test_prob,time,valid_cover,test_cover,valid_in,test_in,avg_val
80,1,80,0.3,1,1,-0.5385905255630662,0.0,-0.5437385740339643,0.0,0.002292414,0.0,0.0,-0.6620378213138014,-0.6530321228859052,-0.8298360109073493
