seed,rho,a_seed,eta,gamma,init_rho,valid_obj,valid_prob,test_obj,test_prob,time,valid_cover,test_cover,valid_in,test_in,avg_val
90,1,90,0.3,1,1,-0.42915874324728154,0.005,-0.4693645865892271,0.002,0.002348014,0.0,0.0,-0.6042983636783782,-0.6192135735903571,-0.8542248809529885
