seed,rho,a_seed,eta,gamma,init_rho,valid_obj,valid_prob,test_obj,test_prob,time,valid_cover,test_cover,valid_in,test_in,valid_avg,avg_val,valid_cvar,test_cvar
30,1,30,0.2,1,1,-0.4927788198604398,0.0,-0.4774269532240917,0.004,0.00042956,0.0,0.0,0.038528029418201035,0.03852802941818419,-0.8234364580586069,-0.8041685487162883,-0.3024783712504012,-0.32306759973429183
