seed,rho,a_seed,eta,gamma,init_rho,valid_obj,valid_prob,test_obj,test_prob,time,valid_cover,test_cover,valid_in,test_in,valid_avg,avg_val,valid_cvar,test_cvar
40,1,40,0.2,1,1,-0.5304021225396921,0.0,-0.5136386828075301,0.0,0.00046329,0.0,0.0,0.06725356432013328,0.06725356432013202,-0.8195501984217777,-0.8191465463678148,-0.3897203595176489,-0.36286286623510544
