outer_iter,context_val,seed,alpha,eps,test_lcx_prob,test_lcx_obj,valid_lcx_prob,valid_lcx_obj,time,in_val,test_avg,valid_avg,test_lcx_cvar,valid_lcx_cvar
49,0,0,0.1,0.1,0.0,-0.556511647447288,0.0,-0.5460253011415602,0,0.36449193203385666,-0.8824779263624705,-0.819885780503682,-0.5072518647135605,-0.5050134710955119
