outer_iter,context_val,seed,alpha,eps,test_lcx_prob,test_lcx_obj,valid_lcx_prob,valid_lcx_obj,time,in_val,test_avg,valid_avg,test_lcx_cvar,valid_lcx_cvar
32,11,0,0.1,0.1,0.0,-0.39165936959246694,0.0,-0.40819852286125613,41722.16959285736,0.35753313958647176,-0.7683630578781786,-0.7932715647052097,-0.2870871673437306,-0.13379881113911118
