outer_iter,context_val,seed,alpha,eps,test_lcx_prob,test_lcx_obj,valid_lcx_prob,valid_lcx_obj,time,in_val,test_avg,valid_avg,test_lcx_cvar,valid_lcx_cvar
35,14,0,0.1,0.1,0.0,-0.6631457063162223,0.0,-0.5219745865231903,0,0.43277729740900084,-0.8854088954161388,-0.8958439079647941,-0.5717832363834516,-0.5219745865231903
