outer_iter,context_val,seed,alpha,eps,test_lcx_prob,test_lcx_obj,valid_lcx_prob,valid_lcx_obj,time,in_val,test_avg,valid_avg,test_lcx_cvar,valid_lcx_cvar
29,6,0,0.1,0.1,0.0,-0.4678300500240876,0.0,-0.29819056740615135,40088.14746427536,0.49833202232325696,-0.8077796017891972,-0.7488141636042887,-0.18426189646761598,-0.20988289815215266
