outer_iter,context_val,seed,alpha,eps,test_lcx_prob,test_lcx_obj,valid_lcx_prob,valid_lcx_obj,time,in_val,test_avg,valid_avg,test_lcx_cvar,valid_lcx_cvar
60,7,0,0.1,0.1,0.0,-0.6586258782945582,0.0,-0.42181433868231555,0,0.3071045028253275,-0.8967470819256407,-0.7563564626273879,-0.5885599410095217,-0.42181433868231555
