outer_iter,context_val,seed,alpha,eps,test_lcx_prob,test_lcx_obj,valid_lcx_prob,valid_lcx_obj,time,in_val,test_avg,valid_avg,test_lcx_cvar,valid_lcx_cvar
31,9,0,0.1,0.1,0.0,-0.5992109086790911,0.0,-0.5131946824476008,37896.400574445724,0.2667858654078759,-0.7829240430386545,-0.765431237569659,-0.5321586117810477,-0.4614994980993158
