outer_iter,context_val,seed,alpha,eps,test_lcx_prob,test_lcx_obj,valid_lcx_prob,valid_lcx_obj,time,in_val,test_avg,valid_avg,test_lcx_cvar,valid_lcx_cvar
61,19,10,0.1,0.1,0.0,-0.46205637368381597,0.0,-0.3809188555634277,76772.76291942596,0.2861835929326773,-0.8216822672610391,-0.706385690197539,-0.3735330915902953,-0.3809188555634277
