outer_iter,context_val,seed,alpha,eps,test_lcx_prob,test_lcx_obj,valid_lcx_prob,valid_lcx_obj,time,in_val,test_avg,valid_avg,test_lcx_cvar,valid_lcx_cvar
56,11,10,0.1,0.1,0.0,-0.34557553474464936,0.0,-0.2479241801977339,73413.01100325584,0.4837031182698667,-0.8485897776438102,-0.836463660250887,-0.25936090659479977,-0.2187231020450391
