outer_iter,context_val,seed,alpha,eps,test_lcx_prob,test_lcx_obj,valid_lcx_prob,valid_lcx_obj,time,in_val,test_avg,valid_avg,test_lcx_cvar,valid_lcx_cvar
39,17,10,0.1,0.1,0.0,-0.6409769991533529,0.0,-0.46723123181041476,0,0.2916773083226489,-0.810175681767448,-0.8786474379282956,-0.5549750378604715,-0.46723123181041476
