outer_iter,context_val,seed,alpha,eps,test_lcx_prob,test_lcx_obj,valid_lcx_prob,valid_lcx_obj,time,in_val,test_avg,valid_avg,test_lcx_cvar,valid_lcx_cvar
61,18,10,0.1,0.1,0.0,-0.6242575554263148,0.0,-0.49504581875441267,78891.95295476913,0.23788792118092067,-0.8970600406293555,-0.7942814610145559,-0.5269450748939398,-0.49504581875441267
