outer_iter,context_val,seed,alpha,eps,test_lcx_prob,test_lcx_obj,valid_lcx_prob,valid_lcx_obj,time,in_val,test_avg,valid_avg,test_lcx_cvar,valid_lcx_cvar
61,10,10,0.1,0.1,0.0,-0.4636309595986773,0.0,-0.2189059124881056,79686.45431160927,0.28700190787108876,-0.7251262911716589,-0.7302760520469345,-0.41998936032220424,-0.2189059124881056
