outer_iter,context_val,seed,alpha,eps,test_lcx_prob,test_lcx_obj,valid_lcx_prob,valid_lcx_obj,time,in_val,test_avg,valid_avg,test_lcx_cvar,valid_lcx_cvar
61,2,10,0.1,0.1,0.0,-0.5763292157125488,0.0,-0.47927521153395736,84310.35061526299,0.3735769485265397,-0.7914107699254249,-0.6856456570212638,-0.5148895878362298,-0.47927521153395736
