outer_iter,context_val,seed,alpha,eps,test_lcx_prob,test_lcx_obj,valid_lcx_prob,valid_lcx_obj,time,in_val,test_avg,valid_avg,test_lcx_cvar,valid_lcx_cvar
54,7,10,0.1,0.1,0.0,-0.40863413888614475,0.0,-0.32933086403976497,0,0.3748766881678325,-0.8260262832438731,-0.7372800714531512,-0.38669983137055447,-0.32933086403976497
