outer_iter,context_val,seed,alpha,eps,test_lcx_prob,test_lcx_obj,valid_lcx_prob,valid_lcx_obj,time,in_val,test_avg,valid_avg,test_lcx_cvar,valid_lcx_cvar
39,15,20,0.1,0.1,0.0,-0.5369633129731952,0.0,-0.6718092235888102,0,0.4072388976413111,-0.8418755999233268,-0.9259779553734738,-0.512916389079438,-0.6090388811700354
