outer_iter,context_val,seed,alpha,eps,test_lcx_prob,test_lcx_obj,valid_lcx_prob,valid_lcx_obj,time,in_val,test_avg,valid_avg,test_lcx_cvar,valid_lcx_cvar
35,14,20,0.1,0.1,0.0,-0.4784828060910295,0.0,-0.5246755722778297,0,0.3729791928462808,-0.7289453401534366,-0.8373594154614837,-0.4000824428594687,-0.5246755722778297
