outer_iter,context_val,seed,alpha,eps,test_lcx_prob,test_lcx_obj,valid_lcx_prob,valid_lcx_obj,time,in_val,test_avg,valid_avg,test_lcx_cvar,valid_lcx_cvar
55,2,20,0.1,0.1,0.0,-0.5109129533805308,0.0,-0.44063448598984434,77589.09914326668,0.5071251492491572,-0.8619219639571987,-0.8877237950220271,-0.405608158863854,-0.44063448598984434
