outer_iter,context_val,seed,alpha,eps,test_lcx_prob,test_lcx_obj,valid_lcx_prob,valid_lcx_obj,time,in_val,test_avg,valid_avg,test_lcx_cvar,valid_lcx_cvar
15,6,20,0.1,0.1,0.03225806451612903,-0.458961735528729,0.0,-0.09104489728518286,14250.277065753937,0.3491446331398424,-0.721066427032294,-0.586663680632568,-0.12592780272015797,0.10604993923098664
