outer_iter,context_val,seed,alpha,eps,test_lcx_prob,test_lcx_obj,valid_lcx_prob,valid_lcx_obj,time,in_val,test_avg,valid_avg,test_lcx_cvar,valid_lcx_cvar
38,17,30,0.1,0.1,0.0,-0.6159294651879051,0.0,-0.42788755351459246,0,0.31510639649928346,-0.8281572353852261,-0.8782666322097019,-0.45302568869611703,-0.42788755351459246
