outer_iter,context_val,seed,alpha,eps,test_lcx_prob,test_lcx_obj,valid_lcx_prob,valid_lcx_obj,time,in_val,test_avg,valid_avg,test_lcx_cvar,valid_lcx_cvar
38,16,30,0.1,0.1,0.0,-0.639288226896971,0.0,-0.5478082943310094,0,0.3824620614088336,-0.9152651268419402,-0.9328093940816522,-0.5137159667336471,-0.5478082943310094
