outer_iter,context_val,seed,alpha,eps,test_lcx_prob,test_lcx_obj,valid_lcx_prob,valid_lcx_obj,time,in_val,test_avg,valid_avg,test_lcx_cvar,valid_lcx_cvar
61,12,30,0.1,0.1,0.0,-0.5301418042316786,0.0,-0.5445467688137224,75619.00957560539,0.1565100763641036,-0.7616038154637952,-0.8258863987897956,-0.4603494121439229,-0.5445467688137224
