outer_iter,context_val,seed,alpha,eps,test_lcx_prob,test_lcx_obj,valid_lcx_prob,valid_lcx_obj,time,in_val,test_avg,valid_avg,test_lcx_cvar,valid_lcx_cvar
61,3,30,0.1,0.1,0.0,-0.4247403153719886,0.0,-0.646695560306726,80150.05813789368,0.35047648687945443,-0.7484771513789524,-0.8594014333786324,-0.24444791622505405,-0.5675283434939062
