outer_iter,context_val,seed,alpha,eps,test_lcx_prob,test_lcx_obj,valid_lcx_prob,valid_lcx_obj,time,in_val,test_avg,valid_avg,test_lcx_cvar,valid_lcx_cvar
61,4,30,0.1,0.1,0.0,-0.6198563367784061,0.0,-0.6993074943909512,77647.70721578598,0.42998872233676927,-0.8222233400456971,-0.8528731372299814,-0.5534166809308246,-0.6745281920629677
