outer_iter,context_val,seed,alpha,eps,test_lcx_prob,test_lcx_obj,valid_lcx_prob,valid_lcx_obj,time,in_val,test_avg,valid_avg,test_lcx_cvar,valid_lcx_cvar
45,7,30,0.1,0.1,0.0,-0.13145567064706576,0.0,0.08467219670339587,67866.47169232368,0.39512850335716687,-0.6649911318852564,-0.9866978860144969,0.12440006470490993,0.08467219670339587
