outer_iter,context_val,seed,alpha,eps,test_lcx_prob,test_lcx_obj,valid_lcx_prob,valid_lcx_obj,time,in_val,test_avg,valid_avg,test_lcx_cvar,valid_lcx_cvar
55,8,30,0.1,0.1,0.0,-0.5454492774892478,0.0,-0.3435075436780273,0,0.32904476376204667,-0.8322841058190101,-0.7544281234609196,-0.4940028829250365,-0.3435075436780273
