outer_iter,context_val,seed,alpha,eps,test_lcx_prob,test_lcx_obj,valid_lcx_prob,valid_lcx_obj,time,in_val,test_avg,valid_avg,test_lcx_cvar,valid_lcx_cvar
61,9,30,0.1,0.1,0.0,-0.606294022843513,0.0,-0.531631142494502,65578.36149978638,0.31089629260609236,-0.832134766197935,-0.7438807879571744,-0.5354508735121218,-0.3112508528117251
