outer_iter,context_val,seed,alpha,eps,test_lcx_prob,test_lcx_obj,valid_lcx_prob,valid_lcx_obj,time,in_val,test_avg,valid_avg,test_lcx_cvar,valid_lcx_cvar
39,13,40,0.1,0.1,0.0,-0.5407357412049763,0.0,-0.6840252775256964,0,0.2946380420836155,-0.7676744507697922,-0.8041985702128114,-0.45803186474437974,-0.5742989717265935
