outer_iter,context_val,seed,alpha,eps,test_lcx_prob,test_lcx_obj,valid_lcx_prob,valid_lcx_obj,time,in_val,test_avg,valid_avg,test_lcx_cvar,valid_lcx_cvar
39,16,40,0.1,0.1,0.0,-0.6445961145580731,0.0,-0.40755588399491716,0,0.44394719749379263,-0.8298613052931714,-0.6778456498100927,-0.6011163418184314,-0.40755588399491716
