outer_iter,context_val,seed,alpha,eps,test_lcx_prob,test_lcx_obj,valid_lcx_prob,valid_lcx_obj,time,in_val,test_avg,valid_avg,test_lcx_cvar,valid_lcx_cvar
61,12,40,0.1,0.1,0.0,-0.486317250572079,0.0,0.22050606234067296,77459.94796133041,0.30537639769488867,-0.8185055405095231,-0.771363906010067,-0.3924020248137979,0.22050606234067296
