outer_iter,context_val,seed,alpha,eps,test_lcx_prob,test_lcx_obj,valid_lcx_prob,valid_lcx_obj,time,in_val,test_avg,valid_avg,test_lcx_cvar,valid_lcx_cvar
38,15,40,0.1,0.1,0.0,-0.6919204581338534,0.0,-0.5301079439267461,0,0.342486344450345,-0.8440332840482597,-0.7628240137276907,-0.5468229372697878,-0.45414436466176894
