outer_iter,context_val,seed,alpha,eps,test_lcx_prob,test_lcx_obj,valid_lcx_prob,valid_lcx_obj,time,in_val,test_avg,valid_avg,test_lcx_cvar,valid_lcx_cvar
61,18,40,0.1,0.1,0.0,-0.6485117100163881,0.0,-0.5490825718358768,77604.56252336502,0.3711003160869881,-0.841499098701802,-0.7783740228900868,-0.46770290256701963,-0.5490825718358768
