outer_iter,context_val,seed,alpha,eps,test_lcx_prob,test_lcx_obj,valid_lcx_prob,valid_lcx_obj,time,in_val,test_avg,valid_avg,test_lcx_cvar,valid_lcx_cvar
13,6,40,0.1,0.1,0.03225806451612903,-0.26159470180831934,0.0,-0.5466349603859408,17341.69079709053,0.3400093133988572,-0.7611903753687962,-0.8170250469807927,-0.04680211252594735,-0.5381722322804456
