outer_iter,context_val,seed,alpha,eps,test_lcx_prob,test_lcx_obj,valid_lcx_prob,valid_lcx_obj,time,in_val,test_avg,valid_avg,test_lcx_cvar,valid_lcx_cvar
57,8,40,0.1,0.1,0.0,-0.49665458484474184,0.0,-0.614702918061163,0,0.27872634432249016,-0.7502689178480779,-0.7911485420307007,-0.3927271916521198,-0.614702918061163
