outer_iter,context_val,seed,alpha,eps,test_lcx_prob,test_lcx_obj,valid_lcx_prob,valid_lcx_obj,time,in_val,test_avg,valid_avg,test_lcx_cvar,valid_lcx_cvar
61,19,50,0.1,0.1,0.0,-0.46334650972539626,0.0,-0.4397631659853445,78492.44876980782,0.27308623377523195,-0.8192202523011398,-0.8056454094108546,-0.20233652101567035,-0.4397631659853445
