outer_iter,context_val,seed,alpha,eps,test_lcx_prob,test_lcx_obj,valid_lcx_prob,valid_lcx_obj,time,in_val,test_avg,valid_avg,test_lcx_cvar,valid_lcx_cvar
48,1,50,0.1,0.1,0.0,-0.4769838785874307,0.0,-0.6548069985624004,0,0.3622588132641239,-0.818138476515439,-0.8618391643983127,-0.3618619704913333,-0.25264167154870765
