outer_iter,context_val,seed,alpha,eps,test_lcx_prob,test_lcx_obj,valid_lcx_prob,valid_lcx_obj,time,in_val,test_avg,valid_avg,test_lcx_cvar,valid_lcx_cvar
39,15,50,0.1,0.1,0.0,-0.5555900485365947,0.0,-0.5508069105101623,0,0.40468271154553886,-0.798219148955365,-0.7997038962532628,-0.5195559657133958,-0.5182658486322278
