outer_iter,context_val,seed,alpha,eps,test_lcx_prob,test_lcx_obj,valid_lcx_prob,valid_lcx_obj,time,in_val,test_avg,valid_avg,test_lcx_cvar,valid_lcx_cvar
18,11,50,0.1,0.1,0.0,-0.3854967315874401,0.0,-0.32948014656681907,17020.45581960678,0.3390653660602404,-0.838963893066374,-0.7455734627654493,-0.2831831300405479,-0.24015701402409306
