outer_iter,context_val,seed,alpha,eps,test_lcx_prob,test_lcx_obj,valid_lcx_prob,valid_lcx_obj,time,in_val,test_avg,valid_avg,test_lcx_cvar,valid_lcx_cvar
35,3,50,0.1,0.1,0.0,-0.46829724878335566,0.0,-0.5940336599899382,52681.84306359291,0.37116146067191136,-0.8264770834810228,-0.9400727604337422,-0.3076236964404541,-0.5219552660835195
