outer_iter,context_val,seed,alpha,eps,test_lcx_prob,test_lcx_obj,valid_lcx_prob,valid_lcx_obj,time,in_val,test_avg,valid_avg,test_lcx_cvar,valid_lcx_cvar
61,4,50,0.1,0.1,0.0,-0.6656190574038091,0.0,-0.5644274424543425,77813.55352807045,0.322586340567116,-0.8530483301785184,-0.805740267242049,-0.553527090469854,-0.5295303359063988
