outer_iter,context_val,seed,alpha,eps,test_lcx_prob,test_lcx_obj,valid_lcx_prob,valid_lcx_obj,time,in_val,test_avg,valid_avg,test_lcx_cvar,valid_lcx_cvar
61,5,50,0.1,0.1,0.0,-0.4892390730450788,0.0,-0.29789399913730913,79663.84303021431,0.3746084433417463,-0.7674860379288625,-0.7573142803201875,-0.36922561680196986,-0.29789399913730913
