outer_iter,context_val,seed,alpha,eps,test_lcx_prob,test_lcx_obj,valid_lcx_prob,valid_lcx_obj,time,in_val,test_avg,valid_avg,test_lcx_cvar,valid_lcx_cvar
58,8,50,0.1,0.1,0.0,-0.5551265952060249,0.0,-0.42703372188827543,0,0.4085468276867069,-0.8931407474848728,-0.8739588778882259,-0.32654125454680605,-0.42703372188827543
