outer_iter,context_val,seed,alpha,eps,test_lcx_prob,test_lcx_obj,valid_lcx_prob,valid_lcx_obj,time,in_val,test_avg,valid_avg,test_lcx_cvar,valid_lcx_cvar
39,13,60,0.1,0.1,0.0,-0.4712562169201621,0.0,-0.5143434653535012,0,0.3705815918049509,-0.8281267230238841,-0.7334227508306796,-0.42270110580063175,-0.4970746879656236
