outer_iter,context_val,seed,alpha,eps,test_lcx_prob,test_lcx_obj,valid_lcx_prob,valid_lcx_obj,time,in_val,test_avg,valid_avg,test_lcx_cvar,valid_lcx_cvar
61,19,60,0.1,0.1,0.0,-0.565315444782181,0.1111111111111111,1.112487621939211,77219.24973678589,0.43000829017109327,-0.8945849943961139,-0.5073283300308462,-0.5508499208237665,1.112487621939211
