outer_iter,context_val,seed,alpha,eps,test_lcx_prob,test_lcx_obj,valid_lcx_prob,valid_lcx_obj,time,in_val,test_avg,valid_avg,test_lcx_cvar,valid_lcx_cvar
51,1,60,0.1,0.1,0.0,-0.47888506011566534,0.0,-0.6814228804198103,0,0.3672725289794597,-0.8262249259519964,-0.8639487389663968,-0.4625697897902947,-0.6070219130715171
