outer_iter,context_val,seed,alpha,eps,test_lcx_prob,test_lcx_obj,valid_lcx_prob,valid_lcx_obj,time,in_val,test_avg,valid_avg,test_lcx_cvar,valid_lcx_cvar
35,14,60,0.1,0.1,0.0,-0.6815058241808154,0.0,-0.3407415942457998,0,0.3790978412282795,-0.8774441374812529,-0.7310601741667616,-0.6338268490686232,-0.3407415942457998
