outer_iter,context_val,seed,alpha,eps,test_lcx_prob,test_lcx_obj,valid_lcx_prob,valid_lcx_obj,time,in_val,test_avg,valid_avg,test_lcx_cvar,valid_lcx_cvar
60,2,60,0.1,0.1,0.0,-0.45759415806134107,0.0,-0.39221012710054937,0,0.3377140315567487,-0.8126405396885131,-0.6986872751756216,-0.442741548032555,-0.39221012710054937
