outer_iter,context_val,seed,alpha,eps,test_lcx_prob,test_lcx_obj,valid_lcx_prob,valid_lcx_obj,time,in_val,test_avg,valid_avg,test_lcx_cvar,valid_lcx_cvar
61,5,60,0.1,0.1,0.0,-0.6082151887974684,0.0,-0.4917581381438572,75557.49010777473,0.29738515281542677,-0.8204358771997426,-0.7021570295316187,-0.4788335253629668,-0.4917581381438572
