outer_iter,context_val,seed,alpha,eps,test_lcx_prob,test_lcx_obj,valid_lcx_prob,valid_lcx_obj,time,in_val,test_avg,valid_avg,test_lcx_cvar,valid_lcx_cvar
24,6,60,0.1,0.1,0.0,-0.5102464114915062,0.0,-0.5604412271538421,32201.078229904175,0.24313176291384542,-0.8028055448500385,-0.9784139039815996,-0.3292669840574984,-0.49328798281234953
