outer_iter,context_val,seed,alpha,eps,test_lcx_prob,test_lcx_obj,valid_lcx_prob,valid_lcx_obj,time,in_val,test_avg,valid_avg,test_lcx_cvar,valid_lcx_cvar
48,0,70,0.1,0.1,0.0,-0.5836802002462258,0.0,-0.7137896536464,0,0.2441649787813978,-0.8206956729521155,-0.9218428784398041,-0.5561246851552839,-0.6767504261705067
