outer_iter,context_val,seed,alpha,eps,test_lcx_prob,test_lcx_obj,valid_lcx_prob,valid_lcx_obj,time,in_val,test_avg,valid_avg,test_lcx_cvar,valid_lcx_cvar
50,1,70,0.1,0.1,0.0,-0.5408306420860455,0.0,-0.5414972996537154,0,0.28844680659987804,-0.836124466000034,-0.8485771725859421,-0.43671287225178335,-0.5163280588567201
