outer_iter,context_val,seed,alpha,eps,test_lcx_prob,test_lcx_obj,valid_lcx_prob,valid_lcx_obj,time,in_val,test_avg,valid_avg,test_lcx_cvar,valid_lcx_cvar
61,19,70,0.1,0.1,0.0,-0.5658728795819623,0.0,-0.3677310631955956,78056.78093957901,0.31230856415296093,-0.831823629303745,-0.7295048805586947,-0.31396448759836687,-0.3677310631955956
