outer_iter,context_val,seed,alpha,eps,test_lcx_prob,test_lcx_obj,valid_lcx_prob,valid_lcx_obj,time,in_val,test_avg,valid_avg,test_lcx_cvar,valid_lcx_cvar
36,14,70,0.1,0.1,0.0,-0.4560659979402129,0.0,-0.7815436039128287,0,0.30434419361731674,-0.8088755901312197,-1.000892883375124,-0.24924559378645392,-0.7815436039128287
