outer_iter,context_val,seed,alpha,eps,test_lcx_prob,test_lcx_obj,valid_lcx_prob,valid_lcx_obj,time,in_val,test_avg,valid_avg,test_lcx_cvar,valid_lcx_cvar
15,13,70,0.1,0.1,0.0,-0.3433927944563785,0.0,-0.2959073248548329,37138.06469869614,0.2769271145665054,-0.8094211469200815,-0.7561107757072273,-0.15448129100994418,-0.2735261029782907
