outer_iter,context_val,seed,alpha,eps,test_lcx_prob,test_lcx_obj,valid_lcx_prob,valid_lcx_obj,time,in_val,test_avg,valid_avg,test_lcx_cvar,valid_lcx_cvar
61,2,70,0.1,0.1,0.0,-0.6329819793814693,0.0,-0.45752957192214105,83627.23967194557,0.33595463667054704,-0.8261441412254386,-0.8747228639116807,-0.4924632833301401,-0.45752957192214105
