outer_iter,context_val,seed,alpha,eps,test_lcx_prob,test_lcx_obj,valid_lcx_prob,valid_lcx_obj,time,in_val,test_avg,valid_avg,test_lcx_cvar,valid_lcx_cvar
56,8,70,0.1,0.1,0.0,-0.5178415120506396,0.0,-0.756322738855202,0,0.3656821666393762,-0.7664400734859996,-0.9181714597783556,-0.3921596617371959,-0.756322738855202
