outer_iter,context_val,seed,alpha,eps,test_lcx_prob,test_lcx_obj,valid_lcx_prob,valid_lcx_obj,time,in_val,test_avg,valid_avg,test_lcx_cvar,valid_lcx_cvar
61,9,70,0.1,0.1,0.0,-0.49662471827113963,0.0,-0.6102923585859833,72051.62082839012,0.415245217250983,-0.866121564171146,-0.9195316521194955,-0.40655125022457467,-0.4918818198548296
