outer_iter,context_val,seed,alpha,eps,test_lcx_prob,test_lcx_obj,valid_lcx_prob,valid_lcx_obj,time,in_val,test_avg,valid_avg,test_lcx_cvar,valid_lcx_cvar
61,10,80,0.1,0.1,0.0,-0.6323824125969826,0.0,-0.4402673595076787,80547.39100670815,0.34255131997776705,-0.8725231306868053,-0.7727843685862427,-0.5063241755779931,-0.4402673595076787
