outer_iter,context_val,seed,alpha,eps,test_lcx_prob,test_lcx_obj,valid_lcx_prob,valid_lcx_obj,time,in_val,test_avg,valid_avg,test_lcx_cvar,valid_lcx_cvar
61,2,80,0.1,0.1,0.0,-0.6540895607395083,0.0,-0.6771725714354246,82550.506701231,0.22288981926632362,-0.8017985050545119,-0.8162981878553235,-0.493446056756339,-0.6771725714354246
