outer_iter,context_val,seed,alpha,eps,test_lcx_prob,test_lcx_obj,valid_lcx_prob,valid_lcx_obj,time,in_val,test_avg,valid_avg,test_lcx_cvar,valid_lcx_cvar
61,5,80,0.1,0.1,0.0,-0.6481676132187607,0.0,-0.446510157640761,76904.01390194893,0.31982107028385814,-0.8731015520853984,-0.8949000697780731,-0.49843334335310935,-0.446510157640761
