outer_iter,context_val,seed,alpha,eps,test_lcx_prob,test_lcx_obj,valid_lcx_prob,valid_lcx_obj,time,in_val,test_avg,valid_avg,test_lcx_cvar,valid_lcx_cvar
58,8,80,0.1,0.1,0.0,-0.6811224497691312,0.0,-0.5854944721617943,0,0.3179294981821949,-0.9107688758574221,-0.7596807810320413,-0.5822514197008717,-0.5854944721617943
