outer_iter,context_val,seed,alpha,eps,test_lcx_prob,test_lcx_obj,valid_lcx_prob,valid_lcx_obj,time,in_val,test_avg,valid_avg,test_lcx_cvar,valid_lcx_cvar
61,10,90,0.1,0.1,0.0,-0.42843892720912036,0.0,-0.7685275194935824,77475.81846737862,0.3627645234733059,-0.8006831472782276,-0.9645267971591909,-0.4100419770709454,-0.7685275194935824
