outer_iter,context_val,seed,alpha,eps,test_lcx_prob,test_lcx_obj,valid_lcx_prob,valid_lcx_obj,time,in_val,test_avg,valid_avg,test_lcx_cvar,valid_lcx_cvar
38,17,90,0.1,0.1,0.0,-0.25900727866745343,0.0,-0.5536942530626852,0,0.2865305690890714,-0.7723276990496168,-1.0156410435812075,-0.1882937516921048,-0.5536942530626852
