outer_iter,context_val,seed,alpha,eps,test_lcx_prob,test_lcx_obj,valid_lcx_prob,valid_lcx_obj,time,in_val,test_avg,valid_avg,test_lcx_cvar,valid_lcx_cvar
30,18,90,0.1,0.1,0.0,-0.44788179839854886,0.0,-0.49486769129802305,41648.034100055695,0.3083346488704758,-0.7721397781658638,-0.8800482992594661,-0.34834685025054085,-0.49486769129802305
