outer_iter,context_val,seed,alpha,eps,test_lcx_prob,test_lcx_obj,valid_lcx_prob,valid_lcx_obj,time,in_val,test_avg,valid_avg,test_lcx_cvar,valid_lcx_cvar
40,13,90,0.1,0.1,0.0,-0.6153918403403795,0.0,-0.5862633269561327,0,0.40516017286134115,-0.8067367862616727,-0.8995565102804388,-0.5782057095967948,-0.5695660068118036
