outer_iter,context_val,seed,alpha,eps,test_lcx_prob,test_lcx_obj,valid_lcx_prob,valid_lcx_obj,time,in_val,test_avg,valid_avg,test_lcx_cvar,valid_lcx_cvar
61,2,90,0.1,0.1,0.0,-0.6264553309069328,0.0,-0.5426986362868405,84910.6441731453,0.3775638391070548,-0.8349470083768238,-0.7545947210732367,-0.5492909731261605,-0.5426986362868405
