outer_iter,context_val,seed,alpha,eps,test_lcx_prob,test_lcx_obj,valid_lcx_prob,valid_lcx_obj,time,in_val,test_avg,valid_avg,test_lcx_cvar,valid_lcx_cvar
60,3,90,0.1,0.1,0.0,-0.6881710880290135,0.0,-0.5290921765190936,0,0.31284294454422673,-0.893243492735717,-0.8117244928671793,-0.6819269786451413,-0.5156835675396736
