outer_iter,context_val,seed,alpha,eps,test_lcx_prob,test_lcx_obj,valid_lcx_prob,valid_lcx_obj,time,in_val,test_avg,valid_avg,test_lcx_cvar,valid_lcx_cvar
32,4,90,0.1,0.1,0.0,-0.7883144269221424,0.0,-0.7225067519164083,43389.568059921265,0.4391214912399232,-0.969372327033036,-0.9289763966218668,-0.7204628761716414,-0.6754479069309929
