outer_iter,context_val,seed,alpha,eps,test_lcx_prob,test_lcx_obj,valid_lcx_prob,valid_lcx_obj,time,in_val,test_avg,valid_avg,test_lcx_cvar,valid_lcx_cvar
61,5,90,0.1,0.1,0.0,-0.6273733081207348,0.0,-0.6849527823453037,74985.04360890388,0.28442243421025154,-0.8772989411881273,-0.8365319931264087,-0.5107475395171354,-0.6849527823453037
