outer_iter,context_val,seed,alpha,eps,test_lcx_prob,test_lcx_obj,valid_lcx_prob,valid_lcx_obj,time,in_val,test_avg,valid_avg,test_lcx_cvar,valid_lcx_cvar
9,6,90,0.1,0.1,0.0,-0.38228617762196837,0.0,0.07614316213549052,9383.219852209091,0.5315347241187787,-0.8428318764310821,-0.596049608359296,-0.236062341415476,0.154046374596144
