seed,rho,a_seed,eta,gamma,init_rho,valid_obj,valid_prob,test_obj,test_prob,time,valid_cover,test_cover,valid_in,test_in,valid_avg,avg_val,valid_cvar,test_cvar
20,1,20,0.15,1,1,-0.49403174473449607,0.0,-0.48412224489645606,0.004,0.000765288,0.0,0.0,0.06600802486355807,0.0660080248635342,-0.8158543560694674,-0.7900658379715644,-0.33886497181145186,-0.3118578858440228
