seed,rho,a_seed,eta,gamma,init_rho,valid_obj,valid_prob,test_obj,test_prob,time,valid_cover,test_cover,valid_in,test_in,valid_avg,avg_val,valid_cvar,test_cvar
40,1,40,0.15,1,1,-0.49341004079962975,0.0,-0.4666407649337762,0.006,0.000765269,0.0,0.0,0.060206451360739974,0.06020645136074264,-0.8015470620458588,-0.8235708843138121,-0.36062085529682075,-0.2823427510167614
