seed,rho,a_seed,eta,gamma,init_rho,valid_obj,valid_prob,test_obj,test_prob,time,valid_cover,test_cover,valid_in,test_in,valid_avg,avg_val,valid_cvar,test_cvar
60,1,60,0.15,1,1,-0.566800103405025,0.0,-0.5590532273044783,0.004,0.000801384,0.0,0.0,0.0369870526382384,0.03633348906937684,-0.8029954125697416,-0.793656900294964,-0.4495703899531881,-0.4194802815077527
