seed,rho,a_seed,eta,gamma,init_rho,valid_obj,valid_prob,test_obj,test_prob,time,valid_cover,test_cover,valid_in,test_in,valid_avg,avg_val,valid_cvar,test_cvar
80,1,80,0.15,1,1,-0.5037133791963313,0.0,-0.5516631543282366,0.002,0.000772063,0.0,0.0,0.03143697442613773,0.030599540746828455,-0.7843394882874358,-0.8089557788379568,-0.406249425601405,-0.44043557057889887
