seed,rho,a_seed,eta,gamma,init_rho,valid_obj,valid_prob,test_obj,test_prob,time,valid_cover,test_cover,valid_in,test_in,valid_avg,avg_val,valid_cvar,test_cvar
20,1,20,0.05,1,1,-0.679294332861581,0.0,-0.682097760009313,0.0,0.002361357,0.0,0.0,0.007339428550850155,0.007339428550848853,-0.8328102489553949,-0.8278444322824846,-0.5824740235205835,-0.5900107417642044
