seed,rho,a_seed,eta,gamma,init_rho,valid_obj,valid_prob,test_obj,test_prob,time,valid_cover,test_cover,valid_in,test_in,valid_avg,avg_val,valid_cvar,test_cvar
30,1,30,0.05,1,1,-0.6902943388635465,0.0,-0.6665042322495234,0.0,0.002200435,0.0,0.0,0.023770664561990458,0.02377066456199029,-0.8231163295478621,-0.8149045021179643,-0.6126036939615492,-0.59045695641515
