seed,rho,a_seed,eta,gamma,init_rho,valid_obj,valid_prob,test_obj,test_prob,time,valid_cover,test_cover,valid_in,test_in,valid_avg,avg_val,valid_cvar,test_cvar
90,1,90,0.05,1,1,-0.6544202902657315,0.0,-0.6857728690591864,0.0,0.002193186,0.0,0.0,0.02087910155003553,0.020879101550034643,-0.7992957510693285,-0.8065737147770203,-0.5725877486160265,-0.6118527760503514
