seed,rho,a_seed,eta,gamma,init_rho,valid_obj,valid_prob,test_obj,test_prob,time,valid_cover,test_cover,valid_in,test_in,avg_val
0,1,0,0.2,1,1,-0.5831055211699787,0.0,-0.5403017012169957,0.0,0.002348914,0.0,0.0,-0.6407668631709947,-0.611103118211908,-0.8651579001252863
