seed,rho,a_seed,eta,gamma,init_rho,valid_obj,valid_prob,test_obj,test_prob,time,valid_cover,test_cover,valid_in,test_in,avg_val
20,1,20,0.2,1,1,-0.5242183991491777,0.0,-0.45482319271703125,0.0,0.002337164,0.0,0.0,-0.608314491762406,-0.5534136622261505,-0.8484824809428962
