seed,rho,a_seed,eta,gamma,init_rho,valid_obj,valid_prob,test_obj,test_prob,time,valid_cover,test_cover,valid_in,test_in,valid_avg,avg_val,valid_cvar,test_cvar
70,1,70,0.15,1,1,-0.4045470632465563,0.01,-0.4966981488068415,0.004,0.000721352,0.0,0.0,0.06779359413390433,0.06779359413382836,-0.7576647099414547,-0.8044237917585467,-0.21021380945390836,-0.30717108355502754
