,mean_eta,mean_init_rho,mean_valid_obj,mean_valid_prob,mean_test_obj,mean_test_prob,0.25_eta,0.25_init_rho,0.25_valid_obj,0.25_valid_prob,0.25_test_obj,0.25_test_prob,0.75_eta,0.75_init_rho,0.75_valid_obj,0.75_valid_prob,0.75_test_obj,0.75_test_prob
0,0.05,1.0,-0.81891710472806,0.12562666666666666,-0.8152895734578195,0.12801066666666666,0.05,1.0,-0.8633250799573705,0.0,-0.8657818543128504,0.0,0.05,1.0,-0.7636855744462075,0.22,-0.7714455488157663,0.204
1,0.1,1.0,-0.816775565953209,0.14831999999999998,-0.8165228162270899,0.14885866666666667,0.1,1.0,-0.857194137561025,0.0,-0.841275713158575,0.0,0.1,1.0,-0.7594995314907752,0.2675,-0.7874902074154535,0.272
2,0.15,1.0,-0.8199807842871211,0.16621333333333332,-0.8199720493509416,0.16724266666666668,0.15,1.0,-0.8374383892771302,0.0,-0.848722290336592,0.0,0.15,1.0,-0.7806243501594828,0.31,-0.7785102241853187,0.307
3,0.2,1.0,-0.8205794751529465,0.17730666666666664,-0.8154198193275832,0.18253333333333335,0.2,1.0,-0.8452123409280501,0.0,-0.8472184063455488,0.0,0.2,1.0,-0.773301024005898,0.33,-0.790649533009926,0.344
4,0.23,1.0,-0.8149000246373183,0.19012,-0.819475544417209,0.18626666666666666,0.23,1.0,-0.8449258857437001,0.0,-0.8557458473749566,0.0,0.23,1.0,-0.7716674681253525,0.37,-0.786871738659299,0.356
5,0.25,1.0,-0.8039265071426683,0.20541333333333334,-0.8211848833279596,0.201168,0.25,1.0,-0.8521857001761726,0.0,-0.8564201981303251,0.0,0.25,1.0,-0.7614900865819513,0.39,-0.7903615219542975,0.388
6,0.3,1.0,-0.819762335202927,0.20108,-0.8341338863021195,0.195472,0.3,1.0,-0.8479448809833678,0.0,-0.8690549867038803,0.004,0.3,1.0,-0.7660196177743649,0.38,-0.7929511677152818,0.367
7,0.33,1.0,-0.8132954335777741,0.20826666666666666,-0.8176505513905263,0.20762133333333335,0.33,1.0,-0.8377613167599628,0.0,-0.8495432473919147,0.0,0.33,1.0,-0.7665715937183767,0.41,-0.7917180695771602,0.404
8,0.35,1.0,-0.8065903557204371,0.21850666666666665,-0.8179921426239093,0.213968,0.35,1.0,-0.8322328089019723,0.0,-0.8525974149279978,0.004,0.35,1.0,-0.7658316927967805,0.42,-0.790816083927375,0.419
