,mean_eta,mean_init_rho,mean_valid_obj,mean_valid_prob,mean_test_obj,mean_test_prob,0.25_eta,0.25_init_rho,0.25_valid_obj,0.25_valid_prob,0.25_test_obj,0.25_test_prob,0.75_eta,0.75_init_rho,0.75_valid_obj,0.75_valid_prob,0.75_test_obj,0.75_test_prob
0,0.05,1.0,-0.8228922691735387,0.20766666666666667,-0.815056592194077,0.21361333333333335,0.05,1.0,-0.8475695381423958,0.01,-0.8240429249079724,0.012,0.05,1.0,-0.777739776487528,0.41,-0.7806121463722402,0.472
1,0.1,1.0,-0.80966993133471,0.21573333333333333,-0.8014922648361577,0.21604666666666664,0.1,1.0,-0.8350515254670856,0.02,-0.8211870275608071,0.024,0.1,1.0,-0.7718587793268228,0.45,-0.7625425133104736,0.424
2,0.15,1.0,-0.8025136118403424,0.20413333333333333,-0.7881925616253415,0.2084,0.15,1.0,-0.8241997107213227,0.02,-0.8034605125989259,0.02,0.15,1.0,-0.7641617967885631,0.41,-0.7584767826844248,0.408
3,0.2,1.0,-0.7896574619766936,0.2184666666666667,-0.7819199914650422,0.21918,0.2,1.0,-0.8201480667226998,0.03,-0.7998380843641567,0.028,0.2,1.0,-0.7550165721869198,0.42,-0.7507523061080523,0.436
4,0.23,1.0,-0.7797454197665513,0.23258333333333336,-0.7713414004336254,0.23346666666666663,0.23,1.0,-0.8085798869455674,0.03,-0.7951377809516892,0.036,0.23,1.0,-0.7507542166950146,0.45,-0.7403251638084732,0.46
5,0.25,1.0,-0.7838859207230934,0.22788333333333333,-0.7750986623199175,0.23021333333333335,0.25,1.0,-0.8107646219793868,0.03,-0.798358727245771,0.036,0.25,1.0,-0.751699240120115,0.45,-0.7388000272709514,0.444
6,0.3,1.0,-0.7840463023764639,0.22619999999999998,-0.7723400905885908,0.23245333333333335,0.3,1.0,-0.824103425936803,0.03,-0.7926371067314243,0.036,0.3,1.0,-0.7504590100164508,0.43,-0.7469198935468967,0.432
7,0.33,1.0,-0.7752816579320129,0.2398666666666667,-0.7674403978425202,0.24558666666666668,0.33,1.0,-0.8146599317079959,0.04,-0.7880945726802124,0.043,0.33,1.0,-0.743803759751422,0.45,-0.7451747427829032,0.472
8,0.35,1.0,-0.785574345967659,0.24050000000000002,-0.7684156782174375,0.2540133333333333,0.35,1.0,-0.818991237106496,0.04,-0.7902901599744743,0.048,0.35,1.0,-0.7445765289746746,0.46,-0.7352636946185623,0.476
