,mean_eta,mean_init_rho,mean_valid_obj,mean_valid_prob,mean_test_obj,mean_test_prob,0.25_eta,0.25_init_rho,0.25_valid_obj,0.25_valid_prob,0.25_test_obj,0.25_test_prob,0.75_eta,0.75_init_rho,0.75_valid_obj,0.75_valid_prob,0.75_test_obj,0.75_test_prob
0,0.05,1.0,-0.8124147290636093,0.14091666666666666,-0.8106521760752493,0.13418,0.05,1.0,-0.8309890668422505,0.04,-0.8229004862982672,0.048,0.05,1.0,-0.8014611628083255,0.19,-0.7941212744444266,0.18
1,0.1,1.0,-0.8117709434555685,0.13298333333333334,-0.8144767469345218,0.13178,0.1,1.0,-0.8327223856008655,0.03,-0.8266422485378838,0.032,0.1,1.0,-0.7968205839817308,0.19,-0.7981226912383337,0.18
2,0.15,1.0,-0.8180131300681168,0.10791666666666666,-0.8191111714770433,0.10484,0.15,1.0,-0.8419930825388378,0.0,-0.8287752105174161,0.004,0.15,1.0,-0.8014969094338936,0.14,-0.8021173139318226,0.133
3,0.2,1.0,-0.8180959221853278,0.09650833333333333,-0.8203802411693052,0.09519,0.2,1.0,-0.8325618064888609,0.0,-0.828825858469677,0.004,0.2,1.0,-0.8042168533592096,0.12,-0.8049509778177861,0.112
4,0.23,1.0,-0.8153713784869359,0.09863333333333334,-0.8167872056840074,0.09872333333333333,0.23,1.0,-0.8315592414913271,0.0,-0.8225340822744655,0.004,0.23,1.0,-0.8037854538881556,0.1125,-0.8026541446884972,0.113
5,0.25,1.0,-0.8149778439650522,0.09759166666666666,-0.8191762678206791,0.09727333333333332,0.25,1.0,-0.8285182372535596,0.0,-0.829786756378164,0.0,0.25,1.0,-0.7934278304015976,0.12,-0.8004814348385371,0.116
6,0.3,1.0,-0.812857240387935,0.09545833333333333,-0.8180709045244215,0.09359333333333333,0.3,1.0,-0.8234771204394193,0.0,-0.8297395420980865,0.0,0.3,1.0,-0.7931306614386051,0.11,-0.79782958236763,0.1
7,0.33,1.0,-0.8163389655364224,0.09240833333333333,-0.817623541499338,0.09151666666666668,0.33,1.0,-0.8295670924297935,0.0,-0.8268338262182937,0.0,0.33,1.0,-0.7994205655932003,0.1,-0.799636437146996,0.096
8,0.35,1.0,-0.8134394048362072,0.09659166666666666,-0.8189351631068346,0.09481666666666667,0.35,1.0,-0.828112801741584,0.0,-0.8297459241925045,0.0,0.35,1.0,-0.7939339139996784,0.1,-0.8012929003916305,0.108
