,mean_eta,mean_init_rho,mean_valid_obj,mean_valid_prob,mean_test_obj,mean_test_prob,0.25_eta,0.25_init_rho,0.25_valid_obj,0.25_valid_prob,0.25_test_obj,0.25_test_prob,0.75_eta,0.75_init_rho,0.75_valid_obj,0.75_valid_prob,0.75_test_obj,0.75_test_prob
0,0.05,1.0,-0.8129752736489404,0.13315,-0.817725691576017,0.12751666666666667,0.05,1.0,-0.8254381018326539,0.03,-0.8307664547687045,0.036,0.05,1.0,-0.7957936148456239,0.19,-0.7974425354906289,0.152
1,0.1,1.0,-0.8194344062377426,0.12895,-0.8188544156953607,0.13178,0.1,1.0,-0.8425223628757865,0.01,-0.8379348207445363,0.024,0.1,1.0,-0.7999982220929251,0.17,-0.8007269429736057,0.172
2,0.15,1.0,-0.8136770648478231,0.15576666666666666,-0.8236633448358113,0.15688666666666667,0.15,1.0,-0.8322938254184056,0.01,-0.839725667408066,0.012,0.15,1.0,-0.7991453905489433,0.23,-0.8083312384787222,0.224
3,0.2,1.0,-0.8126865177330157,0.29915833333333336,-0.8175665768694288,0.28815,0.2,1.0,-0.8303534588938855,0.06,-0.8322521235118977,0.044,0.2,1.0,-0.7920393066168033,0.5,-0.7996538082881788,0.504
4,0.23,1.0,-0.8154051743962885,0.29640833333333333,-0.8210522599030953,0.29094,0.23,1.0,-0.8369360324335391,0.05,-0.8419524858012989,0.039,0.23,1.0,-0.7958861041956118,0.53,-0.8029987378924468,0.524
5,0.25,1.0,-0.8123201656540704,0.30772499999999997,-0.8205275208831045,0.29884,0.25,1.0,-0.825964974724688,0.06,-0.8371654632276643,0.052,0.25,1.0,-0.785843853162437,0.53,-0.798593352524681,0.513
6,0.3,1.0,-0.815863899885379,0.42469999999999997,-0.8199485651154241,0.4259066666666667,0.3,1.0,-0.8316893499846186,0.18,-0.8417533864702141,0.184,0.3,1.0,-0.8004912170728513,0.65,-0.7990546028366738,0.644
7,0.33,1.0,-0.8178544993282655,0.4662083333333334,-0.8233186515531886,0.4570133333333334,0.33,1.0,-0.8324697263308338,0.27,-0.8444176216776605,0.259,0.33,1.0,-0.8011714275357117,0.68,-0.8032247188402264,0.665
8,0.35,1.0,-0.8154425029753141,0.41102500000000003,-0.8237825865585359,0.39774666666666664,0.35,1.0,-0.8254860107952333,0.2,-0.8418878731646694,0.17099999999999999,0.35,1.0,-0.7967585561230138,0.6325000000000001,-0.8083036160203236,0.612
