,mean_eta,mean_init_rho,mean_valid_obj,mean_valid_prob,mean_test_obj,mean_test_prob,0.25_eta,0.25_init_rho,0.25_valid_obj,0.25_valid_prob,0.25_test_obj,0.25_test_prob,0.75_eta,0.75_init_rho,0.75_valid_obj,0.75_valid_prob,0.75_test_obj,0.75_test_prob
0,0.05,1.0,-0.8102201996873626,0.051775,-0.7971275200826878,0.052906666666666664,0.05,1.0,-0.8310520396768541,0.0,-0.8149035374116722,0.012,0.05,1.0,-0.7910389827612043,0.07,-0.7823425672876311,0.072
1,0.1,1.0,-0.8073834106804869,0.12115,-0.8010641037744385,0.10619333333333333,0.1,1.0,-0.8255097056380984,0.05,-0.8133043865999352,0.04,0.1,1.0,-0.7950951256068407,0.18,-0.7879879953331805,0.132
2,0.15,1.0,-0.8103737824661956,0.12000833333333333,-0.8095913569114145,0.11488666666666666,0.15,1.0,-0.8288363944908707,0.04,-0.8228651062358312,0.04,0.15,1.0,-0.7967635224875655,0.15,-0.7999648081522827,0.148
3,0.2,1.0,-0.8128900202760767,0.12915833333333335,-0.8134771632792492,0.12972333333333333,0.2,1.0,-0.8248658802315484,0.04,-0.832408410038108,0.048,0.2,1.0,-0.7994687851122131,0.17,-0.7913184900885444,0.172
4,0.23,1.0,-0.8154628321804093,0.12853333333333333,-0.8080496133443917,0.13172999999999999,0.23,1.0,-0.8310257299136249,0.03,-0.8196721207618002,0.044,0.23,1.0,-0.7988500043889964,0.18,-0.7962966919364229,0.176
5,0.25,1.0,-0.8200646675931628,0.123675,-0.8148337674855953,0.12863666666666668,0.25,1.0,-0.8365229072918262,0.03,-0.831195009142013,0.04,0.25,1.0,-0.8089054424456253,0.16,-0.7956584017726476,0.176
6,0.3,1.0,-0.8086100241753716,0.13001666666666667,-0.8155182184652026,0.12094333333333333,0.3,1.0,-0.8181282796599674,0.03,-0.8299853162062978,0.028,0.3,1.0,-0.8029307560482647,0.19,-0.80228640185472,0.164
7,0.33,1.0,-0.8157047843160478,0.13106666666666666,-0.8152622753297234,0.12340000000000001,0.33,1.0,-0.8314432464470418,0.03,-0.8235458641509972,0.032,0.33,1.0,-0.8027455276199243,0.18,-0.7973584194818759,0.165
8,0.35,1.0,-0.8147622330742695,0.13278333333333334,-0.818731102745034,0.12060333333333333,0.35,1.0,-0.837433366094047,0.03,-0.8329605375888525,0.024,0.35,1.0,-0.8004306702680741,0.17,-0.7999457864149027,0.168
