,mean_eta,mean_init_rho,mean_valid_obj,mean_valid_prob,mean_test_obj,mean_test_prob,0.25_eta,0.25_init_rho,0.25_valid_obj,0.25_valid_prob,0.25_test_obj,0.25_test_prob,0.75_eta,0.75_init_rho,0.75_valid_obj,0.75_valid_prob,0.75_test_obj,0.75_test_prob
0,0.05,1.0,-0.8040563914007939,0.15465,-0.7862517657582261,0.16289333333333333,0.05,1.0,-0.84543805137728,0.0,-0.8173778993233941,0.008,0.05,1.0,-0.7664988512269231,0.3225,-0.7617206335914736,0.34
1,0.1,1.0,-0.8149627811214994,0.16561666666666666,-0.8141125159297482,0.16785999999999998,0.1,1.0,-0.8510712518877795,0.01,-0.8420876298041414,0.008,0.1,1.0,-0.7850237016620196,0.34,-0.7786015750076526,0.364
2,0.15,1.0,-0.8032741977473222,0.16616666666666668,-0.80340199650867,0.16618666666666668,0.15,1.0,-0.8378298549822506,0.02,-0.8169292563590447,0.012,0.15,1.0,-0.7680749416573702,0.33,-0.7716480745697792,0.34
3,0.2,1.0,-0.78541993461223,0.17981666666666668,-0.7815954000752658,0.17696666666666666,0.2,1.0,-0.8232197877370852,0.01,-0.7999028405822538,0.016,0.2,1.0,-0.7532111735375977,0.38,-0.7409432740407468,0.372
4,0.23,1.0,-0.7906063464407674,0.16856666666666667,-0.7746234460758892,0.1681666666666667,0.23,1.0,-0.8229870265340781,0.01,-0.7853414020706495,0.016,0.23,1.0,-0.7512290119466078,0.33,-0.7369388558518883,0.348
5,0.25,1.0,-0.7780570147946194,0.17885,-0.7747571468184904,0.17612,0.25,1.0,-0.8182397941964702,0.02,-0.7845594586066106,0.02,0.25,1.0,-0.7483027131366184,0.33,-0.7407258774448298,0.36
6,0.3,1.0,-0.7791565518608965,0.18995,-0.770247582957937,0.19365333333333332,0.3,1.0,-0.8152609781478681,0.02,-0.7819665247323486,0.028,0.3,1.0,-0.7445765289097772,0.35,-0.7420482963892182,0.4
7,0.33,1.0,-0.7777830363116688,0.20203333333333334,-0.7762254775368714,0.19264666666666666,0.33,1.0,-0.8168856073106718,0.03,-0.7935532919858448,0.028,0.33,1.0,-0.7445765292784388,0.37,-0.7441399510067985,0.364
8,0.35,1.0,-0.7666205883384754,0.21443333333333334,-0.7691658223906288,0.20325333333333334,0.35,1.0,-0.8037144563635035,0.03,-0.7840029619389289,0.032,0.35,1.0,-0.7441806138825452,0.43,-0.739769374546617,0.408
