,mean_eta,mean_init_rho,mean_valid_obj,mean_valid_prob,mean_test_obj,mean_test_prob,0.25_eta,0.25_init_rho,0.25_valid_obj,0.25_valid_prob,0.25_test_obj,0.25_test_prob,0.75_eta,0.75_init_rho,0.75_valid_obj,0.75_valid_prob,0.75_test_obj,0.75_test_prob
0,0.05,1.0,-0.8082743891539448,0.13488333333333336,-0.8117822569027017,0.13704666666666665,0.05,1.0,-0.8185544753483134,0.05,-0.8225681291843064,0.056,0.05,1.0,-0.8012001406056717,0.19,-0.7988606579873969,0.176
1,0.1,1.0,-0.8148865178135172,0.12173333333333335,-0.8157057472231443,0.12374,0.1,1.0,-0.8306768793727033,0.02,-0.8261404372656572,0.024,0.1,1.0,-0.7997660409863636,0.17,-0.7988858522638664,0.168
2,0.15,1.0,-0.8165698295889039,0.09901666666666667,-0.8187523341142073,0.10277,0.15,1.0,-0.8372165105983298,0.0,-0.8262241964459598,0.008,0.15,1.0,-0.7994465685635435,0.1125,-0.8037481778226401,0.128
3,0.2,1.0,-0.8187772468899754,0.093125,-0.821505222686919,0.09147333333333334,0.2,1.0,-0.8338230302599775,0.0,-0.8288067639197434,0.0,0.2,1.0,-0.8030791064488288,0.10250000000000001,-0.8059936715590702,0.1
4,0.23,1.0,-0.813609719426987,0.09359166666666667,-0.815572087533333,0.09390333333333332,0.23,1.0,-0.8275317119984997,0.0,-0.8189548147029868,0.0,0.23,1.0,-0.7967699197127616,0.11,-0.8008037237851371,0.108
5,0.25,1.0,-0.8162898424094409,0.09091666666666666,-0.81706715586029,0.09096666666666667,0.25,1.0,-0.8349051549115155,0.0,-0.8281848102952198,0.0,0.25,1.0,-0.7943581491505503,0.1,-0.7972448619587731,0.101
6,0.3,1.0,-0.8128985501405982,0.09068333333333334,-0.8171962501586314,0.08942666666666667,0.3,1.0,-0.82715702487566,0.0,-0.8260957942609322,0.0,0.3,1.0,-0.7928799864020581,0.09,-0.7979075352350837,0.096
7,0.33,1.0,-0.8133470981405126,0.09069166666666667,-0.8166606885298285,0.08857666666666666,0.33,1.0,-0.8309840986741135,0.0,-0.8232970685777371,0.0,0.33,1.0,-0.7991687537781023,0.1,-0.7980247523345961,0.096
8,0.35,1.0,-0.8134798220103608,0.09275,-0.8162547973103234,0.0912,0.35,1.0,-0.8240252777482674,0.0,-0.824928352159864,0.0,0.35,1.0,-0.793931863742042,0.1,-0.7981976743621495,0.104
