,mean_eta,mean_init_rho,mean_valid_obj,mean_valid_prob,mean_test_obj,mean_test_prob,0.25_eta,0.25_init_rho,0.25_valid_obj,0.25_valid_prob,0.25_test_obj,0.25_test_prob,0.75_eta,0.75_init_rho,0.75_valid_obj,0.75_valid_prob,0.75_test_obj,0.75_test_prob
0,0.05,1.0,-0.8239392110909648,0.14376,-0.8147756762352711,0.14492266666666667,0.05,1.0,-0.861774991510546,0.0,-0.8494258783146456,0.0,0.05,1.0,-0.76836826281705,0.24,-0.786426125932156,0.248
1,0.1,1.0,-0.8194449474146372,0.15738666666666667,-0.8273485608154209,0.15570133333333333,0.1,1.0,-0.8560291992298263,0.0,-0.8541139427861838,0.0,0.1,1.0,-0.7818362676092311,0.29,-0.7970727580514835,0.296
2,0.15,1.0,-0.8047934514266364,0.16924,-0.8149620412321686,0.16386666666666666,0.15,1.0,-0.8382368232718628,0.0,-0.8514642687048264,0.0,0.15,1.0,-0.762512477427826,0.31,-0.7663371784881473,0.3
3,0.2,1.0,-0.8243089037736028,0.18384,-0.8106604990266296,0.1901866666666667,0.2,1.0,-0.8625670416261626,0.0,-0.8661113250543551,0.0,0.2,1.0,-0.7776629780644507,0.34,-0.7606709040994035,0.348
4,0.23,1.0,-0.8160948269901747,0.19413333333333332,-0.8152327583236676,0.19649066666666665,0.23,1.0,-0.8502856746803502,0.0,-0.850060144788874,0.0,0.23,1.0,-0.7731136023354124,0.37,-0.7793851080233265,0.379
5,0.25,1.0,-0.8131642030275357,0.20201333333333332,-0.813354648322321,0.203616,0.25,1.0,-0.8693574700338547,0.0,-0.8494924436324297,0.004,0.25,1.0,-0.7691549108435414,0.38,-0.7728703682574658,0.384
6,0.3,1.0,-0.8201779846341917,0.19677333333333336,-0.8160463824217177,0.20184533333333332,0.3,1.0,-0.862735842235681,0.0,-0.8525233650419899,0.0,0.3,1.0,-0.7697849867241541,0.3675,-0.7683747873821474,0.392
7,0.33,1.0,-0.8269105744893935,0.21873333333333334,-0.8151239376549021,0.220544,0.33,1.0,-0.8530681037020492,0.0,-0.8446801190481594,0.004,0.33,1.0,-0.7737620298716117,0.44,-0.7729546254157842,0.435
8,0.35,1.0,-0.8128427394694852,0.21662666666666666,-0.8155264953989334,0.21642666666666666,0.35,1.0,-0.8545167481523136,0.0,-0.864649379403468,0.004,0.35,1.0,-0.7733846426835019,0.4175,-0.7642013910873859,0.412
