,mean_eta,mean_init_rho,mean_valid_obj,mean_valid_prob,mean_test_obj,mean_test_prob,0.25_eta,0.25_init_rho,0.25_valid_obj,0.25_valid_prob,0.25_test_obj,0.25_test_prob,0.75_eta,0.75_init_rho,0.75_valid_obj,0.75_valid_prob,0.75_test_obj,0.75_test_prob
0,0.05,1.0,-0.8085158540492136,0.23263333333333336,-0.8061177240835667,0.23584666666666668,0.05,1.0,-0.8447286078923318,0.02,-0.8236601887520083,0.02,0.05,1.0,-0.7815463485671899,0.47,-0.7725250975348361,0.508
1,0.1,1.0,-0.803571167563692,0.21876666666666666,-0.8008141831729954,0.21439333333333332,0.1,1.0,-0.825631015113552,0.03,-0.8142768129485145,0.028,0.1,1.0,-0.769610710768686,0.43,-0.7668976559131631,0.43
2,0.15,1.0,-0.8127054759947808,0.23043333333333332,-0.7918068629381347,0.24406666666666665,0.15,1.0,-0.8316040546364012,0.04,-0.8054716765193319,0.048,0.15,1.0,-0.7825032682845507,0.4225,-0.7592101983026713,0.452
3,0.2,1.0,-0.7968190937569162,0.23975,-0.7743977896845132,0.24961999999999998,0.2,1.0,-0.8216037700084436,0.05,-0.8034004260496949,0.052,0.2,1.0,-0.7541152177925083,0.42,-0.737850036194422,0.461
4,0.23,1.0,-0.7842879872556323,0.25981666666666664,-0.7762727718185874,0.25984,0.23,1.0,-0.8179009391830989,0.07,-0.795973295839603,0.076,0.23,1.0,-0.7460398311892954,0.46,-0.739921549262538,0.454
5,0.25,1.0,-0.7900787134754375,0.25780000000000003,-0.7792994348085166,0.25758,0.25,1.0,-0.8189076429425682,0.07,-0.8000330890184638,0.068,0.25,1.0,-0.7514427909026397,0.45,-0.7430111604387538,0.448
6,0.3,1.0,-0.7949915110953508,0.265,-0.7930898223223061,0.2735533333333333,0.3,1.0,-0.8208316718500536,0.08,-0.8087296364962095,0.088,0.3,1.0,-0.752990022008872,0.4425,-0.7643891784877832,0.458
7,0.33,1.0,-0.7860561758534536,0.2713,-0.772490853378614,0.27035333333333333,0.33,1.0,-0.8199268949962715,0.08,-0.7951446948343242,0.088,0.33,1.0,-0.7484271975899541,0.46,-0.7410616398640861,0.456
8,0.35,1.0,-0.7872429105182718,0.2780166666666667,-0.7669699116377324,0.2855333333333333,0.35,1.0,-0.8179938310449657,0.09,-0.7857764989968736,0.104,0.35,1.0,-0.7541306247471073,0.46,-0.7406296542522844,0.468
