seed,a_seed,nonrob_prob,nonrob_obj,scenario_probs,scenario_obj
10,10,0.5704042547023092,-0.8816079566209958,0.17749226144349858,-0.8113836488335023
