seed,rho,a_seed,eta,gamma,init_rho,valid_obj,valid_prob,test_obj,test_prob,time,valid_cover,test_cover,valid_in,test_in,valid_avg,avg_val,valid_cvar,test_cvar
60,1,60,0.1,1,1,-0.6706731568025079,0.0,-0.6858387057363353,0.0,0.002179854,0.0,0.0,0.00750889504203283,0.007203636318209412,-0.8482992860555164,-0.8503591793766941,-0.6078830489569018,-0.6248509679211902
