seed,rho,a_seed,eta,gamma,init_rho,valid_obj,valid_prob,test_obj,test_prob,time,valid_cover,test_cover,valid_in,test_in,avg_val,valid_cvar,test_cvar
30,1,30,0.15,1,1,-0.691605906638488,0.0025,-0.6764815663639244,0.0,0.002292304,0.0,0.0,0.018543914694051308,0.018543914694045035,-0.8854728245552896,-0.5751186035799046,-0.5610045964687674
