seed,rho,a_seed,eta,gamma,init_rho,valid_obj,valid_prob,test_obj,test_prob,time,valid_cover,test_cover,valid_in,test_in,valid_avg,avg_val,valid_cvar,test_cvar
30,1,30,0.15,1,1,-0.7381302198974057,0.0,-0.758664079514745,0.0,0.002479853,0.0,0.0,0.0007206795833064376,0.0004176378745943338,-0.863826853693028,-0.870828580670215,-0.6557619223068861,-0.637143173254001
