seed,rho,a_seed,eta,gamma,init_rho,valid_obj,valid_prob,test_obj,test_prob,time,valid_cover,test_cover,valid_in,test_in,avg_val,valid_cvar,test_cvar
60,1,60,0.15,1,1,-0.6972625472080223,0.0,-0.6972689290026971,0.0,0.002420744,0.0,0.0,0.008071624037168709,0.00807162403716172,-0.9062601069239694,-0.5890555816431297,-0.6125496636845345
