seed,rho,a_seed,eta,gamma,init_rho,valid_obj,valid_prob,test_obj,test_prob,time,valid_cover,test_cover,valid_in,test_in,avg_val,valid_cvar,test_cvar
70,1,70,0.15,1,1,-0.6660957096342702,0.0,-0.6836499455147317,0.001,0.006118129,0.0,0.0,-0.006433158785341759,-0.0064331587852832686,-0.9566997454849079,-0.5422205451885255,-0.5470233502484275
