seed,rho,a_seed,eta,gamma,init_rho,valid_obj,valid_prob,test_obj,test_prob,time,valid_cover,test_cover,valid_in,test_in,valid_avg,avg_val,valid_cvar,test_cvar
20,1,20,0.1,1,1,-0.6535006667795434,0.0,-0.6492336655879993,0.0,0.002297517,0.0,0.0,0.01880797870867875,0.018807978708681332,-0.8315735074065471,-0.8338921608364189,-0.5801654842002955,-0.5712502120307059
