seed,rho,a_seed,eta,gamma,init_rho,valid_obj,valid_prob,test_obj,test_prob,time,valid_cover,test_cover,valid_in,test_in,avg_val
40,1,40,0.2,1,1,-0.4877828374602312,0.0,-0.5151610444723637,0.001,0.002402226,0.0,0.0,-0.5730815928566108,-0.5915638273134135,-0.851471640533614
