seed,rho,a_seed,eta,gamma,init_rho,valid_obj,valid_prob,test_obj,test_prob,time,valid_cover,test_cover,valid_in,test_in,valid_avg,avg_val,valid_cvar,test_cvar
20,1,20,0.15,1,1,-0.5781876665686393,0.0,-0.5020146508675162,0.0,0.00039139,0.0,0.0,0.03858749644034655,0.03858749644033175,-0.8053310932889981,-0.7898076366042248,-0.42123313409415186,-0.38075334980731884
