seed,rho,a_seed,eta,gamma,init_rho,valid_obj,valid_prob,test_obj,test_prob,time,valid_cover,test_cover,valid_in,test_in,valid_avg,avg_val,valid_cvar,test_cvar
60,1,60,0.15,1,1,-0.48203373235066727,0.025,-0.4822219856944309,0.01,0.00040489,0.0,0.0,0.03406002518165713,0.03406002518162178,-0.8463831781410436,-0.8644532574037082,-0.2296777370201731,-0.2618907264024801
