seed,rho,a_seed,eta,gamma,init_rho,valid_obj,valid_prob,test_obj,test_prob,time,valid_cover,test_cover,valid_in,test_in,avg_val
0,1,0,0.3,1,1,-0.4132523592067069,0.005,-0.44933332214699395,0.0,0.00037367,0.0,0.0,-0.5567332854326407,-0.5952703225405378,-0.8494429031722834
