seed,rho,a_seed,eta,gamma,init_rho,valid_obj,valid_prob,test_obj,test_prob,time,valid_cover,test_cover,valid_in,test_in,avg_val
20,1,20,0.3,1,1,-0.32844510535119253,0.0,-0.3130409497724456,0.0,0.00040922,0.0,0.0,-0.5116192103883873,-0.49619323867099807,-0.7942655397706603
