seed,rho,a_seed,eta,gamma,init_rho,valid_obj,valid_prob,test_obj,test_prob,time,valid_cover,test_cover,valid_in,test_in,avg_val
30,1,30,0.3,1,1,-0.37734101480590887,0.0,-0.34320282985318573,0.006,0.00033866,0.0,0.0,-0.5368469762798793,-0.5126330733068735,-0.8265974499343988
