seed,rho,a_seed,eta,gamma,init_rho,valid_obj,valid_prob,test_obj,test_prob,time,valid_cover,test_cover,valid_in,test_in,avg_val
0,1,0,0.2,1,1,-0.36900769054351346,0.005,-0.41482013339322,0.0,0.00037436,0.0,0.0,-0.47480220024268377,-0.5174730099253975,-0.8673829997255196
