seed,rho,a_seed,eta,gamma,init_rho,valid_obj,valid_prob,test_obj,test_prob,time,valid_cover,test_cover,valid_in,test_in,avg_val
40,1,40,0.2,1,1,-0.2586135871946407,0.005,-0.2358754292422416,0.01,0.00033499,0.0,0.0,-0.39158514828744184,-0.39599852001535035,-0.826507320696416
