seed,a_seed,nonrob_prob,nonrob_obj,scenario_probs,scenario_obj
20,20,0.7360867767853062,-0.7764922202967157,0.40936163509692924,-0.8119124134702427
