seed,rho,a_seed,eta,gamma,init_rho,valid_obj,valid_prob,test_obj,test_prob,time,valid_cover,test_cover,valid_in,test_in,avg_val,valid_cvar,test_cvar
20,1,20,0.05,1,1,-0.5211934298617766,0.0025,-0.5439485256402841,0.001,0.000371111,0.0,0.0,0.09214874968182712,0.09085967821266036,-0.8259884755510932,-0.3842802403917406,-0.4041854818863066
