seed,rho,a_seed,eta,gamma,init_rho,valid_obj,valid_prob,test_obj,test_prob,time,valid_cover,test_cover,valid_in,test_in,avg_val,valid_cvar,test_cvar
30,1,30,0.05,1,1,-0.5664094353400418,0.0025,-0.5872355702434797,0.0,0.00039723,0.0,0.0,0.05879635397132858,0.05901097835068063,-0.8770020414600121,-0.407780751374396,-0.437301746825288
