seed,rho,a_seed,eta,gamma,init_rho,valid_obj,valid_prob,test_obj,test_prob,time,valid_cover,test_cover,valid_in,test_in,avg_val,valid_cvar,test_cvar
50,1,50,0.05,1,1,-0.6191996264982053,0.0025,-0.5596649891383345,0.002,0.00037533,0.0,0.0,0.036559699214853386,0.03597996435837995,-0.841172652861339,-0.42841119979565123,-0.4232402645953318
