seed,rho,a_seed,eta,gamma,init_rho,valid_obj,valid_prob,test_obj,test_prob,time,valid_cover,test_cover,valid_in,test_in,valid_avg,avg_val,valid_cvar,test_cvar
50,1,50,0.05,1,1,-0.6239847467031485,0.0,-0.615853754635217,0.002,0.000344451,0.0,0.0,0.06870148543031385,0.0689675033500753,-0.8097630736383157,-0.8028395616709649,-0.5018768356698223,-0.48294676312462725
