seed,rho,a_seed,eta,gamma,init_rho,valid_obj,valid_prob,test_obj,test_prob,time,valid_cover,test_cover,valid_in,test_in,valid_avg,avg_val,valid_cvar,test_cvar
60,1,60,0.05,1,1,-0.6157089981157534,0.0,-0.6008397689491726,0.001,0.000385712,0.0,0.0,0.03542982022481548,0.03518367493488141,-0.8334252888545849,-0.8220571621153929,-0.4975901548427285,-0.48671235996944906
