seed,rho,a_seed,eta,gamma,init_rho,valid_obj,valid_prob,test_obj,test_prob,time,valid_cover,test_cover,valid_in,test_in,valid_avg,avg_val,valid_cvar,test_cvar
70,1,70,0.05,1,1,-0.6029158302027227,0.0075,-0.611974563041469,0.001,0.000380131,0.0,0.0,0.0361532599688462,0.03736175861149782,-0.8253971367358386,-0.8135597980532427,-0.40585133990954486,-0.43048144665578675
