seed,rho,a_seed,eta,gamma,init_rho,valid_obj,valid_prob,test_obj,test_prob,time,valid_cover,test_cover,valid_in,test_in,valid_avg,avg_val,valid_cvar,test_cvar
90,1,90,0.05,1,1,-0.6214727556347232,0.0,-0.6520074458194293,0.0,0.000366871,0.0,0.0,0.03551554641369046,0.03561048042862776,-0.8200357309885067,-0.8233949642097141,-0.5157748228040491,-0.5459321937176248
