seed,rho,a_seed,eta,gamma,init_rho,valid_obj,valid_prob,test_obj,test_prob,time,valid_cover,test_cover,valid_in,test_in,avg_val
0,1,0,0.2,1,1,-0.3786874051836237,0.005,-0.39696216232405535,0.0,0.000367802,0.0,0.0,-0.49468926615416764,-0.49402150917258103,-0.8274462102347844
