seed,rho,a_seed,eta,gamma,init_rho,valid_obj,valid_prob,test_obj,test_prob,time,valid_cover,test_cover,valid_in,test_in,avg_val
20,1,20,0.2,1,1,-0.3276235856511581,0.0025,-0.36923124157326653,0.001,0.000372742,0.0,0.0,-0.4518363699737448,-0.4694624528769468,-0.8149734695075115
