seed,rho,a_seed,eta,gamma,init_rho,valid_obj,valid_prob,test_obj,test_prob,time,valid_cover,test_cover,valid_in,test_in,avg_val
30,1,30,0.2,1,1,-0.3240796405806563,0.0,-0.3519410139682321,0.0,0.000407943,0.0,0.0,-0.43577842662526206,-0.45424155582440684,-0.8124653273094912
