seed,rho,a_seed,eta,gamma,init_rho,valid_obj,valid_prob,test_obj,test_prob,time,valid_cover,test_cover,valid_in,test_in,avg_val
50,1,50,0.2,1,1,-0.3057972893640434,0.0075,-0.29385217022883503,0.006,0.000449783,0.0,0.0,-0.41736715491000775,-0.4050784376161096,-0.7629192655589443
