seed,rho,a_seed,eta,gamma,init_rho,valid_obj,valid_prob,test_obj,test_prob,time,valid_cover,test_cover,valid_in,test_in,valid_avg,avg_val,valid_cvar,test_cvar
0,1,0,0.1,1,1,-0.5531992401423014,0.0025,-0.5193213990869042,0.0,0.000778021,0.0,0.0,0.07024345185271635,0.07024345185271974,-0.8335142761892491,-0.8356019063811942,-0.38833946538682146,-0.38180909610239344
