seed,rho,a_seed,eta,gamma,init_rho,valid_obj,valid_prob,test_obj,test_prob,time,valid_cover,test_cover,valid_in,test_in,valid_avg,avg_val,valid_cvar,test_cvar
30,1,30,0.1,1,1,-0.4694038808097834,0.0,-0.5187445302341529,0.001,0.000713475,0.0,0.0,0.05011246463248251,0.05011246463248854,-0.7878752654965094,-0.822982739375507,-0.31033828683899617,-0.35929536101196824
