seed,rho,a_seed,eta,gamma,init_rho,valid_obj,valid_prob,test_obj,test_prob,time,valid_cover,test_cover,valid_in,test_in,valid_avg,avg_val,valid_cvar,test_cvar
70,1,70,0.1,1,1,-0.5278086717621797,0.0025,-0.4944101988491354,0.003,0.000714541,0.0,0.0,0.07464018205863666,0.07464018205861497,-0.7983729492314127,-0.7981592119492305,-0.35414963197725396,-0.3303024295330188
