context_val,seed,alpha,eps,test_lcx_prob,test_lcx_obj,valid_lcx_prob,valid_lcx_obj,time,in_val,test_avg,valid_avg
12,0,0.1,0.08,0.0,-0.40299709372919007,0.0,-0.24854393511625644,973.0092344284058,0.3021790335065895,-0.9069965564320702,-0.7481805413149737
