context_val,seed,alpha,eps,test_lcx_prob,test_lcx_obj,valid_lcx_prob,valid_lcx_obj,time,in_val,test_avg,valid_avg
14,0,0.1,0.08,0.0,-0.3656258813363044,0.0,-0.3417005697451622,2839.1646077632904,0.30817590611071644,-0.7916565824837055,-0.7422918300005518
