context_val,seed,alpha,eps,test_lcx_prob,test_lcx_obj,valid_lcx_prob,valid_lcx_obj,time,in_val,test_avg,valid_avg
19,0,0.1,0.08,0.0,-0.1358531792592279,0.0,-0.4617488358102387,2026.8250513076782,0.2820883821942269,-0.7504411005064672,-0.9562291767402419
