context_val,seed,alpha,eps,test_lcx_prob,test_lcx_obj,valid_lcx_prob,valid_lcx_obj,time,in_val,test_avg,valid_avg
13,10,0.1,0.08,0.0,-0.19535436330089853,0.0,-0.4260293447687902,1505.7580726146698,0.2644320243104703,-0.8873908128748239,-0.9564759196822247
