context_val,seed,alpha,eps,test_lcx_prob,test_lcx_obj,valid_lcx_prob,valid_lcx_obj,time,in_val,test_avg,valid_avg
15,10,0.1,0.08,0.0,-0.40945885109704294,0.0,-0.5179152822677092,1396.3425211906433,0.3398448023899413,-0.8517030979770905,-0.988517064093985
