context_val,seed,alpha,eps,test_lcx_prob,test_lcx_obj,valid_lcx_prob,valid_lcx_obj,time,in_val,test_avg,valid_avg
3,10,0.1,0.08,0.045454545454545456,-0.1410696514727532,0.0,-0.637574943509543,2406.9710879325867,0.21859820680558667,-0.8330970210084838,-1.0356638790940782
