context_val,seed,alpha,eps,test_lcx_prob,test_lcx_obj,valid_lcx_prob,valid_lcx_obj,time,in_val,test_avg,valid_avg
5,10,0.1,0.08,0.038461538461538464,0.016465142688117645,0.0,-0.5523089059828716,5566.353335618973,0.37883970027875663,-0.8641154576522401,-1.1344353507374103
