context_val,seed,alpha,eps,test_lcx_prob,test_lcx_obj,valid_lcx_prob,valid_lcx_obj,time,in_val,test_avg,valid_avg
6,10,0.1,0.08,0.03225806451612903,-0.14615666391251245,0.0,-0.5685118382690693,295.97790336608887,0.08925530711168331,-0.8074065832122287,-0.9854071617758114
