context_val,seed,alpha,eps,test_lcx_prob,test_lcx_obj,valid_lcx_prob,valid_lcx_obj,time,in_val,test_avg,valid_avg
12,20,0.1,0.08,0.0,-0.38418474653706775,0.0,-0.29184731527126345,1397.4547772407532,0.2100214515625268,-0.8065025162630055,-0.620924387144205
