context_val,seed,alpha,eps,test_lcx_prob,test_lcx_obj,valid_lcx_prob,valid_lcx_obj,time,in_val,test_avg,valid_avg
11,20,0.1,0.08,0.0,-0.2918159363118435,0.0,-0.3572794796447164,339.6736273765564,0.12591892570395805,-0.712189787701797,-0.743090166356878
