context_val,seed,alpha,eps,test_lcx_prob,test_lcx_obj,valid_lcx_prob,valid_lcx_obj,time,in_val,test_avg,valid_avg
17,20,0.1,0.08,0.0,-0.3447078123592789,0.125,0.21577017676632396,562.4727323055267,0.20900913092109938,-0.7576268334726074,-0.7329880159042046
