context_val,seed,alpha,eps,test_lcx_prob,test_lcx_obj,valid_lcx_prob,valid_lcx_obj,time,in_val,test_avg,valid_avg
2,20,0.1,0.08,0.0,-0.26857621435417484,0.0,-0.008407390269886773,2868.1323018074036,0.3946328489970404,-0.8397706123370482,-0.8210835882587417
