context_val,seed,alpha,eps,test_lcx_prob,test_lcx_obj,valid_lcx_prob,valid_lcx_obj,time,in_val,test_avg,valid_avg
6,20,0.1,0.08,0.0,-0.27844669953002854,0.0,-0.38970353239603805,581.9051325321198,0.23955462373018485,-0.7580406714829754,-0.8495938347454661
