context_val,seed,alpha,eps,test_lcx_prob,test_lcx_obj,valid_lcx_prob,valid_lcx_obj,time,in_val,test_avg,valid_avg
8,20,0.1,0.08,0.0,-0.3233327540990671,0.0,-0.5729982574768951,586.0810351371765,0.28354539981125987,-0.7458414212364709,-0.8484335193548882
