context_val,seed,alpha,eps,test_lcx_prob,test_lcx_obj,valid_lcx_prob,valid_lcx_obj,time,in_val,test_avg,valid_avg
9,20,0.1,0.08,0.0,-0.3143694656613007,0.0,-0.2584091563759878,1860.4465517997742,0.361311716064387,-0.7236763790960319,-0.8068030875583477
