context_val,seed,alpha,eps,test_lcx_prob,test_lcx_obj,valid_lcx_prob,valid_lcx_obj,time,in_val,test_avg,valid_avg
12,30,0.1,0.08,0.03571428571428571,0.30167829595093837,0.0,-0.4800906758825286,1640.469901561737,0.31298485301109213,-0.7069459454860754,-0.9015185974138628
