context_val,seed,alpha,eps,test_lcx_prob,test_lcx_obj,valid_lcx_prob,valid_lcx_obj,time,in_val,test_avg,valid_avg
15,30,0.1,0.08,0.043478260869565216,-0.1978459844653835,0.0,-0.5051198498531713,2765.4774725437164,0.1813538510911223,-0.8332504159619561,-0.9351932318290626
