context_val,seed,alpha,eps,test_lcx_prob,test_lcx_obj,valid_lcx_prob,valid_lcx_obj,time,in_val,test_avg,valid_avg
11,30,0.1,0.08,0.034482758620689655,0.09444683358312433,0.0,-0.29263566013517045,481.9062566757202,0.24536679234915904,-0.6906908143912814,-0.7620700802307023
