context_val,seed,alpha,eps,test_lcx_prob,test_lcx_obj,valid_lcx_prob,valid_lcx_obj,time,in_val,test_avg,valid_avg
16,30,0.1,0.08,0.0,-0.28777526012648413,0.0,-0.592724458175161,2146.1787827014923,0.15883448068419273,-0.879654906739214,-0.8620045094901652
