context_val,seed,alpha,eps,test_lcx_prob,test_lcx_obj,valid_lcx_prob,valid_lcx_obj,time,in_val,test_avg,valid_avg
5,30,0.1,0.08,0.0,-0.22140154082526045,0.0,-0.42215721088139324,3163.5201659202576,0.28454242093207066,-0.6821032429285936,-0.831578601687343
