context_val,seed,alpha,eps,test_lcx_prob,test_lcx_obj,valid_lcx_prob,valid_lcx_obj,time,in_val,test_avg,valid_avg
7,30,0.1,0.08,0.0,-0.16045567490833568,0.0,-0.5237792308710241,1239.5506732463837,0.18796006344461902,-0.7314978767799181,-0.751099520727319
