context_val,seed,alpha,eps,test_lcx_prob,test_lcx_obj,valid_lcx_prob,valid_lcx_obj,time,in_val,test_avg,valid_avg
9,30,0.1,0.08,0.0,-0.40239222042485606,0.09090909090909091,-0.004975297838594517,864.4571433067322,0.11902586898938207,-0.7476435500711816,-0.8248848269122103
