context_val,seed,alpha,eps,test_lcx_prob,test_lcx_obj,valid_lcx_prob,valid_lcx_obj,time,in_val,test_avg,valid_avg
19,40,0.1,0.08,0.0,-0.25370854138662996,0.0,-0.5836287845426212,1140.6183667182922,0.26093124967273273,-0.7021898901102837,-0.8900031949197094
