context_val,seed,alpha,eps,test_lcx_prob,test_lcx_obj,valid_lcx_prob,valid_lcx_obj,time,in_val,test_avg,valid_avg
12,40,0.1,0.08,0.0,-0.417520619845739,0.0,-0.1689377250539445,1465.6022996902466,0.37324842322609925,-0.828088813068141,-0.7416342368196005
