context_val,seed,alpha,eps,test_lcx_prob,test_lcx_obj,valid_lcx_prob,valid_lcx_obj,time,in_val,test_avg,valid_avg
15,40,0.1,0.08,0.0,-0.295123673785109,0.0,-0.2720667359385607,3821.436950445175,0.28156784690101316,-0.8338807220522237,-0.7676473289105895
