context_val,seed,alpha,eps,test_lcx_prob,test_lcx_obj,valid_lcx_prob,valid_lcx_obj,time,in_val,test_avg,valid_avg
11,40,0.1,0.08,0.0,-0.3962360147375807,0.0,-0.49247357043984186,1073.6654675006866,0.2926966847672561,-0.9425130201197737,-0.9439364139463725
