context_val,seed,alpha,eps,test_lcx_prob,test_lcx_obj,valid_lcx_prob,valid_lcx_obj,time,in_val,test_avg,valid_avg
6,40,0.1,0.08,0.03225806451612903,0.3087200185450577,0.08333333333333333,0.3678803419793321,1048.486850976944,0.3790359996166712,-0.5562695940495002,-0.5403588389236677
