context_val,seed,alpha,eps,test_lcx_prob,test_lcx_obj,valid_lcx_prob,valid_lcx_obj,time,in_val,test_avg,valid_avg
7,40,0.1,0.08,0.03571428571428571,-0.11403519540349911,0.0,-0.7555830354110926,881.4054372310638,0.198369984472559,-0.7465473616186197,-0.9651657263831168
