context_val,seed,alpha,eps,test_lcx_prob,test_lcx_obj,valid_lcx_prob,valid_lcx_obj,time,in_val,test_avg,valid_avg
19,50,0.1,0.08,0.03571428571428571,-0.0030063043179198536,0.0,-0.6915332385156342,2521.395238637924,0.4158927988796463,-0.8418370061332497,-1.0268480598330398
