context_val,seed,alpha,eps,test_lcx_prob,test_lcx_obj,valid_lcx_prob,valid_lcx_obj,time,in_val,test_avg,valid_avg
11,50,0.1,0.08,0.0,-0.32057736285056154,0.0,-0.3228606712498473,396.15024733543396,0.3280986946180326,-0.8853337255218272,-0.8447276384090632
