context_val,seed,alpha,eps,test_lcx_prob,test_lcx_obj,valid_lcx_prob,valid_lcx_obj,time,in_val,test_avg,valid_avg
18,50,0.1,0.08,0.037037037037037035,0.18217413094122994,0.0,-0.23519533545118443,1521.3323652744293,0.34399858275038847,-0.6724980394373191,-0.9978439050870713
