context_val,seed,alpha,eps,test_lcx_prob,test_lcx_obj,valid_lcx_prob,valid_lcx_obj,time,in_val,test_avg,valid_avg
5,50,0.1,0.08,0.0,-0.3677798720375119,0.14285714285714285,0.365148311699831,7540.787437200546,0.22900772013210696,-0.7032870961685107,-0.6742456742783297
