context_val,seed,alpha,eps,test_lcx_prob,test_lcx_obj,valid_lcx_prob,valid_lcx_obj,time,in_val,test_avg,valid_avg
6,50,0.1,0.08,0.03225806451612903,-0.11480318915186563,0.0,-0.39639077064431233,993.1177306175232,0.15577938149528794,-0.7046070695433508,-0.7915394669114616
