context_val,seed,alpha,eps,test_lcx_prob,test_lcx_obj,valid_lcx_prob,valid_lcx_obj,time,in_val,test_avg,valid_avg
7,50,0.1,0.08,0.0,-0.29773300800168934,0.0,-0.15020253517264384,1835.3560495376587,0.3666752159502971,-0.8279481552332495,-0.8153319836921878
