context_val,seed,alpha,eps,test_lcx_prob,test_lcx_obj,valid_lcx_prob,valid_lcx_obj,time,in_val,test_avg,valid_avg
0,60,0.1,0.08,0.0,-0.07489300505562044,0.0,-0.35917633657397785,3265.1854388713837,0.3082809918084403,-0.6751572920426991,-0.8326849462705391
