context_val,seed,alpha,eps,test_lcx_prob,test_lcx_obj,valid_lcx_prob,valid_lcx_obj,time,in_val,test_avg,valid_avg
10,60,0.1,0.08,0.0,-0.20590246788938207,0.0,-0.5240532509174204,4534.421900272369,0.2701790142373413,-0.9007198817360594,-0.7549180037013715
