context_val,seed,alpha,eps,test_lcx_prob,test_lcx_obj,valid_lcx_prob,valid_lcx_obj,time,in_val,test_avg,valid_avg
15,60,0.1,0.08,0.0,-0.2651006203032124,0.0,-0.6416946575604612,3034.6337518692017,0.29061924151958685,-0.7820939893265466,-0.8789523871031718
