context_val,seed,alpha,eps,test_lcx_prob,test_lcx_obj,valid_lcx_prob,valid_lcx_obj,time,in_val,test_avg,valid_avg
17,60,0.1,0.08,0.0,-0.3402540975517608,0.0,-0.5462654736811449,1054.5175573825836,0.39944298691068775,-0.8817309284780428,-0.9250845957568546
