context_val,seed,alpha,eps,test_lcx_prob,test_lcx_obj,valid_lcx_prob,valid_lcx_obj,time,in_val,test_avg,valid_avg
14,60,0.1,0.08,0.0,-0.04143068822945556,0.0,-0.5838649744019984,2138.646781206131,0.3381142281823294,-0.8690061699098728,-0.9292227446299326
