context_val,seed,alpha,eps,test_lcx_prob,test_lcx_obj,valid_lcx_prob,valid_lcx_obj,time,in_val,test_avg,valid_avg
3,60,0.1,0.08,0.0,-0.44705553564621336,0.0,-0.18872472563293635,1357.8410246372223,0.3984189966422184,-0.830686485794855,-0.6559739285431346
