context_val,seed,alpha,eps,test_lcx_prob,test_lcx_obj,valid_lcx_prob,valid_lcx_obj,time,in_val,test_avg,valid_avg
15,70,0.1,0.08,0.0,-0.15954024972740707,0.0,-0.4112955659105134,2000.0769329071045,0.2015090722091836,-0.6635338304881493,-0.8670422730784599
