context_val,seed,alpha,eps,test_lcx_prob,test_lcx_obj,valid_lcx_prob,valid_lcx_obj,time,in_val,test_avg,valid_avg
10,70,0.1,0.08,0.0,-0.2149947170565336,0.0,-0.1677991591592145,2010.5946004390717,0.4027040479527156,-0.8214450763009371,-0.7023583736499395
