context_val,seed,alpha,eps,test_lcx_prob,test_lcx_obj,valid_lcx_prob,valid_lcx_obj,time,in_val,test_avg,valid_avg
17,70,0.1,0.08,0.0,-0.33116181310367104,0.125,0.5237233496698994,1500.9374141693115,0.18804610149622517,-0.8337905140943792,-0.5136587575587004
