context_val,seed,alpha,eps,test_lcx_prob,test_lcx_obj,valid_lcx_prob,valid_lcx_obj,time,in_val,test_avg,valid_avg
16,70,0.1,0.08,0.0,-0.15651195004603366,0.0,-0.5302708527929402,963.9378218650818,0.26704880879480913,-0.8208534863920881,-1.0076743814666111
