context_val,seed,alpha,eps,test_lcx_prob,test_lcx_obj,valid_lcx_prob,valid_lcx_obj,time,in_val,test_avg,valid_avg
12,70,0.1,0.08,0.0,-0.2886043541501135,0.0,-0.32120858928506196,1606.8206329345703,0.37911869710085794,-0.9722726768074553,-0.484680181906567
