context_val,seed,alpha,eps,test_lcx_prob,test_lcx_obj,valid_lcx_prob,valid_lcx_obj,time,in_val,test_avg,valid_avg
1,70,0.1,0.08,0.0,-0.4883591994802559,0.0,0.1997829138478395,2443.408750295639,0.38467976735372406,-0.8353699520032368,-0.5685388939823034
