context_val,seed,alpha,eps,test_lcx_prob,test_lcx_obj,valid_lcx_prob,valid_lcx_obj,time,in_val,test_avg,valid_avg
2,70,0.1,0.08,0.0,-0.26116833944090295,0.0,-0.4312207989325116,3480.34911608696,0.3750567398537104,-0.8004796440553101,-0.9553733206088577
