context_val,seed,alpha,eps,test_lcx_prob,test_lcx_obj,valid_lcx_prob,valid_lcx_obj,time,in_val,test_avg,valid_avg
9,70,0.1,0.08,0.0,-0.11930224928815193,0.09090909090909091,0.05777377727915778,1363.8887786865234,0.24898167860964843,-0.8427924486501432,-0.6823231215252926
