context_val,seed,alpha,eps,test_lcx_prob,test_lcx_obj,valid_lcx_prob,valid_lcx_obj,time,in_val,test_avg,valid_avg
19,80,0.1,0.08,0.0,-0.3193257080605538,0.0,-0.47050234103947325,1962.54274725914,0.3109230156951379,-0.8170173235296921,-0.82325161708227
