context_val,seed,alpha,eps,test_lcx_prob,test_lcx_obj,valid_lcx_prob,valid_lcx_obj,time,in_val,test_avg,valid_avg
15,80,0.1,0.08,0.0,-0.06383050389906701,0.0,-0.3523531297658055,1846.5704786777496,0.299234292233433,-0.7669735138936268,-0.7219953628936809
