context_val,seed,alpha,eps,test_lcx_prob,test_lcx_obj,valid_lcx_prob,valid_lcx_obj,time,in_val,test_avg,valid_avg
2,80,0.1,0.08,0.0,-0.26219439124839006,0.0,-0.29017789611907635,2711.8656737804413,0.3393700517009947,-0.7480172777829461,-0.7953016029588234
