context_val,seed,alpha,eps,test_lcx_prob,test_lcx_obj,valid_lcx_prob,valid_lcx_obj,time,in_val,test_avg,valid_avg
3,80,0.1,0.08,0.0,-0.3575501217566819,0.0,-0.21324031968324447,2240.1129717826843,0.2457870943964683,-0.7615554801954402,-0.7090829172125255
