context_val,seed,alpha,eps,test_lcx_prob,test_lcx_obj,valid_lcx_prob,valid_lcx_obj,time,in_val,test_avg,valid_avg
5,80,0.1,0.08,0.0,-0.4392193989216362,0.0,-0.45890081419880685,4172.60341501236,0.26696521019963365,-0.8291517545117445,-0.8576653486097311
