context_val,seed,alpha,eps,test_lcx_prob,test_lcx_obj,valid_lcx_prob,valid_lcx_obj,time,in_val,test_avg,valid_avg
0,90,0.1,0.08,0.0,-0.5472963084813429,0.0,-0.4225439030512813,2933.7023134231567,0.2572081221850915,-0.9295425193750128,-0.7606917219323197
