context_val,seed,alpha,eps,test_lcx_prob,test_lcx_obj,valid_lcx_prob,valid_lcx_obj,time,in_val,test_avg,valid_avg
11,90,0.1,0.08,0.0,-0.07939749213872897,0.0,-0.45449404022330764,154.13608026504517,0.3541919825273822,-0.9046589696177869,-0.9544816665516999
