context_val,seed,alpha,eps,test_lcx_prob,test_lcx_obj,valid_lcx_prob,valid_lcx_obj,time,in_val,test_avg,valid_avg
19,90,0.1,0.08,0.0,-0.08004261253838905,0.0,-0.1402376618966628,1551.3956761360168,0.2547132263736736,-0.7955410013273126,-0.7798429174678996
