context_val,seed,alpha,eps,test_lcx_prob,test_lcx_obj,valid_lcx_prob,valid_lcx_obj,time,in_val,test_avg,valid_avg
18,90,0.1,0.08,0.0,-0.35910443415625853,0.0,-0.24359535652978398,1624.915323972702,0.252722937830177,-0.806551949705476,-0.8052705452626518
