context_val,seed,alpha,eps,test_lcx_prob,test_lcx_obj,valid_lcx_prob,valid_lcx_obj,time,in_val,test_avg,valid_avg
7,90,0.1,0.08,0.0,-0.3994015768412389,0.0,-0.36427141703396027,2111.6680920124054,0.3126529799912654,-0.7546680518747636,-0.6468129270971075
