seed,rho,a_seed,eta,gamma,init_rho,valid_obj,valid_prob,test_obj,test_prob,time,valid_cover,test_cover,valid_in,test_in,avg_val,valid_cvar,test_cvar
20,1,20,0.3,1,1,-0.6696205274182085,0.0,-0.6906549634646196,0.0,0.002338933,0.0,0.0,0.015137265253601106,0.015137265253592585,-0.8811137404547564,-0.5857673220141822,-0.6109811854577708
