seed,rho,a_seed,eta,gamma,init_rho,valid_obj,valid_prob,test_obj,test_prob,time,valid_cover,test_cover,valid_in,test_in,valid_avg,avg_val,valid_cvar,test_cvar
30,1,30,0.3,1,1,-0.6784769605167882,0.0,-0.6985927834255174,0.0,0.002709724,0.0,0.0,0.012905361946837012,0.012905361946831527,-0.8460175220964377,-0.8621152195489368,-0.5428323666828258,-0.5759629199672522
