seed,rho,a_seed,eta,gamma,init_rho,valid_obj,valid_prob,test_obj,test_prob,time,valid_cover,test_cover,valid_in,test_in,avg_val,valid_cvar,test_cvar
30,1,30,0.3,1,1,-0.6744262133521821,0.0025,-0.6746342176054265,0.0,0.002822223,0.0,0.0,0.020017720110584242,0.020017720110580783,-0.8977802690022381,-0.5453328854049412,-0.5547857123529191
