seed,rho,a_seed,eta,gamma,init_rho,valid_obj,valid_prob,test_obj,test_prob,time,valid_cover,test_cover,valid_in,test_in,avg_val,valid_cvar,test_cvar
80,1,80,0.3,1,1,-0.6740997747051947,0.0,-0.6612223193831346,0.0,0.002214773,0.0,0.0,0.005029185386128596,0.005029185386100784,-0.9070268249702848,-0.5336835081933509,-0.5336471306754911
