seed,nonrob_prob,nonrob_obj,scenario_probs,scenario_obj,scenario_in,nonrob_in,scenario_avg,nonrob_avg,scenario_cvar,nonrob_cvar
3,0.9126267430444187,3.580458688138698,0.011341130445665246,-0.44536752778296124,-0.445367527677481,-4.88733980352903,-0.5431060995835042,-1.551106747178029,-0.39448858881199383,5.0853953517854915
