seed,rho,a_seed,eta,gamma,init_rho,valid_obj,valid_prob,test_obj,test_prob,time,valid_cover,test_cover,valid_in,test_in,valid_avg,avg_val,valid_cvar,test_cvar
0,1,0,0.1,1,1,-0.6808790945802446,0.0,-0.6622263783270663,0.0,0.002214705,0.0,0.0,0.02377275991728654,0.023772759917284086,-0.8527473380627703,-0.8527357214581845,-0.6100074514582868,-0.5926181598371969
