seed,rho,a_seed,eta,gamma,init_rho,valid_obj,valid_prob,test_obj,test_prob,time,valid_cover,test_cover,valid_in,test_in,valid_avg,avg_val,valid_cvar,test_cvar
10,1,10,0.1,1,1,-0.6249874572089497,0.0,-0.6591287807466584,0.0,0.002442095,0.0,0.0,0.029682087309601493,0.029682087309601805,-0.8122056555352714,-0.8287507374154353,-0.5354328862207186,-0.5776761118042909
