seed,rho,a_seed,eta,gamma,init_rho,valid_obj,valid_prob,test_obj,test_prob,time,valid_cover,test_cover,valid_in,test_in,valid_avg,avg_val,valid_cvar,test_cvar
20,1,20,0.1,1,1,-0.6737976284556432,0.0,-0.6431804721422754,0.0,0.002284955,0.0,0.0,0.02510704612891136,0.02510704612891162,-0.8585787350161405,-0.8278986397747822,-0.5623911215985913,-0.5484286232599932
