seed,rho,a_seed,eta,gamma,init_rho,valid_obj,valid_prob,test_obj,test_prob,time,valid_cover,test_cover,valid_in,test_in,valid_avg,avg_val,valid_cvar,test_cvar
70,1,70,0.1,1,1,-0.6449541274419057,0.0,-0.6448824266417077,0.0,0.002096495,0.0,0.0,0.025793444111394254,0.025793444111392214,-0.8190027983237596,-0.8154462978339063,-0.5696802727747085,-0.5503988359831562
