seed,rho,a_seed,eta,gamma,init_rho,valid_obj,valid_prob,test_obj,test_prob,time,valid_cover,test_cover,valid_in,test_in,valid_avg,avg_val,valid_cvar,test_cvar
80,1,80,0.1,1,1,-0.6565235328300167,0.0,-0.639735306362967,0.0,0.002250225,0.0,0.0,0.02903970710405771,0.029039707104056903,-0.8349211248183941,-0.8343541366152226,-0.5805099339459195,-0.555901372446024
