seed,a_seed,nonrob_prob,nonrob_obj,scenario_probs,scenario_obj
70,70,1.0,-428.0964790206813,0.8521109344638755,-394.53091254667476
