seed,a_seed,nonrob_prob,nonrob_obj,scenario_probs,scenario_obj
80,80,1.0,-429.7222145953833,0.8453983395159865,-392.21773025113197
