seed,rho,a_seed,eta,gamma,init_rho,valid_obj,valid_prob,test_obj,test_prob,time,valid_cover,test_cover,valid_in,test_in,valid_avg,avg_val,valid_cvar,test_cvar
40,1,40,0.05,1,1,-0.5766001909822618,0.0,-0.5780852229722987,0.0,0.000682055,0.0,0.0,0.037290438717660794,0.03756308798245594,-0.8113263508269045,-0.8149203541944253,-0.48230297964222973,-0.48871790344163585
