seed,rho,a_seed,eta,gamma,init_rho,valid_obj,valid_prob,test_obj,test_prob,time,valid_cover,test_cover,valid_in,test_in,valid_avg,avg_val,valid_cvar,test_cvar
60,1,60,0.05,1,1,-0.5444847258023675,0.0025,-0.5524564552808979,0.0,0.000820155,0.0,0.0,0.023782097996157946,0.02419832697442709,-0.8161438654896099,-0.8308672356929201,-0.3945427481302926,-0.42685762741809946
