seed,rho,a_seed,eta,gamma,init_rho,valid_obj,valid_prob,test_obj,test_prob,time,valid_cover,test_cover,valid_in,test_in,avg_val
0,1,0,0.1,1,1,-0.3737217455851409,0.0025,-0.3811719195897703,0.0,0.000387853,0.0,0.0,-0.3737217455851409,-0.3811719195897703,-0.8414716030751115
