seed,rho,a_seed,eta,gamma,init_rho,valid_obj,valid_prob,test_obj,test_prob,time,valid_cover,test_cover,valid_in,test_in,avg_val
50,1,50,0.1,1,1,-0.31250600559396363,0.005,-0.3025004045535261,0.005,0.000471983,0.0,0.0,-0.31250600559396363,-0.3025004045535261,-0.7570103857609718
