seed,rho,a_seed,eta,gamma,init_rho,valid_obj,valid_prob,test_obj,test_prob,time,valid_cover,test_cover,valid_in,test_in,avg_val
70,1,70,0.1,1,1,-0.34111652667482656,0.0,-0.3440615947253269,0.003,0.000406392,0.0,0.0,-0.34111652667482656,-0.3440615947253269,-0.8027588706654294
