seed,rho,a_seed,eta,gamma,init_rho,valid_obj,valid_prob,test_obj,test_prob,time,valid_cover,test_cover,valid_in,test_in,avg_val
80,1,80,0.1,1,1,-0.30462407636151145,0.0,-0.29971224331131163,0.004,0.000419573,0.0,0.0,-0.30462407636151145,-0.29971224331131163,-0.8100500534937074
