seed,rho,a_seed,eta,gamma,init_rho,valid_obj,valid_prob,test_obj,test_prob,time,valid_cover,test_cover,valid_in,test_in,valid_avg,avg_val,valid_cvar,test_cvar
70,1,70,0.1,1,1,-0.41268584965434374,0.01,-0.5009066259955297,0.004,0.000781038,0.0,0.0,0.07023973071952538,0.07023973071952122,-0.749650492464423,-0.8006800102181166,-0.2221205155766362,-0.3192690016200602
