seed,rho,a_seed,eta,gamma,init_rho,valid_obj,valid_prob,test_obj,test_prob,time,valid_cover,test_cover,valid_in,test_in,valid_avg,avg_val,valid_cvar,test_cvar
20,1,20,0.05,1,1,-0.49653626310538174,0.0025,-0.5104915182155625,0.0,0.00080373,0.0,0.0,0.08617736475669333,0.08617736475669246,-0.7985601961889369,-0.8070111152617272,-0.3415842303472382,-0.3840905057532883
