seed,rho,a_seed,eta,gamma,init_rho,valid_obj,valid_prob,test_obj,test_prob,time,valid_cover,test_cover,valid_in,test_in,valid_avg,avg_val,valid_cvar,test_cvar
30,1,30,0.05,1,1,-0.4380076741614114,0.005,-0.46091642924257725,0.006,0.000777346,0.0,0.0,0.04018314396195082,0.04018314396201003,-0.7894676536398303,-0.8304134575302012,-0.24203164867135257,-0.28777117303723276
