seed,rho,a_seed,eta,gamma,init_rho,valid_obj,valid_prob,test_obj,test_prob,time,valid_cover,test_cover,valid_in,test_in,valid_avg,avg_val,valid_cvar,test_cvar
50,1,50,0.05,1,1,-0.49086682625943134,0.0025,-0.5031823908804417,0.003,0.000719497,0.0,0.0,0.07350945532002795,0.07350945532005491,-0.7876878760327211,-0.7805389719188284,-0.3352971355143857,-0.32830917162139683
