seed,rho,a_seed,eta,gamma,init_rho,valid_obj,valid_prob,test_obj,test_prob,time,valid_cover,test_cover,valid_in,test_in,valid_avg,avg_val,valid_cvar,test_cvar
80,1,80,0.05,1,1,-0.4655681953331543,0.0025,-0.44894123060333985,0.0,0.000762573,0.0,0.0,0.07578159476302611,0.07578159476302623,-0.7952870762558288,-0.8021605617729353,-0.3338092314921694,-0.30004855463790875
