seed,rho,a_seed,eta,gamma,init_rho,valid_obj,valid_prob,test_obj,test_prob,time,valid_cover,test_cover,valid_in,test_in,valid_avg,avg_val,valid_cvar,test_cvar
90,1,90,0.05,1,1,-0.5223575269981857,0.0025,-0.5087733198215175,0.003,0.000863415,0.0,0.0,0.060376251826599836,0.06037625182659691,-0.8290781609524879,-0.8242958271350551,-0.37987870722506717,-0.36954105185561675
